point_id,date,longitude,latitude,displacement_mm,velocity_mm_yr,dem_error_m,gamma,rmse_rad,amplitude_dispersion_index,mean_amplitude,valid_pair_count
25,2018-01-10,-44.177981326163845,-20.065402106717748,-0.0,-62.0,36.0,0.9934322,0.114803776,0.12596866,0.00017885656,32
36,2018-01-10,-44.161892364687866,-20.07708036061869,-0.0,-62.0,40.0,0.9895274,0.14510763,0.16019304,0.00016061729,32
49,2018-01-10,-44.158288437317246,-20.066320621069508,-0.0,-60.0,36.0,0.9677011,0.25603223,0.16889001,0.00021117146,32
51,2018-01-10,-44.1575161671664,-20.08482212444067,-0.0,-60.0,40.0,0.99133533,0.13187632,0.15246536,0.00031897012,32
55,2018-01-10,-44.15597162686471,-20.07904860565818,-0.0,-58.0,40.0,0.99169916,0.12906517,0.17269787,0.00030624378,32
58,2018-01-10,-44.1591894191599,-20.06592697206161,-0.0,-64.0,40.0,0.9866735,0.1637098,0.16357863,0.00016910466,32
60,2018-01-10,-44.158417149009054,-20.066714270077405,-0.0,-60.0,32.0,0.9606683,0.28429142,0.16295098,0.00027915908,32
70,2018-01-10,-44.15558549178928,-20.073143870539724,-0.0,-58.0,40.0,0.98207843,0.1903084,0.16551217,0.00015617402,32
72,2018-01-10,-44.161892364687866,-20.076817927946763,-0.0,-60.0,40.0,0.98664135,0.16406055,0.17289028,0.00018321899,32
77,2018-01-10,-44.15558549178928,-20.073143870539724,-0.0,-60.0,40.0,0.9936751,0.11267752,0.17115304,0.0002308823,32
78,2018-01-10,-44.16176365299606,-20.07708036061869,-0.0,-62.0,40.0,0.98854494,0.15176974,0.17172363,0.0001721688,32
79,2018-01-10,-44.177981326163845,-20.065533323053717,-0.0,-62.0,36.0,0.9964764,0.08401511,0.16623512,0.00018862613,32
86,2018-01-10,-44.157130032090976,-20.07235657252393,-0.0,-60.0,36.0,0.99061596,0.13728343,0.15821503,0.00026863083,32
87,2018-01-10,-44.15365481641216,-20.08364117741698,-0.0,-62.0,40.0,0.9950991,0.0991742,0.17583664,0.00029401673,32
92,2018-01-10,-44.15365481641216,-20.08364117741698,-0.0,-62.0,40.0,0.99385124,0.11107637,0.1650057,0.00031562397,32
101,2018-01-10,-44.157130032090976,-20.07235657252393,-0.0,-60.0,36.0,0.98830754,0.15364271,0.16259168,0.0002030594,32
102,2018-01-10,-44.1575161671664,-20.08482212444067,-0.0,-60.0,36.0,0.9933006,0.11592739,0.16052273,0.0002825142,32
106,2018-01-10,-44.158288437317246,-20.066320621069508,-0.0,-60.0,40.0,0.96672195,0.260466,0.17711703,0.00022746764,32
107,2018-01-10,-44.150050889041545,-20.0858718551284,-0.0,-62.0,32.0,0.9972439,0.07430704,0.17113066,0.00025208955,32
108,2018-01-10,-44.095348420023214,-20.095581863989857,-0.0,-26.0,-4.0,0.9112881,0.43588206,0.17609175,0.00035253962,32
109,2018-01-10,-44.15815972562544,-20.068026433437065,-0.0,-60.0,40.0,0.92887574,0.38277623,0.18616179,0.00031713524,32
111,2018-01-10,-44.15558549178928,-20.073143870539724,-0.0,-58.0,40.0,0.9956475,0.093374655,0.16038811,0.00014709214,32
116,2018-01-10,-44.15597162686471,-20.07904860565818,-0.0,-60.0,40.0,0.98307085,0.18469657,0.19299243,0.00018906631,32
120,2018-01-10,-44.15442708656301,-20.0717004908441,-0.0,-60.0,40.0,0.98103976,0.19561706,0.18038051,0.0002138021,32
122,2018-01-10,-44.177981326163845,-20.065402106717748,-0.0,-62.0,36.0,0.9920553,0.12631515,0.16516092,0.00013893403,32
124,2018-01-10,-44.16768439081922,-20.071831707180067,-0.0,-58.0,40.0,0.9844347,0.17712511,0.16961817,0.00019569618,32
125,2018-01-10,-44.09316032126248,-20.103192411475867,-0.0,-30.0,-28.0,0.9221537,0.4055343,0.18537693,0.00026284982,32
135,2018-01-10,-44.1575161671664,-20.08482212444067,-0.0,-60.0,40.0,0.9926844,0.12122337,0.17335667,0.00032299763,32
166,2018-01-10,-44.16227849976329,-20.07301265420376,-0.0,-60.0,40.0,0.9948693,0.10141454,0.17611928,0.0002781563,32
169,2018-01-10,-44.15906070746809,-20.06592697206161,-0.0,-62.0,36.0,0.96458185,0.26856968,0.1896261,7.7959645e-05,32
183,2018-01-10,-44.161892364687866,-20.07721157695466,-0.0,-60.0,40.0,0.98572654,0.16954353,0.20472775,0.00016644613,32
184,2018-01-10,-44.14914990719889,-20.083509961081013,-0.0,-62.0,24.0,0.92275953,0.39962417,0.18632154,0.00019650752,32
192,2018-01-10,-44.15558549178928,-20.073143870539724,-0.0,-58.0,36.0,0.96856844,0.2538515,0.20102504,0.00022607588,32
208,2018-01-10,-44.09547713171502,-20.096631594677586,-0.0,-16.0,-28.0,0.8838611,0.4968438,0.19951294,0.00028506762,32
209,2018-01-10,-44.09573455509864,-20.104242142163592,-0.0,-30.0,-32.0,0.99192834,0.12720996,0.20155519,0.00028709535,32
211,2018-01-10,-44.14824892535624,-20.08482212444067,-0.0,-62.0,36.0,0.97233886,0.23678724,0.1985304,0.00017741922,32
227,2018-01-10,-44.15172414103505,-20.083772393752945,-0.0,-62.0,40.0,0.9442581,0.34013498,0.17343715,0.00015305412,32
230,2018-01-10,-44.1558429151729,-20.078654956650283,-0.0,-58.0,40.0,0.99377,0.11183355,0.20406978,0.00019458176,32
234,2018-01-10,-44.09496228494779,-20.095319431317925,-0.0,-30.0,-20.0,0.933926,0.3708147,0.21000704,0.00035274707,32
235,2018-01-10,-44.1672982557438,-20.07393116855552,-0.0,-60.0,40.0,0.94888365,0.32600248,0.19429739,0.00019437468,32
250,2018-01-10,-44.1558429151729,-20.071831707180067,-0.0,-58.0,36.0,0.9687802,0.25208294,0.20764968,0.00012654542,32
262,2018-01-10,-44.15558549178928,-20.073143870539724,-0.0,-60.0,40.0,0.9888833,0.14947388,0.214402,0.00019721958,32
279,2018-01-10,-44.15378352810397,-20.08390361008891,-0.0,-62.0,40.0,0.9593733,0.28800502,0.1987492,0.00014123438,32
292,2018-01-10,-44.09277418618706,-20.09308875360651,-0.0,-62.0,-40.0,0.94386774,0.3385104,0.2108965,0.00015072811,32
294,2018-01-10,-44.150050889041545,-20.0858718551284,-0.0,-62.0,40.0,0.99573416,0.09243322,0.20145847,0.00022659368,32
297,2018-01-10,-44.1509518708842,-20.07445603389938,-0.0,-62.0,40.0,0.91531914,0.42315394,0.18903947,0.000473964,32
298,2018-01-10,-44.09573455509864,-20.104110925827623,-0.0,-32.0,-32.0,0.9713802,0.24072301,0.20770803,0.00019924583,32
302,2018-01-10,-44.1509518708842,-20.07445603389938,-0.0,-64.0,40.0,0.9010573,0.46399283,0.19030711,0.00030566705,32
307,2018-01-10,-44.15558549178928,-20.073143870539724,-0.0,-60.0,36.0,0.94426954,0.33953795,0.21462357,0.0001921205,32
322,2018-01-10,-44.16150622961244,-20.065533323053717,-0.0,-58.0,32.0,0.9559043,0.30019727,0.20587029,0.00021429466,32
326,2018-01-10,-44.158417149009054,-20.066714270077405,-0.0,-60.0,28.0,0.92922074,0.38275728,0.21405818,0.00021434038,32
334,2018-01-10,-44.14824892535624,-20.08482212444067,-0.0,-64.0,36.0,0.9591197,0.28854805,0.20624818,0.00011566065,32
341,2018-01-10,-44.093417744646096,-20.094138484294238,-0.0,-30.0,0.0,0.9271192,0.38806647,0.20293237,0.00020528595,32
342,2018-01-10,-44.09573455509864,-20.104110925827623,-0.0,-28.0,-32.0,0.967172,0.2586741,0.21095438,0.00017666417,32
343,2018-01-10,-44.094704861564175,-20.094663349638097,-0.0,-30.0,-12.0,0.9320163,0.37439924,0.20520887,0.00024680147,32
350,2018-01-10,-44.15494193333024,-20.07143805817217,-0.0,-60.0,32.0,0.9771433,0.21485306,0.2082436,0.000101412086,32
351,2018-01-10,-44.15365481641216,-20.083509961081013,-0.0,-62.0,40.0,0.99176425,0.12863493,0.1975397,0.00024892512,32
354,2018-01-10,-44.095219708331406,-20.10188024811621,-0.0,-34.0,-40.0,0.85031635,0.56276417,0.19688289,0.0001462547,32
355,2018-01-10,-44.14721923182177,-20.07944225466608,-0.0,-62.0,40.0,0.9097379,0.4362786,0.20008743,0.0001692326,32
358,2018-01-10,-44.161892364687866,-20.076817927946763,-0.0,-60.0,40.0,0.97885114,0.2066355,0.2046915,0.00012147129,32
365,2018-01-10,-44.09483357325598,-20.095975512997757,-0.0,-16.0,-16.0,0.87048537,0.5251366,0.2145026,0.00022786683,32
371,2018-01-10,-44.16150622961244,-20.065533323053717,-0.0,-58.0,36.0,0.96249855,0.27732918,0.21806788,0.00021408769,32
372,2018-01-10,-44.156615185323744,-20.07235657252393,-0.0,-60.0,40.0,0.98747224,0.15874347,0.22571152,0.00016332245,32
376,2018-01-10,-44.177981326163845,-20.065533323053717,-0.0,-64.0,40.0,0.98931545,0.14667082,0.2060611,0.0001226925,32
428,2018-01-10,-44.095348420023214,-20.099255921396896,-0.0,-34.0,-20.0,0.8599175,0.5520587,0.21099286,0.00021701,32
445,2018-01-10,-44.15030831242516,-20.084690908104704,-0.0,-62.0,40.0,0.9537714,0.31028697,0.19998807,0.00011961138,32
451,2018-01-10,-44.095348420023214,-20.09269510459861,-0.0,-50.0,-32.0,0.89500684,0.4699368,0.21193483,0.000103801125,32
452,2018-01-10,-44.1624072114551,-20.06658305374144,-0.0,-60.0,36.0,0.99999905,0.0013166264,0.18705474,0.00012239197,32
454,2018-01-10,-44.161892364687866,-20.07721157695466,-0.0,-60.0,40.0,0.98762494,0.15781839,0.21329112,0.000108521395,32
462,2018-01-10,-44.1492786188907,-20.083772393752945,-0.0,-62.0,36.0,0.9009371,0.45448023,0.21690197,0.00015435196,32
468,2018-01-10,-44.16768439081922,-20.071831707180067,-0.0,-58.0,40.0,0.99912137,0.041926306,0.1979922,0.00025140448,32
469,2018-01-10,-44.156615185323744,-20.07235657252393,-0.0,-62.0,40.0,0.9884701,0.15216252,0.21888806,0.00014295946,32
475,2018-01-10,-44.16150622961244,-20.06684548641337,-0.0,-60.0,40.0,0.9333956,0.37320685,0.20200405,0.00019318266,32
480,2018-01-10,-44.09573455509864,-20.10437335849956,-0.0,-30.0,-28.0,0.97603565,0.21994607,0.22386426,0.00023246644,32
489,2018-01-10,-44.15378352810397,-20.0854782061205,-0.0,-60.0,36.0,0.98614484,0.16707681,0.22113495,0.00015665224,32
498,2018-01-10,-44.16202107637967,-20.07760522596256,-0.0,-60.0,40.0,0.9739393,0.22963941,0.22176117,0.00018630472,32
515,2018-01-10,-44.177981326163845,-20.065533323053717,-0.0,-62.0,40.0,0.99098617,0.13457483,0.22828959,0.00014239682,32
517,2018-01-10,-44.16137751792064,-20.071044409164276,-0.0,-58.0,40.0,0.9873319,0.16011351,0.20574138,0.000113239825,32
518,2018-01-10,-44.16202107637967,-20.07760522596256,-0.0,-60.0,36.0,0.9819957,0.19045453,0.2204059,0.00024409748,32
520,2018-01-10,-44.14992217734974,-20.08692158581612,-0.0,-60.0,32.0,0.9329311,0.37142602,0.22161011,0.00016959709,32
533,2018-01-10,-44.093546456337904,-20.09361361895037,-0.0,-54.0,-36.0,0.92416435,0.39691073,0.22529994,0.00012681105,32
538,2018-01-10,-44.15468450994663,-20.07904860565818,-0.0,-60.0,40.0,0.9603823,0.28433818,0.2098461,7.573011e-05,32
547,2018-01-10,-44.1509518708842,-20.07432481756341,-0.0,-62.0,40.0,0.90768754,0.43956012,0.21304497,0.00048326713,32
551,2018-01-10,-44.09431872648875,-20.09361361895037,-0.0,-60.0,-40.0,0.9269395,0.38688326,0.22368047,8.363042e-05,32
573,2018-01-10,-44.09715038370853,-20.10437335849956,-0.0,-26.0,-40.0,0.981993,0.19041304,0.21994461,0.00020242653,32
591,2018-01-10,-44.09637811355768,-20.10476700750745,-0.0,-28.0,-28.0,0.88030064,0.50150853,0.24380408,0.00016093155,32
595,2018-01-10,-44.09277418618706,-20.09308875360651,-0.0,-60.0,-36.0,0.9506957,0.31798822,0.22435091,0.00015162292,32
597,2018-01-10,-44.094704861564175,-20.09361361895037,-0.0,-56.0,-40.0,0.9236856,0.39662957,0.221461,0.00016114896,32
617,2018-01-10,-44.095348420023214,-20.095581863989857,-0.0,-28.0,-12.0,0.91071886,0.43331236,0.20454994,0.00030632524,32
621,2018-01-10,-44.095348420023214,-20.095581863989857,-0.0,-30.0,-16.0,0.919275,0.40785578,0.221529,0.00037647443,32
631,2018-01-10,-44.150050889041545,-20.08574063879243,-0.0,-62.0,32.0,0.96217763,0.27867618,0.2173203,0.00012443759,32
632,2018-01-10,-44.158417149009054,-20.066714270077405,-0.0,-62.0,32.0,0.9420799,0.3442246,0.21013477,0.0001555898,32
639,2018-01-10,-44.14721923182177,-20.07944225466608,-0.0,-62.0,40.0,0.9141801,0.42269146,0.23625557,0.00014431524,32
642,2018-01-10,-44.093417744646096,-20.09361361895037,-0.0,-50.0,-32.0,0.95720506,0.29472056,0.22483774,0.00017313514,32
659,2018-01-10,-44.09316032126248,-20.093876051622303,-0.0,-26.0,0.0,0.9202357,0.41621837,0.23191184,0.0004714754,32
666,2018-01-10,-44.09612069017406,-20.098599839717068,-0.0,-32.0,-20.0,0.8369649,0.59542996,0.22777635,0.00024879372,32
674,2018-01-10,-44.15803101393363,-20.068026433437065,-0.0,-60.0,40.0,0.9488301,0.32394177,0.21363357,0.00017669244,32
687,2018-01-10,-44.095348420023214,-20.095844296661788,-0.0,-26.0,-12.0,0.9264778,0.39259818,0.2429174,0.0003334301,32
689,2018-01-10,-44.094704861564175,-20.102273897124107,-0.0,-40.0,-24.0,0.8999888,0.45509607,0.22149613,0.00017279296,32
699,2018-01-10,-44.09277418618706,-20.092957537270543,-0.0,-60.0,-36.0,0.8248223,0.62379014,0.22112992,0.00010524349,32
704,2018-01-10,-44.16227849976329,-20.07301265420376,-0.0,-60.0,40.0,0.9730441,0.23360339,0.21389751,0.00015998124,32
738,2018-01-10,-44.16137751792064,-20.071044409164276,-0.0,-58.0,40.0,0.9537537,0.30705687,0.21450779,8.5356805e-05,32
743,2018-01-10,-44.095219708331406,-20.10292997880393,-0.0,-34.0,-32.0,0.963839,0.27309382,0.2487394,0.00023321668,32
748,2018-01-10,-44.1672982557438,-20.073799952219552,-0.0,-60.0,40.0,0.9394868,0.35379896,0.2385987,0.00016835134,32
749,2018-01-10,-44.15970426592713,-20.064614808701958,-0.0,-60.0,36.0,0.9923783,0.1236501,0.23288263,0.00010213836,32
753,2018-01-10,-44.09444743818056,-20.09453213330213,-0.0,-30.0,4.0,0.93633944,0.3616963,0.24223724,0.0002814164,32
772,2018-01-10,-44.093546456337904,-20.094400916966165,-0.0,-26.0,12.0,0.9233013,0.3976936,0.23818585,0.00025641994,32
778,2018-01-10,-44.14824892535624,-20.084690908104704,-0.0,-64.0,40.0,0.993268,0.11620175,0.217038,0.000119338845,32
781,2018-01-10,-44.09277418618706,-20.092957537270543,-0.0,-64.0,-40.0,0.9240293,0.3957767,0.23231132,0.00016137642,32
785,2018-01-10,-44.15648647363194,-20.07655549527483,-0.0,-58.0,32.0,0.947436,0.32984012,0.24211547,8.705073e-05,32
795,2018-01-10,-44.09740780709214,-20.10463579117149,-0.0,-30.0,-40.0,0.8850024,0.53440773,0.22723202,0.0001532011,32
800,2018-01-10,-44.1674269674356,-20.07432481756341,-0.0,-60.0,40.0,0.99912155,0.04192622,0.23580386,0.00012518003,32
809,2018-01-10,-44.16163494130425,-20.076817927946763,-0.0,-60.0,40.0,0.9765173,0.21793333,0.2365612,0.00012580244,32
810,2018-01-10,-44.15906070746809,-20.06566453938968,-0.0,-64.0,40.0,0.9807913,0.19675484,0.22297284,0.00012886837,32
812,2018-01-10,-44.09612069017406,-20.10463579117149,-0.0,-32.0,-28.0,0.9810543,0.19555587,0.24058457,0.00018460231,32
815,2018-01-10,-44.09290289787887,-20.09361361895037,-0.0,-34.0,-32.0,0.9477484,0.3269546,0.24155085,0.00027799365,32
817,2018-01-10,-44.15326868133674,-20.081935365049425,-0.0,-60.0,40.0,0.97455287,0.22695863,0.23753211,0.00013418394,32
819,2018-01-10,-44.15391223979578,-20.07025711114848,-0.0,-58.0,40.0,0.96879125,0.251771,0.22422275,0.00012923428,32
826,2018-01-10,-44.09573455509864,-20.100436868420587,-0.0,-40.0,-32.0,0.85571986,0.5583373,0.24542302,0.00029766848,32
839,2018-01-10,-44.1541696631794,-20.07983590367397,-0.0,-60.0,40.0,0.9838538,0.18029623,0.23935002,0.00027133914,32
842,2018-01-10,-44.161892364687866,-20.07708036061869,-0.0,-62.0,36.0,0.98912096,0.14776096,0.22787876,9.263296e-05,32
843,2018-01-10,-44.09715038370853,-20.098731056053037,-0.0,-42.0,-16.0,0.8399253,0.5894708,0.22958055,0.00012341807,32
849,2018-01-10,-44.09689296032491,-20.098862272389,-0.0,-40.0,-16.0,0.8082655,0.64302075,0.23864205,0.00013250821,32
878,2018-01-10,-44.15532806840567,-20.07944225466608,-0.0,-60.0,40.0,0.98164153,0.19241036,0.24028865,0.00024076854,32
879,2018-01-10,-44.15172414103505,-20.083772393752945,-0.0,-62.0,40.0,0.94224805,0.34635422,0.23466736,0.00017846754,32
881,2018-01-10,-44.09727909540033,-20.098731056053037,-0.0,-40.0,-16.0,0.8462761,0.57560474,0.22890337,7.089602e-05,32
902,2018-01-10,-44.09135835757717,-20.090201994215263,-0.0,-54.0,-32.0,0.9236139,0.3990633,0.23943725,0.00012808619,32
917,2018-01-10,-44.0917444926526,-20.09164537391089,-0.0,-66.0,-28.0,0.8399489,0.58606946,0.23359168,6.524553e-05,32
922,2018-01-10,-44.095863266790445,-20.09702524368548,-0.0,-32.0,-16.0,0.8334973,0.6023138,0.22462654,0.00019463511,32
953,2018-01-10,-44.09715038370853,-20.098862272389,-0.0,-42.0,-12.0,0.81594616,0.6319421,0.22483456,0.00016212075,32
988,2018-01-10,-44.1591894191599,-20.06592697206161,-0.0,-64.0,36.0,0.9466307,0.33186823,0.23593827,9.492854e-05,32
991,2018-01-10,-44.1575161671664,-20.08482212444067,-0.0,-60.0,40.0,0.9994936,0.03182455,0.23950803,0.00027012592,32
1001,2018-01-10,-44.161892364687866,-20.076817927946763,-0.0,-64.0,32.0,0.96615434,0.26191953,0.23441048,8.023096e-05,32
1002,2018-01-10,-44.09444743818056,-20.09492578231003,-0.0,-34.0,-32.0,1.0,0.00039513933,0.22878867,0.00025367626,32
1010,2018-01-10,-44.15365481641216,-20.083509961081013,-0.0,-62.0,40.0,0.99335134,0.11545927,0.23778822,0.00019389139,32
1020,2018-01-10,-44.16292205822233,-20.072094139852,-0.0,-60.0,40.0,0.91512394,0.41756633,0.24028625,0.0001782693,32
1034,2018-01-10,-44.16202107637967,-20.07721157695466,-0.0,-60.0,40.0,0.981273,0.1944176,0.24814238,0.00010865971,32
1040,2018-01-10,-44.161892364687866,-20.07721157695466,-0.0,-60.0,40.0,0.96591824,0.26365894,0.2468073,0.00010343269,32
1050,2018-01-10,-44.09457614987237,-20.102405113460076,-0.0,-38.0,-36.0,0.93953866,0.35215226,0.24512702,0.00030498733,32
1070,2018-01-10,-44.1575161671664,-20.08482212444067,-0.0,-60.0,36.0,0.96219236,0.28010356,0.23884472,0.00017387042,32
1072,2018-01-10,-44.0917444926526,-20.09164537391089,-0.0,-64.0,-36.0,0.91248626,0.42968604,0.23979232,7.8801335e-05,32
1076,2018-01-10,-44.15880328408448,-20.06592697206161,-0.0,-60.0,40.0,0.93656856,0.36525702,0.23667216,7.3392395e-05,32
1079,2018-01-10,-44.15391223979578,-20.07025711114848,-0.0,-60.0,40.0,0.9695847,0.24850449,0.24799877,9.992429e-05,32
1091,2018-01-10,-44.158417149009054,-20.0850845571126,-0.0,-58.0,36.0,0.8887288,0.4815745,0.24550791,0.00012143039,32
1092,2018-01-10,-44.1509518708842,-20.07432481756341,-0.0,-64.0,40.0,0.87775964,0.53542435,0.2352003,0.00030330935,32
1099,2018-01-10,-44.093546456337904,-20.09361361895037,-0.0,-52.0,-36.0,0.8961929,0.46807668,0.23183072,0.00010412827,32
1102,2018-01-10,-44.16292205822233,-20.072094139852,-0.0,-60.0,40.0,0.91454065,0.42063314,0.23443252,0.00013330363,32
1108,2018-01-10,-44.14734794351358,-20.07878617298625,-0.0,-60.0,40.0,0.99970615,0.02424301,0.23583807,8.263391e-05,32
1117,2018-01-10,-44.16768439081922,-20.071831707180067,-0.0,-58.0,36.0,0.981466,0.19336696,0.22862582,0.0001814576,32
1127,2018-01-10,-44.09264547449525,-20.09308875360651,-0.0,-62.0,-40.0,0.8971481,0.47378388,0.23896502,0.00011133063,32
1146,2018-01-10,-44.16034782438617,-20.068813731452856,-0.0,-56.0,40.0,0.9864666,0.1649596,0.24976282,0.00036398857,32
1153,2018-01-10,-44.150050889041545,-20.0858718551284,-0.0,-62.0,36.0,0.99220043,0.1250837,0.2397805,0.00020716414,32
1155,2018-01-10,-44.09444743818056,-20.102011464452172,-0.0,-34.0,-40.0,0.92435986,0.39511356,0.23405898,0.00023943702,32
1159,2018-01-10,-44.093546456337904,-20.09400726795827,-0.0,-28.0,0.0,0.9480586,0.3266401,0.24105251,0.00034425358,32
1163,2018-01-10,-44.09766523047576,-20.105029440179383,-0.0,-28.0,-40.0,0.9311042,0.37839893,0.24166062,0.0001920892,32
1174,2018-01-10,-44.095219708331406,-20.102011464452172,-0.0,-36.0,-40.0,0.9113488,0.42841828,0.24216647,0.00012990848,32
1181,2018-01-10,-44.09161578096079,-20.093219969942474,-0.0,-28.0,-8.0,0.8859077,0.49635297,0.23633368,0.00021885987,32
1189,2018-01-10,-44.09715038370853,-20.098731056053037,-0.0,-42.0,-16.0,0.8359385,0.6007249,0.24258535,0.00012660914,32
1191,2018-01-10,-44.095219708331406,-20.095844296661788,-0.0,-28.0,-12.0,0.8651284,0.5359111,0.24847127,0.00020080352,32
1197,2018-01-10,-44.16214978807148,-20.07616184626693,-0.0,-60.0,40.0,0.9665673,0.26143262,0.24416661,0.00011817686,32
1204,2018-01-10,-44.093546456337904,-20.094400916966165,-0.0,-26.0,0.0,0.93913746,0.35383812,0.24792047,0.0003644777,32
1217,2018-01-10,-44.16202107637967,-20.074718466571312,-0.0,-58.0,40.0,0.9690986,0.2505538,0.24575986,9.5118936e-05,32
1231,2018-01-10,-44.14992217734974,-20.08692158581612,-0.0,-60.0,32.0,0.9371452,0.3654364,0.24572617,0.00011899009,32
1247,2018-01-10,-44.094704861564175,-20.094663349638097,-0.0,-30.0,-12.0,0.9238721,0.39515322,0.2348293,0.00022071703,32
1251,2018-01-10,-44.09251676280344,-20.093219969942474,-0.0,-48.0,-36.0,0.89386845,0.4703759,0.24224225,0.00015514281,32
1256,2018-01-10,-44.09483357325598,-20.093219969942474,-0.0,-52.0,-40.0,0.86129993,0.54238904,0.24783906,0.0001059604,32
1259,2018-01-10,-44.16227849976329,-20.072881437867792,-0.0,-60.0,40.0,0.9829678,0.18534474,0.24443871,0.00014352797,32
1260,2018-01-10,-44.15481322163844,-20.071044409164276,-0.0,-60.0,32.0,0.9734008,0.23258153,0.23211527,0.00010914595,32
1289,2018-01-10,-44.1541696631794,-20.07983590367397,-0.0,-60.0,40.0,0.9900696,0.14119089,0.24933314,0.00012980548,32
1290,2018-01-10,-44.095219708331406,-20.095319431317925,-0.0,-28.0,-4.0,0.9366193,0.3611681,0.23686811,0.0001664893,32
1291,2018-01-10,-44.094704861564175,-20.09361361895037,-0.0,-54.0,-40.0,0.8996914,0.4565308,0.2475767,0.00012423437,32
1292,2018-01-10,-44.09303160957067,-20.09335118627844,-0.0,-52.0,-36.0,0.9403788,0.35013777,0.23605238,0.00015071555,32
1305,2018-01-10,-44.09715038370853,-20.098862272389,-0.0,-42.0,-8.0,0.83434314,0.59625983,0.23497155,0.00011737869,32
1313,2018-01-10,-44.1558429151729,-20.07340630321165,-0.0,-60.0,40.0,0.9211648,0.4038228,0.23622842,0.00013031399,32
1329,2018-01-10,-44.1509518708842,-20.07445603389938,-0.0,-62.0,40.0,0.91050994,0.4318001,0.2425376,0.00029912443,32
25,2018-01-22,-44.177981326163845,-20.065402106717748,-0.0,-62.0,36.0,0.9934322,0.114803776,0.12596866,0.00017885656,32
36,2018-01-22,-44.161892364687866,-20.07708036061869,-0.0,-62.0,40.0,0.9895274,0.14510763,0.16019304,0.00016061729,32
49,2018-01-22,-44.158288437317246,-20.066320621069508,-0.0,-60.0,36.0,0.9677011,0.25603223,0.16889001,0.00021117146,32
51,2018-01-22,-44.1575161671664,-20.08482212444067,-0.0,-60.0,40.0,0.99133533,0.13187632,0.15246536,0.00031897012,32
55,2018-01-22,-44.15597162686471,-20.07904860565818,-0.0,-58.0,40.0,0.99169916,0.12906517,0.17269787,0.00030624378,32
58,2018-01-22,-44.1591894191599,-20.06592697206161,-0.0,-64.0,40.0,0.9866735,0.1637098,0.16357863,0.00016910466,32
60,2018-01-22,-44.158417149009054,-20.066714270077405,-0.0,-60.0,32.0,0.9606683,0.28429142,0.16295098,0.00027915908,32
70,2018-01-22,-44.15558549178928,-20.073143870539724,-0.0,-58.0,40.0,0.98207843,0.1903084,0.16551217,0.00015617402,32
72,2018-01-22,-44.161892364687866,-20.076817927946763,-0.0,-60.0,40.0,0.98664135,0.16406055,0.17289028,0.00018321899,32
77,2018-01-22,-44.15558549178928,-20.073143870539724,-0.0,-60.0,40.0,0.9936751,0.11267752,0.17115304,0.0002308823,32
78,2018-01-22,-44.16176365299606,-20.07708036061869,-0.0,-62.0,40.0,0.98854494,0.15176974,0.17172363,0.0001721688,32
79,2018-01-22,-44.177981326163845,-20.065533323053717,-0.0,-62.0,36.0,0.9964764,0.08401511,0.16623512,0.00018862613,32
86,2018-01-22,-44.157130032090976,-20.07235657252393,-0.0,-60.0,36.0,0.99061596,0.13728343,0.15821503,0.00026863083,32
87,2018-01-22,-44.15365481641216,-20.08364117741698,-0.0,-62.0,40.0,0.9950991,0.0991742,0.17583664,0.00029401673,32
92,2018-01-22,-44.15365481641216,-20.08364117741698,-0.0,-62.0,40.0,0.99385124,0.11107637,0.1650057,0.00031562397,32
101,2018-01-22,-44.157130032090976,-20.07235657252393,-0.0,-60.0,36.0,0.98830754,0.15364271,0.16259168,0.0002030594,32
102,2018-01-22,-44.1575161671664,-20.08482212444067,-0.0,-60.0,36.0,0.9933006,0.11592739,0.16052273,0.0002825142,32
106,2018-01-22,-44.158288437317246,-20.066320621069508,-0.0,-60.0,40.0,0.96672195,0.260466,0.17711703,0.00022746764,32
107,2018-01-22,-44.150050889041545,-20.0858718551284,-0.0,-62.0,32.0,0.9972439,0.07430704,0.17113066,0.00025208955,32
108,2018-01-22,-44.095348420023214,-20.095581863989857,-0.0,-26.0,-4.0,0.9112881,0.43588206,0.17609175,0.00035253962,32
109,2018-01-22,-44.15815972562544,-20.068026433437065,-0.0,-60.0,40.0,0.92887574,0.38277623,0.18616179,0.00031713524,32
111,2018-01-22,-44.15558549178928,-20.073143870539724,-0.0,-58.0,40.0,0.9956475,0.093374655,0.16038811,0.00014709214,32
116,2018-01-22,-44.15597162686471,-20.07904860565818,-0.0,-60.0,40.0,0.98307085,0.18469657,0.19299243,0.00018906631,32
120,2018-01-22,-44.15442708656301,-20.0717004908441,-0.0,-60.0,40.0,0.98103976,0.19561706,0.18038051,0.0002138021,32
122,2018-01-22,-44.177981326163845,-20.065402106717748,-0.0,-62.0,36.0,0.9920553,0.12631515,0.16516092,0.00013893403,32
124,2018-01-22,-44.16768439081922,-20.071831707180067,-0.0,-58.0,40.0,0.9844347,0.17712511,0.16961817,0.00019569618,32
125,2018-01-22,-44.09316032126248,-20.103192411475867,-0.0,-30.0,-28.0,0.9221537,0.4055343,0.18537693,0.00026284982,32
135,2018-01-22,-44.1575161671664,-20.08482212444067,-0.0,-60.0,40.0,0.9926844,0.12122337,0.17335667,0.00032299763,32
166,2018-01-22,-44.16227849976329,-20.07301265420376,-0.0,-60.0,40.0,0.9948693,0.10141454,0.17611928,0.0002781563,32
169,2018-01-22,-44.15906070746809,-20.06592697206161,-0.0,-62.0,36.0,0.96458185,0.26856968,0.1896261,7.7959645e-05,32
183,2018-01-22,-44.161892364687866,-20.07721157695466,-0.0,-60.0,40.0,0.98572654,0.16954353,0.20472775,0.00016644613,32
184,2018-01-22,-44.14914990719889,-20.083509961081013,-0.0,-62.0,24.0,0.92275953,0.39962417,0.18632154,0.00019650752,32
192,2018-01-22,-44.15558549178928,-20.073143870539724,-0.0,-58.0,36.0,0.96856844,0.2538515,0.20102504,0.00022607588,32
208,2018-01-22,-44.09547713171502,-20.096631594677586,-0.0,-16.0,-28.0,0.8838611,0.4968438,0.19951294,0.00028506762,32
209,2018-01-22,-44.09573455509864,-20.104242142163592,-0.0,-30.0,-32.0,0.99192834,0.12720996,0.20155519,0.00028709535,32
211,2018-01-22,-44.14824892535624,-20.08482212444067,-0.0,-62.0,36.0,0.97233886,0.23678724,0.1985304,0.00017741922,32
227,2018-01-22,-44.15172414103505,-20.083772393752945,-0.0,-62.0,40.0,0.9442581,0.34013498,0.17343715,0.00015305412,32
230,2018-01-22,-44.1558429151729,-20.078654956650283,-0.0,-58.0,40.0,0.99377,0.11183355,0.20406978,0.00019458176,32
234,2018-01-22,-44.09496228494779,-20.095319431317925,-0.0,-30.0,-20.0,0.933926,0.3708147,0.21000704,0.00035274707,32
235,2018-01-22,-44.1672982557438,-20.07393116855552,-0.0,-60.0,40.0,0.94888365,0.32600248,0.19429739,0.00019437468,32
250,2018-01-22,-44.1558429151729,-20.071831707180067,-0.0,-58.0,36.0,0.9687802,0.25208294,0.20764968,0.00012654542,32
262,2018-01-22,-44.15558549178928,-20.073143870539724,-0.0,-60.0,40.0,0.9888833,0.14947388,0.214402,0.00019721958,32
279,2018-01-22,-44.15378352810397,-20.08390361008891,-0.0,-62.0,40.0,0.9593733,0.28800502,0.1987492,0.00014123438,32
292,2018-01-22,-44.09277418618706,-20.09308875360651,-0.0,-62.0,-40.0,0.94386774,0.3385104,0.2108965,0.00015072811,32
294,2018-01-22,-44.150050889041545,-20.0858718551284,-0.0,-62.0,40.0,0.99573416,0.09243322,0.20145847,0.00022659368,32
297,2018-01-22,-44.1509518708842,-20.07445603389938,-0.0,-62.0,40.0,0.91531914,0.42315394,0.18903947,0.000473964,32
298,2018-01-22,-44.09573455509864,-20.104110925827623,-0.0,-32.0,-32.0,0.9713802,0.24072301,0.20770803,0.00019924583,32
302,2018-01-22,-44.1509518708842,-20.07445603389938,-0.0,-64.0,40.0,0.9010573,0.46399283,0.19030711,0.00030566705,32
307,2018-01-22,-44.15558549178928,-20.073143870539724,-0.0,-60.0,36.0,0.94426954,0.33953795,0.21462357,0.0001921205,32
322,2018-01-22,-44.16150622961244,-20.065533323053717,-0.0,-58.0,32.0,0.9559043,0.30019727,0.20587029,0.00021429466,32
326,2018-01-22,-44.158417149009054,-20.066714270077405,-0.0,-60.0,28.0,0.92922074,0.38275728,0.21405818,0.00021434038,32
334,2018-01-22,-44.14824892535624,-20.08482212444067,-0.0,-64.0,36.0,0.9591197,0.28854805,0.20624818,0.00011566065,32
341,2018-01-22,-44.093417744646096,-20.094138484294238,-0.0,-30.0,0.0,0.9271192,0.38806647,0.20293237,0.00020528595,32
342,2018-01-22,-44.09573455509864,-20.104110925827623,-0.0,-28.0,-32.0,0.967172,0.2586741,0.21095438,0.00017666417,32
343,2018-01-22,-44.094704861564175,-20.094663349638097,-0.0,-30.0,-12.0,0.9320163,0.37439924,0.20520887,0.00024680147,32
350,2018-01-22,-44.15494193333024,-20.07143805817217,-0.0,-60.0,32.0,0.9771433,0.21485306,0.2082436,0.000101412086,32
351,2018-01-22,-44.15365481641216,-20.083509961081013,-0.0,-62.0,40.0,0.99176425,0.12863493,0.1975397,0.00024892512,32
354,2018-01-22,-44.095219708331406,-20.10188024811621,-0.0,-34.0,-40.0,0.85031635,0.56276417,0.19688289,0.0001462547,32
355,2018-01-22,-44.14721923182177,-20.07944225466608,-0.0,-62.0,40.0,0.9097379,0.4362786,0.20008743,0.0001692326,32
358,2018-01-22,-44.161892364687866,-20.076817927946763,-0.0,-60.0,40.0,0.97885114,0.2066355,0.2046915,0.00012147129,32
365,2018-01-22,-44.09483357325598,-20.095975512997757,-0.0,-16.0,-16.0,0.87048537,0.5251366,0.2145026,0.00022786683,32
371,2018-01-22,-44.16150622961244,-20.065533323053717,-0.0,-58.0,36.0,0.96249855,0.27732918,0.21806788,0.00021408769,32
372,2018-01-22,-44.156615185323744,-20.07235657252393,-0.0,-60.0,40.0,0.98747224,0.15874347,0.22571152,0.00016332245,32
376,2018-01-22,-44.177981326163845,-20.065533323053717,-0.0,-64.0,40.0,0.98931545,0.14667082,0.2060611,0.0001226925,32
428,2018-01-22,-44.095348420023214,-20.099255921396896,-0.0,-34.0,-20.0,0.8599175,0.5520587,0.21099286,0.00021701,32
445,2018-01-22,-44.15030831242516,-20.084690908104704,-0.0,-62.0,40.0,0.9537714,0.31028697,0.19998807,0.00011961138,32
451,2018-01-22,-44.095348420023214,-20.09269510459861,-0.0,-50.0,-32.0,0.89500684,0.4699368,0.21193483,0.000103801125,32
452,2018-01-22,-44.1624072114551,-20.06658305374144,-0.0,-60.0,36.0,0.99999905,0.0013166264,0.18705474,0.00012239197,32
454,2018-01-22,-44.161892364687866,-20.07721157695466,-0.0,-60.0,40.0,0.98762494,0.15781839,0.21329112,0.000108521395,32
462,2018-01-22,-44.1492786188907,-20.083772393752945,-0.0,-62.0,36.0,0.9009371,0.45448023,0.21690197,0.00015435196,32
468,2018-01-22,-44.16768439081922,-20.071831707180067,-0.0,-58.0,40.0,0.99912137,0.041926306,0.1979922,0.00025140448,32
469,2018-01-22,-44.156615185323744,-20.07235657252393,-0.0,-62.0,40.0,0.9884701,0.15216252,0.21888806,0.00014295946,32
475,2018-01-22,-44.16150622961244,-20.06684548641337,-0.0,-60.0,40.0,0.9333956,0.37320685,0.20200405,0.00019318266,32
480,2018-01-22,-44.09573455509864,-20.10437335849956,-0.0,-30.0,-28.0,0.97603565,0.21994607,0.22386426,0.00023246644,32
489,2018-01-22,-44.15378352810397,-20.0854782061205,-0.0,-60.0,36.0,0.98614484,0.16707681,0.22113495,0.00015665224,32
498,2018-01-22,-44.16202107637967,-20.07760522596256,-0.0,-60.0,40.0,0.9739393,0.22963941,0.22176117,0.00018630472,32
515,2018-01-22,-44.177981326163845,-20.065533323053717,-0.0,-62.0,40.0,0.99098617,0.13457483,0.22828959,0.00014239682,32
517,2018-01-22,-44.16137751792064,-20.071044409164276,-0.0,-58.0,40.0,0.9873319,0.16011351,0.20574138,0.000113239825,32
518,2018-01-22,-44.16202107637967,-20.07760522596256,-0.0,-60.0,36.0,0.9819957,0.19045453,0.2204059,0.00024409748,32
520,2018-01-22,-44.14992217734974,-20.08692158581612,-0.0,-60.0,32.0,0.9329311,0.37142602,0.22161011,0.00016959709,32
533,2018-01-22,-44.093546456337904,-20.09361361895037,-0.0,-54.0,-36.0,0.92416435,0.39691073,0.22529994,0.00012681105,32
538,2018-01-22,-44.15468450994663,-20.07904860565818,-0.0,-60.0,40.0,0.9603823,0.28433818,0.2098461,7.573011e-05,32
547,2018-01-22,-44.1509518708842,-20.07432481756341,-0.0,-62.0,40.0,0.90768754,0.43956012,0.21304497,0.00048326713,32
551,2018-01-22,-44.09431872648875,-20.09361361895037,-0.0,-60.0,-40.0,0.9269395,0.38688326,0.22368047,8.363042e-05,32
573,2018-01-22,-44.09715038370853,-20.10437335849956,-0.0,-26.0,-40.0,0.981993,0.19041304,0.21994461,0.00020242653,32
591,2018-01-22,-44.09637811355768,-20.10476700750745,-0.0,-28.0,-28.0,0.88030064,0.50150853,0.24380408,0.00016093155,32
595,2018-01-22,-44.09277418618706,-20.09308875360651,-0.0,-60.0,-36.0,0.9506957,0.31798822,0.22435091,0.00015162292,32
597,2018-01-22,-44.094704861564175,-20.09361361895037,-0.0,-56.0,-40.0,0.9236856,0.39662957,0.221461,0.00016114896,32
617,2018-01-22,-44.095348420023214,-20.095581863989857,-0.0,-28.0,-12.0,0.91071886,0.43331236,0.20454994,0.00030632524,32
621,2018-01-22,-44.095348420023214,-20.095581863989857,-0.0,-30.0,-16.0,0.919275,0.40785578,0.221529,0.00037647443,32
631,2018-01-22,-44.150050889041545,-20.08574063879243,-0.0,-62.0,32.0,0.96217763,0.27867618,0.2173203,0.00012443759,32
632,2018-01-22,-44.158417149009054,-20.066714270077405,-0.0,-62.0,32.0,0.9420799,0.3442246,0.21013477,0.0001555898,32
639,2018-01-22,-44.14721923182177,-20.07944225466608,-0.0,-62.0,40.0,0.9141801,0.42269146,0.23625557,0.00014431524,32
642,2018-01-22,-44.093417744646096,-20.09361361895037,-0.0,-50.0,-32.0,0.95720506,0.29472056,0.22483774,0.00017313514,32
659,2018-01-22,-44.09316032126248,-20.093876051622303,-0.0,-26.0,0.0,0.9202357,0.41621837,0.23191184,0.0004714754,32
666,2018-01-22,-44.09612069017406,-20.098599839717068,-0.0,-32.0,-20.0,0.8369649,0.59542996,0.22777635,0.00024879372,32
674,2018-01-22,-44.15803101393363,-20.068026433437065,-0.0,-60.0,40.0,0.9488301,0.32394177,0.21363357,0.00017669244,32
687,2018-01-22,-44.095348420023214,-20.095844296661788,-0.0,-26.0,-12.0,0.9264778,0.39259818,0.2429174,0.0003334301,32
689,2018-01-22,-44.094704861564175,-20.102273897124107,-0.0,-40.0,-24.0,0.8999888,0.45509607,0.22149613,0.00017279296,32
699,2018-01-22,-44.09277418618706,-20.092957537270543,-0.0,-60.0,-36.0,0.8248223,0.62379014,0.22112992,0.00010524349,32
704,2018-01-22,-44.16227849976329,-20.07301265420376,-0.0,-60.0,40.0,0.9730441,0.23360339,0.21389751,0.00015998124,32
738,2018-01-22,-44.16137751792064,-20.071044409164276,-0.0,-58.0,40.0,0.9537537,0.30705687,0.21450779,8.5356805e-05,32
743,2018-01-22,-44.095219708331406,-20.10292997880393,-0.0,-34.0,-32.0,0.963839,0.27309382,0.2487394,0.00023321668,32
748,2018-01-22,-44.1672982557438,-20.073799952219552,-0.0,-60.0,40.0,0.9394868,0.35379896,0.2385987,0.00016835134,32
749,2018-01-22,-44.15970426592713,-20.064614808701958,-0.0,-60.0,36.0,0.9923783,0.1236501,0.23288263,0.00010213836,32
753,2018-01-22,-44.09444743818056,-20.09453213330213,-0.0,-30.0,4.0,0.93633944,0.3616963,0.24223724,0.0002814164,32
772,2018-01-22,-44.093546456337904,-20.094400916966165,-0.0,-26.0,12.0,0.9233013,0.3976936,0.23818585,0.00025641994,32
778,2018-01-22,-44.14824892535624,-20.084690908104704,-0.0,-64.0,40.0,0.993268,0.11620175,0.217038,0.000119338845,32
781,2018-01-22,-44.09277418618706,-20.092957537270543,-0.0,-64.0,-40.0,0.9240293,0.3957767,0.23231132,0.00016137642,32
785,2018-01-22,-44.15648647363194,-20.07655549527483,-0.0,-58.0,32.0,0.947436,0.32984012,0.24211547,8.705073e-05,32
795,2018-01-22,-44.09740780709214,-20.10463579117149,-0.0,-30.0,-40.0,0.8850024,0.53440773,0.22723202,0.0001532011,32
800,2018-01-22,-44.1674269674356,-20.07432481756341,-0.0,-60.0,40.0,0.99912155,0.04192622,0.23580386,0.00012518003,32
809,2018-01-22,-44.16163494130425,-20.076817927946763,-0.0,-60.0,40.0,0.9765173,0.21793333,0.2365612,0.00012580244,32
810,2018-01-22,-44.15906070746809,-20.06566453938968,-0.0,-64.0,40.0,0.9807913,0.19675484,0.22297284,0.00012886837,32
812,2018-01-22,-44.09612069017406,-20.10463579117149,-0.0,-32.0,-28.0,0.9810543,0.19555587,0.24058457,0.00018460231,32
815,2018-01-22,-44.09290289787887,-20.09361361895037,-0.0,-34.0,-32.0,0.9477484,0.3269546,0.24155085,0.00027799365,32
817,2018-01-22,-44.15326868133674,-20.081935365049425,-0.0,-60.0,40.0,0.97455287,0.22695863,0.23753211,0.00013418394,32
819,2018-01-22,-44.15391223979578,-20.07025711114848,-0.0,-58.0,40.0,0.96879125,0.251771,0.22422275,0.00012923428,32
826,2018-01-22,-44.09573455509864,-20.100436868420587,-0.0,-40.0,-32.0,0.85571986,0.5583373,0.24542302,0.00029766848,32
839,2018-01-22,-44.1541696631794,-20.07983590367397,-0.0,-60.0,40.0,0.9838538,0.18029623,0.23935002,0.00027133914,32
842,2018-01-22,-44.161892364687866,-20.07708036061869,-0.0,-62.0,36.0,0.98912096,0.14776096,0.22787876,9.263296e-05,32
843,2018-01-22,-44.09715038370853,-20.098731056053037,-0.0,-42.0,-16.0,0.8399253,0.5894708,0.22958055,0.00012341807,32
849,2018-01-22,-44.09689296032491,-20.098862272389,-0.0,-40.0,-16.0,0.8082655,0.64302075,0.23864205,0.00013250821,32
878,2018-01-22,-44.15532806840567,-20.07944225466608,-0.0,-60.0,40.0,0.98164153,0.19241036,0.24028865,0.00024076854,32
879,2018-01-22,-44.15172414103505,-20.083772393752945,-0.0,-62.0,40.0,0.94224805,0.34635422,0.23466736,0.00017846754,32
881,2018-01-22,-44.09727909540033,-20.098731056053037,-0.0,-40.0,-16.0,0.8462761,0.57560474,0.22890337,7.089602e-05,32
902,2018-01-22,-44.09135835757717,-20.090201994215263,-0.0,-54.0,-32.0,0.9236139,0.3990633,0.23943725,0.00012808619,32
917,2018-01-22,-44.0917444926526,-20.09164537391089,-0.0,-66.0,-28.0,0.8399489,0.58606946,0.23359168,6.524553e-05,32
922,2018-01-22,-44.095863266790445,-20.09702524368548,-0.0,-32.0,-16.0,0.8334973,0.6023138,0.22462654,0.00019463511,32
953,2018-01-22,-44.09715038370853,-20.098862272389,-0.0,-42.0,-12.0,0.81594616,0.6319421,0.22483456,0.00016212075,32
988,2018-01-22,-44.1591894191599,-20.06592697206161,-0.0,-64.0,36.0,0.9466307,0.33186823,0.23593827,9.492854e-05,32
991,2018-01-22,-44.1575161671664,-20.08482212444067,-0.0,-60.0,40.0,0.9994936,0.03182455,0.23950803,0.00027012592,32
1001,2018-01-22,-44.161892364687866,-20.076817927946763,-0.0,-64.0,32.0,0.96615434,0.26191953,0.23441048,8.023096e-05,32
1002,2018-01-22,-44.09444743818056,-20.09492578231003,-0.0,-34.0,-32.0,1.0,0.00039513933,0.22878867,0.00025367626,32
1010,2018-01-22,-44.15365481641216,-20.083509961081013,-0.0,-62.0,40.0,0.99335134,0.11545927,0.23778822,0.00019389139,32
1020,2018-01-22,-44.16292205822233,-20.072094139852,-0.0,-60.0,40.0,0.91512394,0.41756633,0.24028625,0.0001782693,32
1034,2018-01-22,-44.16202107637967,-20.07721157695466,-0.0,-60.0,40.0,0.981273,0.1944176,0.24814238,0.00010865971,32
1040,2018-01-22,-44.161892364687866,-20.07721157695466,-0.0,-60.0,40.0,0.96591824,0.26365894,0.2468073,0.00010343269,32
1050,2018-01-22,-44.09457614987237,-20.102405113460076,-0.0,-38.0,-36.0,0.93953866,0.35215226,0.24512702,0.00030498733,32
1070,2018-01-22,-44.1575161671664,-20.08482212444067,-0.0,-60.0,36.0,0.96219236,0.28010356,0.23884472,0.00017387042,32
1072,2018-01-22,-44.0917444926526,-20.09164537391089,-0.0,-64.0,-36.0,0.91248626,0.42968604,0.23979232,7.8801335e-05,32
1076,2018-01-22,-44.15880328408448,-20.06592697206161,-0.0,-60.0,40.0,0.93656856,0.36525702,0.23667216,7.3392395e-05,32
1079,2018-01-22,-44.15391223979578,-20.07025711114848,-0.0,-60.0,40.0,0.9695847,0.24850449,0.24799877,9.992429e-05,32
1091,2018-01-22,-44.158417149009054,-20.0850845571126,-0.0,-58.0,36.0,0.8887288,0.4815745,0.24550791,0.00012143039,32
1092,2018-01-22,-44.1509518708842,-20.07432481756341,-0.0,-64.0,40.0,0.87775964,0.53542435,0.2352003,0.00030330935,32
1099,2018-01-22,-44.093546456337904,-20.09361361895037,-0.0,-52.0,-36.0,0.8961929,0.46807668,0.23183072,0.00010412827,32
1102,2018-01-22,-44.16292205822233,-20.072094139852,-0.0,-60.0,40.0,0.91454065,0.42063314,0.23443252,0.00013330363,32
1108,2018-01-22,-44.14734794351358,-20.07878617298625,-0.0,-60.0,40.0,0.99970615,0.02424301,0.23583807,8.263391e-05,32
1117,2018-01-22,-44.16768439081922,-20.071831707180067,-0.0,-58.0,36.0,0.981466,0.19336696,0.22862582,0.0001814576,32
1127,2018-01-22,-44.09264547449525,-20.09308875360651,-0.0,-62.0,-40.0,0.8971481,0.47378388,0.23896502,0.00011133063,32
1146,2018-01-22,-44.16034782438617,-20.068813731452856,-0.0,-56.0,40.0,0.9864666,0.1649596,0.24976282,0.00036398857,32
1153,2018-01-22,-44.150050889041545,-20.0858718551284,-0.0,-62.0,36.0,0.99220043,0.1250837,0.2397805,0.00020716414,32
1155,2018-01-22,-44.09444743818056,-20.102011464452172,-0.0,-34.0,-40.0,0.92435986,0.39511356,0.23405898,0.00023943702,32
1159,2018-01-22,-44.093546456337904,-20.09400726795827,-0.0,-28.0,0.0,0.9480586,0.3266401,0.24105251,0.00034425358,32
1163,2018-01-22,-44.09766523047576,-20.105029440179383,-0.0,-28.0,-40.0,0.9311042,0.37839893,0.24166062,0.0001920892,32
1174,2018-01-22,-44.095219708331406,-20.102011464452172,-0.0,-36.0,-40.0,0.9113488,0.42841828,0.24216647,0.00012990848,32
1181,2018-01-22,-44.09161578096079,-20.093219969942474,-0.0,-28.0,-8.0,0.8859077,0.49635297,0.23633368,0.00021885987,32
1189,2018-01-22,-44.09715038370853,-20.098731056053037,-0.0,-42.0,-16.0,0.8359385,0.6007249,0.24258535,0.00012660914,32
1191,2018-01-22,-44.095219708331406,-20.095844296661788,-0.0,-28.0,-12.0,0.8651284,0.5359111,0.24847127,0.00020080352,32
1197,2018-01-22,-44.16214978807148,-20.07616184626693,-0.0,-60.0,40.0,0.9665673,0.26143262,0.24416661,0.00011817686,32
1204,2018-01-22,-44.093546456337904,-20.094400916966165,-0.0,-26.0,0.0,0.93913746,0.35383812,0.24792047,0.0003644777,32
1217,2018-01-22,-44.16202107637967,-20.074718466571312,-0.0,-58.0,40.0,0.9690986,0.2505538,0.24575986,9.5118936e-05,32
1231,2018-01-22,-44.14992217734974,-20.08692158581612,-0.0,-60.0,32.0,0.9371452,0.3654364,0.24572617,0.00011899009,32
1247,2018-01-22,-44.094704861564175,-20.094663349638097,-0.0,-30.0,-12.0,0.9238721,0.39515322,0.2348293,0.00022071703,32
1251,2018-01-22,-44.09251676280344,-20.093219969942474,-0.0,-48.0,-36.0,0.89386845,0.4703759,0.24224225,0.00015514281,32
1256,2018-01-22,-44.09483357325598,-20.093219969942474,-0.0,-52.0,-40.0,0.86129993,0.54238904,0.24783906,0.0001059604,32
1259,2018-01-22,-44.16227849976329,-20.072881437867792,-0.0,-60.0,40.0,0.9829678,0.18534474,0.24443871,0.00014352797,32
1260,2018-01-22,-44.15481322163844,-20.071044409164276,-0.0,-60.0,32.0,0.9734008,0.23258153,0.23211527,0.00010914595,32
1289,2018-01-22,-44.1541696631794,-20.07983590367397,-0.0,-60.0,40.0,0.9900696,0.14119089,0.24933314,0.00012980548,32
1290,2018-01-22,-44.095219708331406,-20.095319431317925,-0.0,-28.0,-4.0,0.9366193,0.3611681,0.23686811,0.0001664893,32
1291,2018-01-22,-44.094704861564175,-20.09361361895037,-0.0,-54.0,-40.0,0.8996914,0.4565308,0.2475767,0.00012423437,32
1292,2018-01-22,-44.09303160957067,-20.09335118627844,-0.0,-52.0,-36.0,0.9403788,0.35013777,0.23605238,0.00015071555,32
1305,2018-01-22,-44.09715038370853,-20.098862272389,-0.0,-42.0,-8.0,0.83434314,0.59625983,0.23497155,0.00011737869,32
1313,2018-01-22,-44.1558429151729,-20.07340630321165,-0.0,-60.0,40.0,0.9211648,0.4038228,0.23622842,0.00013031399,32
1329,2018-01-22,-44.1509518708842,-20.07445603389938,-0.0,-62.0,40.0,0.91050994,0.4318001,0.2425376,0.00029912443,32
25,2018-02-03,-44.177981326163845,-20.065402106717748,-0.0,-62.0,36.0,0.9934322,0.114803776,0.12596866,0.00017885656,32
36,2018-02-03,-44.161892364687866,-20.07708036061869,-0.0,-62.0,40.0,0.9895274,0.14510763,0.16019304,0.00016061729,32
49,2018-02-03,-44.158288437317246,-20.066320621069508,-0.0,-60.0,36.0,0.9677011,0.25603223,0.16889001,0.00021117146,32
51,2018-02-03,-44.1575161671664,-20.08482212444067,-0.0,-60.0,40.0,0.99133533,0.13187632,0.15246536,0.00031897012,32
55,2018-02-03,-44.15597162686471,-20.07904860565818,-0.0,-58.0,40.0,0.99169916,0.12906517,0.17269787,0.00030624378,32
58,2018-02-03,-44.1591894191599,-20.06592697206161,-0.0,-64.0,40.0,0.9866735,0.1637098,0.16357863,0.00016910466,32
60,2018-02-03,-44.158417149009054,-20.066714270077405,-0.0,-60.0,32.0,0.9606683,0.28429142,0.16295098,0.00027915908,32
70,2018-02-03,-44.15558549178928,-20.073143870539724,-0.0,-58.0,40.0,0.98207843,0.1903084,0.16551217,0.00015617402,32
72,2018-02-03,-44.161892364687866,-20.076817927946763,-0.0,-60.0,40.0,0.98664135,0.16406055,0.17289028,0.00018321899,32
77,2018-02-03,-44.15558549178928,-20.073143870539724,-0.0,-60.0,40.0,0.9936751,0.11267752,0.17115304,0.0002308823,32
78,2018-02-03,-44.16176365299606,-20.07708036061869,-0.0,-62.0,40.0,0.98854494,0.15176974,0.17172363,0.0001721688,32
79,2018-02-03,-44.177981326163845,-20.065533323053717,-0.0,-62.0,36.0,0.9964764,0.08401511,0.16623512,0.00018862613,32
86,2018-02-03,-44.157130032090976,-20.07235657252393,-0.0,-60.0,36.0,0.99061596,0.13728343,0.15821503,0.00026863083,32
87,2018-02-03,-44.15365481641216,-20.08364117741698,-0.0,-62.0,40.0,0.9950991,0.0991742,0.17583664,0.00029401673,32
92,2018-02-03,-44.15365481641216,-20.08364117741698,-0.0,-62.0,40.0,0.99385124,0.11107637,0.1650057,0.00031562397,32
101,2018-02-03,-44.157130032090976,-20.07235657252393,-0.0,-60.0,36.0,0.98830754,0.15364271,0.16259168,0.0002030594,32
102,2018-02-03,-44.1575161671664,-20.08482212444067,-0.0,-60.0,36.0,0.9933006,0.11592739,0.16052273,0.0002825142,32
106,2018-02-03,-44.158288437317246,-20.066320621069508,-0.0,-60.0,40.0,0.96672195,0.260466,0.17711703,0.00022746764,32
107,2018-02-03,-44.150050889041545,-20.0858718551284,-0.0,-62.0,32.0,0.9972439,0.07430704,0.17113066,0.00025208955,32
108,2018-02-03,-44.095348420023214,-20.095581863989857,-0.0,-26.0,-4.0,0.9112881,0.43588206,0.17609175,0.00035253962,32
109,2018-02-03,-44.15815972562544,-20.068026433437065,-0.0,-60.0,40.0,0.92887574,0.38277623,0.18616179,0.00031713524,32
111,2018-02-03,-44.15558549178928,-20.073143870539724,-0.0,-58.0,40.0,0.9956475,0.093374655,0.16038811,0.00014709214,32
116,2018-02-03,-44.15597162686471,-20.07904860565818,-0.0,-60.0,40.0,0.98307085,0.18469657,0.19299243,0.00018906631,32
120,2018-02-03,-44.15442708656301,-20.0717004908441,-0.0,-60.0,40.0,0.98103976,0.19561706,0.18038051,0.0002138021,32
122,2018-02-03,-44.177981326163845,-20.065402106717748,-0.0,-62.0,36.0,0.9920553,0.12631515,0.16516092,0.00013893403,32
124,2018-02-03,-44.16768439081922,-20.071831707180067,-0.0,-58.0,40.0,0.9844347,0.17712511,0.16961817,0.00019569618,32
125,2018-02-03,-44.09316032126248,-20.103192411475867,-0.0,-30.0,-28.0,0.9221537,0.4055343,0.18537693,0.00026284982,32
135,2018-02-03,-44.1575161671664,-20.08482212444067,-0.0,-60.0,40.0,0.9926844,0.12122337,0.17335667,0.00032299763,32
166,2018-02-03,-44.16227849976329,-20.07301265420376,-0.0,-60.0,40.0,0.9948693,0.10141454,0.17611928,0.0002781563,32
169,2018-02-03,-44.15906070746809,-20.06592697206161,-0.0,-62.0,36.0,0.96458185,0.26856968,0.1896261,7.7959645e-05,32
183,2018-02-03,-44.161892364687866,-20.07721157695466,-0.0,-60.0,40.0,0.98572654,0.16954353,0.20472775,0.00016644613,32
184,2018-02-03,-44.14914990719889,-20.083509961081013,-0.0,-62.0,24.0,0.92275953,0.39962417,0.18632154,0.00019650752,32
192,2018-02-03,-44.15558549178928,-20.073143870539724,-0.0,-58.0,36.0,0.96856844,0.2538515,0.20102504,0.00022607588,32
208,2018-02-03,-44.09547713171502,-20.096631594677586,-0.0,-16.0,-28.0,0.8838611,0.4968438,0.19951294,0.00028506762,32
209,2018-02-03,-44.09573455509864,-20.104242142163592,-0.0,-30.0,-32.0,0.99192834,0.12720996,0.20155519,0.00028709535,32
211,2018-02-03,-44.14824892535624,-20.08482212444067,-0.0,-62.0,36.0,0.97233886,0.23678724,0.1985304,0.00017741922,32
227,2018-02-03,-44.15172414103505,-20.083772393752945,-0.0,-62.0,40.0,0.9442581,0.34013498,0.17343715,0.00015305412,32
230,2018-02-03,-44.1558429151729,-20.078654956650283,-0.0,-58.0,40.0,0.99377,0.11183355,0.20406978,0.00019458176,32
234,2018-02-03,-44.09496228494779,-20.095319431317925,-0.0,-30.0,-20.0,0.933926,0.3708147,0.21000704,0.00035274707,32
235,2018-02-03,-44.1672982557438,-20.07393116855552,-0.0,-60.0,40.0,0.94888365,0.32600248,0.19429739,0.00019437468,32
250,2018-02-03,-44.1558429151729,-20.071831707180067,-0.0,-58.0,36.0,0.9687802,0.25208294,0.20764968,0.00012654542,32
262,2018-02-03,-44.15558549178928,-20.073143870539724,-0.0,-60.0,40.0,0.9888833,0.14947388,0.214402,0.00019721958,32
279,2018-02-03,-44.15378352810397,-20.08390361008891,-0.0,-62.0,40.0,0.9593733,0.28800502,0.1987492,0.00014123438,32
292,2018-02-03,-44.09277418618706,-20.09308875360651,-0.0,-62.0,-40.0,0.94386774,0.3385104,0.2108965,0.00015072811,32
294,2018-02-03,-44.150050889041545,-20.0858718551284,-0.0,-62.0,40.0,0.99573416,0.09243322,0.20145847,0.00022659368,32
297,2018-02-03,-44.1509518708842,-20.07445603389938,-0.0,-62.0,40.0,0.91531914,0.42315394,0.18903947,0.000473964,32
298,2018-02-03,-44.09573455509864,-20.104110925827623,-0.0,-32.0,-32.0,0.9713802,0.24072301,0.20770803,0.00019924583,32
302,2018-02-03,-44.1509518708842,-20.07445603389938,-0.0,-64.0,40.0,0.9010573,0.46399283,0.19030711,0.00030566705,32
307,2018-02-03,-44.15558549178928,-20.073143870539724,-0.0,-60.0,36.0,0.94426954,0.33953795,0.21462357,0.0001921205,32
322,2018-02-03,-44.16150622961244,-20.065533323053717,-0.0,-58.0,32.0,0.9559043,0.30019727,0.20587029,0.00021429466,32
326,2018-02-03,-44.158417149009054,-20.066714270077405,-0.0,-60.0,28.0,0.92922074,0.38275728,0.21405818,0.00021434038,32
334,2018-02-03,-44.14824892535624,-20.08482212444067,-0.0,-64.0,36.0,0.9591197,0.28854805,0.20624818,0.00011566065,32
341,2018-02-03,-44.093417744646096,-20.094138484294238,-0.0,-30.0,0.0,0.9271192,0.38806647,0.20293237,0.00020528595,32
342,2018-02-03,-44.09573455509864,-20.104110925827623,-0.0,-28.0,-32.0,0.967172,0.2586741,0.21095438,0.00017666417,32
343,2018-02-03,-44.094704861564175,-20.094663349638097,-0.0,-30.0,-12.0,0.9320163,0.37439924,0.20520887,0.00024680147,32
350,2018-02-03,-44.15494193333024,-20.07143805817217,-0.0,-60.0,32.0,0.9771433,0.21485306,0.2082436,0.000101412086,32
351,2018-02-03,-44.15365481641216,-20.083509961081013,-0.0,-62.0,40.0,0.99176425,0.12863493,0.1975397,0.00024892512,32
354,2018-02-03,-44.095219708331406,-20.10188024811621,-0.0,-34.0,-40.0,0.85031635,0.56276417,0.19688289,0.0001462547,32
355,2018-02-03,-44.14721923182177,-20.07944225466608,-0.0,-62.0,40.0,0.9097379,0.4362786,0.20008743,0.0001692326,32
358,2018-02-03,-44.161892364687866,-20.076817927946763,-0.0,-60.0,40.0,0.97885114,0.2066355,0.2046915,0.00012147129,32
365,2018-02-03,-44.09483357325598,-20.095975512997757,-0.0,-16.0,-16.0,0.87048537,0.5251366,0.2145026,0.00022786683,32
371,2018-02-03,-44.16150622961244,-20.065533323053717,-0.0,-58.0,36.0,0.96249855,0.27732918,0.21806788,0.00021408769,32
372,2018-02-03,-44.156615185323744,-20.07235657252393,-0.0,-60.0,40.0,0.98747224,0.15874347,0.22571152,0.00016332245,32
376,2018-02-03,-44.177981326163845,-20.065533323053717,-0.0,-64.0,40.0,0.98931545,0.14667082,0.2060611,0.0001226925,32
428,2018-02-03,-44.095348420023214,-20.099255921396896,-0.0,-34.0,-20.0,0.8599175,0.5520587,0.21099286,0.00021701,32
445,2018-02-03,-44.15030831242516,-20.084690908104704,-0.0,-62.0,40.0,0.9537714,0.31028697,0.19998807,0.00011961138,32
451,2018-02-03,-44.095348420023214,-20.09269510459861,-0.0,-50.0,-32.0,0.89500684,0.4699368,0.21193483,0.000103801125,32
452,2018-02-03,-44.1624072114551,-20.06658305374144,-0.0,-60.0,36.0,0.99999905,0.0013166264,0.18705474,0.00012239197,32
454,2018-02-03,-44.161892364687866,-20.07721157695466,-0.0,-60.0,40.0,0.98762494,0.15781839,0.21329112,0.000108521395,32
462,2018-02-03,-44.1492786188907,-20.083772393752945,-0.0,-62.0,36.0,0.9009371,0.45448023,0.21690197,0.00015435196,32
468,2018-02-03,-44.16768439081922,-20.071831707180067,-0.0,-58.0,40.0,0.99912137,0.041926306,0.1979922,0.00025140448,32
469,2018-02-03,-44.156615185323744,-20.07235657252393,-0.0,-62.0,40.0,0.9884701,0.15216252,0.21888806,0.00014295946,32
475,2018-02-03,-44.16150622961244,-20.06684548641337,-0.0,-60.0,40.0,0.9333956,0.37320685,0.20200405,0.00019318266,32
480,2018-02-03,-44.09573455509864,-20.10437335849956,-0.0,-30.0,-28.0,0.97603565,0.21994607,0.22386426,0.00023246644,32
489,2018-02-03,-44.15378352810397,-20.0854782061205,-0.0,-60.0,36.0,0.98614484,0.16707681,0.22113495,0.00015665224,32
498,2018-02-03,-44.16202107637967,-20.07760522596256,-0.0,-60.0,40.0,0.9739393,0.22963941,0.22176117,0.00018630472,32
515,2018-02-03,-44.177981326163845,-20.065533323053717,-0.0,-62.0,40.0,0.99098617,0.13457483,0.22828959,0.00014239682,32
517,2018-02-03,-44.16137751792064,-20.071044409164276,-0.0,-58.0,40.0,0.9873319,0.16011351,0.20574138,0.000113239825,32
518,2018-02-03,-44.16202107637967,-20.07760522596256,-0.0,-60.0,36.0,0.9819957,0.19045453,0.2204059,0.00024409748,32
520,2018-02-03,-44.14992217734974,-20.08692158581612,-0.0,-60.0,32.0,0.9329311,0.37142602,0.22161011,0.00016959709,32
533,2018-02-03,-44.093546456337904,-20.09361361895037,-0.0,-54.0,-36.0,0.92416435,0.39691073,0.22529994,0.00012681105,32
538,2018-02-03,-44.15468450994663,-20.07904860565818,-0.0,-60.0,40.0,0.9603823,0.28433818,0.2098461,7.573011e-05,32
547,2018-02-03,-44.1509518708842,-20.07432481756341,-0.0,-62.0,40.0,0.90768754,0.43956012,0.21304497,0.00048326713,32
551,2018-02-03,-44.09431872648875,-20.09361361895037,-0.0,-60.0,-40.0,0.9269395,0.38688326,0.22368047,8.363042e-05,32
573,2018-02-03,-44.09715038370853,-20.10437335849956,-0.0,-26.0,-40.0,0.981993,0.19041304,0.21994461,0.00020242653,32
591,2018-02-03,-44.09637811355768,-20.10476700750745,-0.0,-28.0,-28.0,0.88030064,0.50150853,0.24380408,0.00016093155,32
595,2018-02-03,-44.09277418618706,-20.09308875360651,-0.0,-60.0,-36.0,0.9506957,0.31798822,0.22435091,0.00015162292,32
597,2018-02-03,-44.094704861564175,-20.09361361895037,-0.0,-56.0,-40.0,0.9236856,0.39662957,0.221461,0.00016114896,32
617,2018-02-03,-44.095348420023214,-20.095581863989857,-0.0,-28.0,-12.0,0.91071886,0.43331236,0.20454994,0.00030632524,32
621,2018-02-03,-44.095348420023214,-20.095581863989857,-0.0,-30.0,-16.0,0.919275,0.40785578,0.221529,0.00037647443,32
631,2018-02-03,-44.150050889041545,-20.08574063879243,-0.0,-62.0,32.0,0.96217763,0.27867618,0.2173203,0.00012443759,32
632,2018-02-03,-44.158417149009054,-20.066714270077405,-0.0,-62.0,32.0,0.9420799,0.3442246,0.21013477,0.0001555898,32
639,2018-02-03,-44.14721923182177,-20.07944225466608,-0.0,-62.0,40.0,0.9141801,0.42269146,0.23625557,0.00014431524,32
642,2018-02-03,-44.093417744646096,-20.09361361895037,-0.0,-50.0,-32.0,0.95720506,0.29472056,0.22483774,0.00017313514,32
659,2018-02-03,-44.09316032126248,-20.093876051622303,-0.0,-26.0,0.0,0.9202357,0.41621837,0.23191184,0.0004714754,32
666,2018-02-03,-44.09612069017406,-20.098599839717068,-0.0,-32.0,-20.0,0.8369649,0.59542996,0.22777635,0.00024879372,32
674,2018-02-03,-44.15803101393363,-20.068026433437065,-0.0,-60.0,40.0,0.9488301,0.32394177,0.21363357,0.00017669244,32
687,2018-02-03,-44.095348420023214,-20.095844296661788,-0.0,-26.0,-12.0,0.9264778,0.39259818,0.2429174,0.0003334301,32
689,2018-02-03,-44.094704861564175,-20.102273897124107,-0.0,-40.0,-24.0,0.8999888,0.45509607,0.22149613,0.00017279296,32
699,2018-02-03,-44.09277418618706,-20.092957537270543,-0.0,-60.0,-36.0,0.8248223,0.62379014,0.22112992,0.00010524349,32
704,2018-02-03,-44.16227849976329,-20.07301265420376,-0.0,-60.0,40.0,0.9730441,0.23360339,0.21389751,0.00015998124,32
738,2018-02-03,-44.16137751792064,-20.071044409164276,-0.0,-58.0,40.0,0.9537537,0.30705687,0.21450779,8.5356805e-05,32
743,2018-02-03,-44.095219708331406,-20.10292997880393,-0.0,-34.0,-32.0,0.963839,0.27309382,0.2487394,0.00023321668,32
748,2018-02-03,-44.1672982557438,-20.073799952219552,-0.0,-60.0,40.0,0.9394868,0.35379896,0.2385987,0.00016835134,32
749,2018-02-03,-44.15970426592713,-20.064614808701958,-0.0,-60.0,36.0,0.9923783,0.1236501,0.23288263,0.00010213836,32
753,2018-02-03,-44.09444743818056,-20.09453213330213,-0.0,-30.0,4.0,0.93633944,0.3616963,0.24223724,0.0002814164,32
772,2018-02-03,-44.093546456337904,-20.094400916966165,-0.0,-26.0,12.0,0.9233013,0.3976936,0.23818585,0.00025641994,32
778,2018-02-03,-44.14824892535624,-20.084690908104704,-0.0,-64.0,40.0,0.993268,0.11620175,0.217038,0.000119338845,32
781,2018-02-03,-44.09277418618706,-20.092957537270543,-0.0,-64.0,-40.0,0.9240293,0.3957767,0.23231132,0.00016137642,32
785,2018-02-03,-44.15648647363194,-20.07655549527483,-0.0,-58.0,32.0,0.947436,0.32984012,0.24211547,8.705073e-05,32
795,2018-02-03,-44.09740780709214,-20.10463579117149,-0.0,-30.0,-40.0,0.8850024,0.53440773,0.22723202,0.0001532011,32
800,2018-02-03,-44.1674269674356,-20.07432481756341,-0.0,-60.0,40.0,0.99912155,0.04192622,0.23580386,0.00012518003,32
809,2018-02-03,-44.16163494130425,-20.076817927946763,-0.0,-60.0,40.0,0.9765173,0.21793333,0.2365612,0.00012580244,32
810,2018-02-03,-44.15906070746809,-20.06566453938968,-0.0,-64.0,40.0,0.9807913,0.19675484,0.22297284,0.00012886837,32
812,2018-02-03,-44.09612069017406,-20.10463579117149,-0.0,-32.0,-28.0,0.9810543,0.19555587,0.24058457,0.00018460231,32
815,2018-02-03,-44.09290289787887,-20.09361361895037,-0.0,-34.0,-32.0,0.9477484,0.3269546,0.24155085,0.00027799365,32
817,2018-02-03,-44.15326868133674,-20.081935365049425,-0.0,-60.0,40.0,0.97455287,0.22695863,0.23753211,0.00013418394,32
819,2018-02-03,-44.15391223979578,-20.07025711114848,-0.0,-58.0,40.0,0.96879125,0.251771,0.22422275,0.00012923428,32
826,2018-02-03,-44.09573455509864,-20.100436868420587,-0.0,-40.0,-32.0,0.85571986,0.5583373,0.24542302,0.00029766848,32
839,2018-02-03,-44.1541696631794,-20.07983590367397,-0.0,-60.0,40.0,0.9838538,0.18029623,0.23935002,0.00027133914,32
842,2018-02-03,-44.161892364687866,-20.07708036061869,-0.0,-62.0,36.0,0.98912096,0.14776096,0.22787876,9.263296e-05,32
843,2018-02-03,-44.09715038370853,-20.098731056053037,-0.0,-42.0,-16.0,0.8399253,0.5894708,0.22958055,0.00012341807,32
849,2018-02-03,-44.09689296032491,-20.098862272389,-0.0,-40.0,-16.0,0.8082655,0.64302075,0.23864205,0.00013250821,32
878,2018-02-03,-44.15532806840567,-20.07944225466608,-0.0,-60.0,40.0,0.98164153,0.19241036,0.24028865,0.00024076854,32
879,2018-02-03,-44.15172414103505,-20.083772393752945,-0.0,-62.0,40.0,0.94224805,0.34635422,0.23466736,0.00017846754,32
881,2018-02-03,-44.09727909540033,-20.098731056053037,-0.0,-40.0,-16.0,0.8462761,0.57560474,0.22890337,7.089602e-05,32
902,2018-02-03,-44.09135835757717,-20.090201994215263,-0.0,-54.0,-32.0,0.9236139,0.3990633,0.23943725,0.00012808619,32
917,2018-02-03,-44.0917444926526,-20.09164537391089,-0.0,-66.0,-28.0,0.8399489,0.58606946,0.23359168,6.524553e-05,32
922,2018-02-03,-44.095863266790445,-20.09702524368548,-0.0,-32.0,-16.0,0.8334973,0.6023138,0.22462654,0.00019463511,32
953,2018-02-03,-44.09715038370853,-20.098862272389,-0.0,-42.0,-12.0,0.81594616,0.6319421,0.22483456,0.00016212075,32
988,2018-02-03,-44.1591894191599,-20.06592697206161,-0.0,-64.0,36.0,0.9466307,0.33186823,0.23593827,9.492854e-05,32
991,2018-02-03,-44.1575161671664,-20.08482212444067,-0.0,-60.0,40.0,0.9994936,0.03182455,0.23950803,0.00027012592,32
1001,2018-02-03,-44.161892364687866,-20.076817927946763,-0.0,-64.0,32.0,0.96615434,0.26191953,0.23441048,8.023096e-05,32
1002,2018-02-03,-44.09444743818056,-20.09492578231003,-0.0,-34.0,-32.0,1.0,0.00039513933,0.22878867,0.00025367626,32
1010,2018-02-03,-44.15365481641216,-20.083509961081013,-0.0,-62.0,40.0,0.99335134,0.11545927,0.23778822,0.00019389139,32
1020,2018-02-03,-44.16292205822233,-20.072094139852,-0.0,-60.0,40.0,0.91512394,0.41756633,0.24028625,0.0001782693,32
1034,2018-02-03,-44.16202107637967,-20.07721157695466,-0.0,-60.0,40.0,0.981273,0.1944176,0.24814238,0.00010865971,32
1040,2018-02-03,-44.161892364687866,-20.07721157695466,-0.0,-60.0,40.0,0.96591824,0.26365894,0.2468073,0.00010343269,32
1050,2018-02-03,-44.09457614987237,-20.102405113460076,-0.0,-38.0,-36.0,0.93953866,0.35215226,0.24512702,0.00030498733,32
1070,2018-02-03,-44.1575161671664,-20.08482212444067,-0.0,-60.0,36.0,0.96219236,0.28010356,0.23884472,0.00017387042,32
1072,2018-02-03,-44.0917444926526,-20.09164537391089,-0.0,-64.0,-36.0,0.91248626,0.42968604,0.23979232,7.8801335e-05,32
1076,2018-02-03,-44.15880328408448,-20.06592697206161,-0.0,-60.0,40.0,0.93656856,0.36525702,0.23667216,7.3392395e-05,32
1079,2018-02-03,-44.15391223979578,-20.07025711114848,-0.0,-60.0,40.0,0.9695847,0.24850449,0.24799877,9.992429e-05,32
1091,2018-02-03,-44.158417149009054,-20.0850845571126,-0.0,-58.0,36.0,0.8887288,0.4815745,0.24550791,0.00012143039,32
1092,2018-02-03,-44.1509518708842,-20.07432481756341,-0.0,-64.0,40.0,0.87775964,0.53542435,0.2352003,0.00030330935,32
1099,2018-02-03,-44.093546456337904,-20.09361361895037,-0.0,-52.0,-36.0,0.8961929,0.46807668,0.23183072,0.00010412827,32
1102,2018-02-03,-44.16292205822233,-20.072094139852,-0.0,-60.0,40.0,0.91454065,0.42063314,0.23443252,0.00013330363,32
1108,2018-02-03,-44.14734794351358,-20.07878617298625,-0.0,-60.0,40.0,0.99970615,0.02424301,0.23583807,8.263391e-05,32
1117,2018-02-03,-44.16768439081922,-20.071831707180067,-0.0,-58.0,36.0,0.981466,0.19336696,0.22862582,0.0001814576,32
1127,2018-02-03,-44.09264547449525,-20.09308875360651,-0.0,-62.0,-40.0,0.8971481,0.47378388,0.23896502,0.00011133063,32
1146,2018-02-03,-44.16034782438617,-20.068813731452856,-0.0,-56.0,40.0,0.9864666,0.1649596,0.24976282,0.00036398857,32
1153,2018-02-03,-44.150050889041545,-20.0858718551284,-0.0,-62.0,36.0,0.99220043,0.1250837,0.2397805,0.00020716414,32
1155,2018-02-03,-44.09444743818056,-20.102011464452172,-0.0,-34.0,-40.0,0.92435986,0.39511356,0.23405898,0.00023943702,32
1159,2018-02-03,-44.093546456337904,-20.09400726795827,-0.0,-28.0,0.0,0.9480586,0.3266401,0.24105251,0.00034425358,32
1163,2018-02-03,-44.09766523047576,-20.105029440179383,-0.0,-28.0,-40.0,0.9311042,0.37839893,0.24166062,0.0001920892,32
1174,2018-02-03,-44.095219708331406,-20.102011464452172,-0.0,-36.0,-40.0,0.9113488,0.42841828,0.24216647,0.00012990848,32
1181,2018-02-03,-44.09161578096079,-20.093219969942474,-0.0,-28.0,-8.0,0.8859077,0.49635297,0.23633368,0.00021885987,32
1189,2018-02-03,-44.09715038370853,-20.098731056053037,-0.0,-42.0,-16.0,0.8359385,0.6007249,0.24258535,0.00012660914,32
1191,2018-02-03,-44.095219708331406,-20.095844296661788,-0.0,-28.0,-12.0,0.8651284,0.5359111,0.24847127,0.00020080352,32
1197,2018-02-03,-44.16214978807148,-20.07616184626693,-0.0,-60.0,40.0,0.9665673,0.26143262,0.24416661,0.00011817686,32
1204,2018-02-03,-44.093546456337904,-20.094400916966165,-0.0,-26.0,0.0,0.93913746,0.35383812,0.24792047,0.0003644777,32
1217,2018-02-03,-44.16202107637967,-20.074718466571312,-0.0,-58.0,40.0,0.9690986,0.2505538,0.24575986,9.5118936e-05,32
1231,2018-02-03,-44.14992217734974,-20.08692158581612,-0.0,-60.0,32.0,0.9371452,0.3654364,0.24572617,0.00011899009,32
1247,2018-02-03,-44.094704861564175,-20.094663349638097,-0.0,-30.0,-12.0,0.9238721,0.39515322,0.2348293,0.00022071703,32
1251,2018-02-03,-44.09251676280344,-20.093219969942474,-0.0,-48.0,-36.0,0.89386845,0.4703759,0.24224225,0.00015514281,32
1256,2018-02-03,-44.09483357325598,-20.093219969942474,-0.0,-52.0,-40.0,0.86129993,0.54238904,0.24783906,0.0001059604,32
1259,2018-02-03,-44.16227849976329,-20.072881437867792,-0.0,-60.0,40.0,0.9829678,0.18534474,0.24443871,0.00014352797,32
1260,2018-02-03,-44.15481322163844,-20.071044409164276,-0.0,-60.0,32.0,0.9734008,0.23258153,0.23211527,0.00010914595,32
1289,2018-02-03,-44.1541696631794,-20.07983590367397,-0.0,-60.0,40.0,0.9900696,0.14119089,0.24933314,0.00012980548,32
1290,2018-02-03,-44.095219708331406,-20.095319431317925,-0.0,-28.0,-4.0,0.9366193,0.3611681,0.23686811,0.0001664893,32
1291,2018-02-03,-44.094704861564175,-20.09361361895037,-0.0,-54.0,-40.0,0.8996914,0.4565308,0.2475767,0.00012423437,32
1292,2018-02-03,-44.09303160957067,-20.09335118627844,-0.0,-52.0,-36.0,0.9403788,0.35013777,0.23605238,0.00015071555,32
1305,2018-02-03,-44.09715038370853,-20.098862272389,-0.0,-42.0,-8.0,0.83434314,0.59625983,0.23497155,0.00011737869,32
1313,2018-02-03,-44.1558429151729,-20.07340630321165,-0.0,-60.0,40.0,0.9211648,0.4038228,0.23622842,0.00013031399,32
1329,2018-02-03,-44.1509518708842,-20.07445603389938,-0.0,-62.0,40.0,0.91050994,0.4318001,0.2425376,0.00029912443,32
25,2018-02-15,-44.177981326163845,-20.065402106717748,-0.0,-62.0,36.0,0.9934322,0.114803776,0.12596866,0.00017885656,32
36,2018-02-15,-44.161892364687866,-20.07708036061869,-0.0,-62.0,40.0,0.9895274,0.14510763,0.16019304,0.00016061729,32
49,2018-02-15,-44.158288437317246,-20.066320621069508,-0.0,-60.0,36.0,0.9677011,0.25603223,0.16889001,0.00021117146,32
51,2018-02-15,-44.1575161671664,-20.08482212444067,-0.0,-60.0,40.0,0.99133533,0.13187632,0.15246536,0.00031897012,32
55,2018-02-15,-44.15597162686471,-20.07904860565818,-0.0,-58.0,40.0,0.99169916,0.12906517,0.17269787,0.00030624378,32
58,2018-02-15,-44.1591894191599,-20.06592697206161,-0.0,-64.0,40.0,0.9866735,0.1637098,0.16357863,0.00016910466,32
60,2018-02-15,-44.158417149009054,-20.066714270077405,-0.0,-60.0,32.0,0.9606683,0.28429142,0.16295098,0.00027915908,32
70,2018-02-15,-44.15558549178928,-20.073143870539724,-0.0,-58.0,40.0,0.98207843,0.1903084,0.16551217,0.00015617402,32
72,2018-02-15,-44.161892364687866,-20.076817927946763,-0.0,-60.0,40.0,0.98664135,0.16406055,0.17289028,0.00018321899,32
77,2018-02-15,-44.15558549178928,-20.073143870539724,-0.0,-60.0,40.0,0.9936751,0.11267752,0.17115304,0.0002308823,32
78,2018-02-15,-44.16176365299606,-20.07708036061869,-0.0,-62.0,40.0,0.98854494,0.15176974,0.17172363,0.0001721688,32
79,2018-02-15,-44.177981326163845,-20.065533323053717,-0.0,-62.0,36.0,0.9964764,0.08401511,0.16623512,0.00018862613,32
86,2018-02-15,-44.157130032090976,-20.07235657252393,-0.0,-60.0,36.0,0.99061596,0.13728343,0.15821503,0.00026863083,32
87,2018-02-15,-44.15365481641216,-20.08364117741698,-0.0,-62.0,40.0,0.9950991,0.0991742,0.17583664,0.00029401673,32
92,2018-02-15,-44.15365481641216,-20.08364117741698,-0.0,-62.0,40.0,0.99385124,0.11107637,0.1650057,0.00031562397,32
101,2018-02-15,-44.157130032090976,-20.07235657252393,-0.0,-60.0,36.0,0.98830754,0.15364271,0.16259168,0.0002030594,32
102,2018-02-15,-44.1575161671664,-20.08482212444067,-0.0,-60.0,36.0,0.9933006,0.11592739,0.16052273,0.0002825142,32
106,2018-02-15,-44.158288437317246,-20.066320621069508,-0.0,-60.0,40.0,0.96672195,0.260466,0.17711703,0.00022746764,32
107,2018-02-15,-44.150050889041545,-20.0858718551284,-0.0,-62.0,32.0,0.9972439,0.07430704,0.17113066,0.00025208955,32
108,2018-02-15,-44.095348420023214,-20.095581863989857,-0.0,-26.0,-4.0,0.9112881,0.43588206,0.17609175,0.00035253962,32
109,2018-02-15,-44.15815972562544,-20.068026433437065,-0.0,-60.0,40.0,0.92887574,0.38277623,0.18616179,0.00031713524,32
111,2018-02-15,-44.15558549178928,-20.073143870539724,-0.0,-58.0,40.0,0.9956475,0.093374655,0.16038811,0.00014709214,32
116,2018-02-15,-44.15597162686471,-20.07904860565818,-0.0,-60.0,40.0,0.98307085,0.18469657,0.19299243,0.00018906631,32
120,2018-02-15,-44.15442708656301,-20.0717004908441,-0.0,-60.0,40.0,0.98103976,0.19561706,0.18038051,0.0002138021,32
122,2018-02-15,-44.177981326163845,-20.065402106717748,-0.0,-62.0,36.0,0.9920553,0.12631515,0.16516092,0.00013893403,32
124,2018-02-15,-44.16768439081922,-20.071831707180067,-0.0,-58.0,40.0,0.9844347,0.17712511,0.16961817,0.00019569618,32
125,2018-02-15,-44.09316032126248,-20.103192411475867,-0.0,-30.0,-28.0,0.9221537,0.4055343,0.18537693,0.00026284982,32
135,2018-02-15,-44.1575161671664,-20.08482212444067,-0.0,-60.0,40.0,0.9926844,0.12122337,0.17335667,0.00032299763,32
166,2018-02-15,-44.16227849976329,-20.07301265420376,-0.0,-60.0,40.0,0.9948693,0.10141454,0.17611928,0.0002781563,32
169,2018-02-15,-44.15906070746809,-20.06592697206161,-0.0,-62.0,36.0,0.96458185,0.26856968,0.1896261,7.7959645e-05,32
183,2018-02-15,-44.161892364687866,-20.07721157695466,-0.0,-60.0,40.0,0.98572654,0.16954353,0.20472775,0.00016644613,32
184,2018-02-15,-44.14914990719889,-20.083509961081013,-0.0,-62.0,24.0,0.92275953,0.39962417,0.18632154,0.00019650752,32
192,2018-02-15,-44.15558549178928,-20.073143870539724,-0.0,-58.0,36.0,0.96856844,0.2538515,0.20102504,0.00022607588,32
208,2018-02-15,-44.09547713171502,-20.096631594677586,-0.0,-16.0,-28.0,0.8838611,0.4968438,0.19951294,0.00028506762,32
209,2018-02-15,-44.09573455509864,-20.104242142163592,-0.0,-30.0,-32.0,0.99192834,0.12720996,0.20155519,0.00028709535,32
211,2018-02-15,-44.14824892535624,-20.08482212444067,-0.0,-62.0,36.0,0.97233886,0.23678724,0.1985304,0.00017741922,32
227,2018-02-15,-44.15172414103505,-20.083772393752945,-0.0,-62.0,40.0,0.9442581,0.34013498,0.17343715,0.00015305412,32
230,2018-02-15,-44.1558429151729,-20.078654956650283,-0.0,-58.0,40.0,0.99377,0.11183355,0.20406978,0.00019458176,32
234,2018-02-15,-44.09496228494779,-20.095319431317925,-0.0,-30.0,-20.0,0.933926,0.3708147,0.21000704,0.00035274707,32
235,2018-02-15,-44.1672982557438,-20.07393116855552,-0.0,-60.0,40.0,0.94888365,0.32600248,0.19429739,0.00019437468,32
250,2018-02-15,-44.1558429151729,-20.071831707180067,-0.0,-58.0,36.0,0.9687802,0.25208294,0.20764968,0.00012654542,32
262,2018-02-15,-44.15558549178928,-20.073143870539724,-0.0,-60.0,40.0,0.9888833,0.14947388,0.214402,0.00019721958,32
279,2018-02-15,-44.15378352810397,-20.08390361008891,-0.0,-62.0,40.0,0.9593733,0.28800502,0.1987492,0.00014123438,32
292,2018-02-15,-44.09277418618706,-20.09308875360651,-0.0,-62.0,-40.0,0.94386774,0.3385104,0.2108965,0.00015072811,32
294,2018-02-15,-44.150050889041545,-20.0858718551284,-0.0,-62.0,40.0,0.99573416,0.09243322,0.20145847,0.00022659368,32
297,2018-02-15,-44.1509518708842,-20.07445603389938,-0.0,-62.0,40.0,0.91531914,0.42315394,0.18903947,0.000473964,32
298,2018-02-15,-44.09573455509864,-20.104110925827623,-0.0,-32.0,-32.0,0.9713802,0.24072301,0.20770803,0.00019924583,32
302,2018-02-15,-44.1509518708842,-20.07445603389938,-0.0,-64.0,40.0,0.9010573,0.46399283,0.19030711,0.00030566705,32
307,2018-02-15,-44.15558549178928,-20.073143870539724,-0.0,-60.0,36.0,0.94426954,0.33953795,0.21462357,0.0001921205,32
322,2018-02-15,-44.16150622961244,-20.065533323053717,-0.0,-58.0,32.0,0.9559043,0.30019727,0.20587029,0.00021429466,32
326,2018-02-15,-44.158417149009054,-20.066714270077405,-0.0,-60.0,28.0,0.92922074,0.38275728,0.21405818,0.00021434038,32
334,2018-02-15,-44.14824892535624,-20.08482212444067,-0.0,-64.0,36.0,0.9591197,0.28854805,0.20624818,0.00011566065,32
341,2018-02-15,-44.093417744646096,-20.094138484294238,-0.0,-30.0,0.0,0.9271192,0.38806647,0.20293237,0.00020528595,32
342,2018-02-15,-44.09573455509864,-20.104110925827623,-0.0,-28.0,-32.0,0.967172,0.2586741,0.21095438,0.00017666417,32
343,2018-02-15,-44.094704861564175,-20.094663349638097,-0.0,-30.0,-12.0,0.9320163,0.37439924,0.20520887,0.00024680147,32
350,2018-02-15,-44.15494193333024,-20.07143805817217,-0.0,-60.0,32.0,0.9771433,0.21485306,0.2082436,0.000101412086,32
351,2018-02-15,-44.15365481641216,-20.083509961081013,-0.0,-62.0,40.0,0.99176425,0.12863493,0.1975397,0.00024892512,32
354,2018-02-15,-44.095219708331406,-20.10188024811621,-0.0,-34.0,-40.0,0.85031635,0.56276417,0.19688289,0.0001462547,32
355,2018-02-15,-44.14721923182177,-20.07944225466608,-0.0,-62.0,40.0,0.9097379,0.4362786,0.20008743,0.0001692326,32
358,2018-02-15,-44.161892364687866,-20.076817927946763,-0.0,-60.0,40.0,0.97885114,0.2066355,0.2046915,0.00012147129,32
365,2018-02-15,-44.09483357325598,-20.095975512997757,-0.0,-16.0,-16.0,0.87048537,0.5251366,0.2145026,0.00022786683,32
371,2018-02-15,-44.16150622961244,-20.065533323053717,-0.0,-58.0,36.0,0.96249855,0.27732918,0.21806788,0.00021408769,32
372,2018-02-15,-44.156615185323744,-20.07235657252393,-0.0,-60.0,40.0,0.98747224,0.15874347,0.22571152,0.00016332245,32
376,2018-02-15,-44.177981326163845,-20.065533323053717,-0.0,-64.0,40.0,0.98931545,0.14667082,0.2060611,0.0001226925,32
428,2018-02-15,-44.095348420023214,-20.099255921396896,-0.0,-34.0,-20.0,0.8599175,0.5520587,0.21099286,0.00021701,32
445,2018-02-15,-44.15030831242516,-20.084690908104704,-0.0,-62.0,40.0,0.9537714,0.31028697,0.19998807,0.00011961138,32
451,2018-02-15,-44.095348420023214,-20.09269510459861,-0.0,-50.0,-32.0,0.89500684,0.4699368,0.21193483,0.000103801125,32
452,2018-02-15,-44.1624072114551,-20.06658305374144,-0.0,-60.0,36.0,0.99999905,0.0013166264,0.18705474,0.00012239197,32
454,2018-02-15,-44.161892364687866,-20.07721157695466,-0.0,-60.0,40.0,0.98762494,0.15781839,0.21329112,0.000108521395,32
462,2018-02-15,-44.1492786188907,-20.083772393752945,-0.0,-62.0,36.0,0.9009371,0.45448023,0.21690197,0.00015435196,32
468,2018-02-15,-44.16768439081922,-20.071831707180067,-0.0,-58.0,40.0,0.99912137,0.041926306,0.1979922,0.00025140448,32
469,2018-02-15,-44.156615185323744,-20.07235657252393,-0.0,-62.0,40.0,0.9884701,0.15216252,0.21888806,0.00014295946,32
475,2018-02-15,-44.16150622961244,-20.06684548641337,-0.0,-60.0,40.0,0.9333956,0.37320685,0.20200405,0.00019318266,32
480,2018-02-15,-44.09573455509864,-20.10437335849956,-0.0,-30.0,-28.0,0.97603565,0.21994607,0.22386426,0.00023246644,32
489,2018-02-15,-44.15378352810397,-20.0854782061205,-0.0,-60.0,36.0,0.98614484,0.16707681,0.22113495,0.00015665224,32
498,2018-02-15,-44.16202107637967,-20.07760522596256,-0.0,-60.0,40.0,0.9739393,0.22963941,0.22176117,0.00018630472,32
515,2018-02-15,-44.177981326163845,-20.065533323053717,-0.0,-62.0,40.0,0.99098617,0.13457483,0.22828959,0.00014239682,32
517,2018-02-15,-44.16137751792064,-20.071044409164276,-0.0,-58.0,40.0,0.9873319,0.16011351,0.20574138,0.000113239825,32
518,2018-02-15,-44.16202107637967,-20.07760522596256,-0.0,-60.0,36.0,0.9819957,0.19045453,0.2204059,0.00024409748,32
520,2018-02-15,-44.14992217734974,-20.08692158581612,-0.0,-60.0,32.0,0.9329311,0.37142602,0.22161011,0.00016959709,32
533,2018-02-15,-44.093546456337904,-20.09361361895037,-0.0,-54.0,-36.0,0.92416435,0.39691073,0.22529994,0.00012681105,32
538,2018-02-15,-44.15468450994663,-20.07904860565818,-0.0,-60.0,40.0,0.9603823,0.28433818,0.2098461,7.573011e-05,32
547,2018-02-15,-44.1509518708842,-20.07432481756341,-0.0,-62.0,40.0,0.90768754,0.43956012,0.21304497,0.00048326713,32
551,2018-02-15,-44.09431872648875,-20.09361361895037,-0.0,-60.0,-40.0,0.9269395,0.38688326,0.22368047,8.363042e-05,32
573,2018-02-15,-44.09715038370853,-20.10437335849956,-0.0,-26.0,-40.0,0.981993,0.19041304,0.21994461,0.00020242653,32
591,2018-02-15,-44.09637811355768,-20.10476700750745,-0.0,-28.0,-28.0,0.88030064,0.50150853,0.24380408,0.00016093155,32
595,2018-02-15,-44.09277418618706,-20.09308875360651,-0.0,-60.0,-36.0,0.9506957,0.31798822,0.22435091,0.00015162292,32
597,2018-02-15,-44.094704861564175,-20.09361361895037,-0.0,-56.0,-40.0,0.9236856,0.39662957,0.221461,0.00016114896,32
617,2018-02-15,-44.095348420023214,-20.095581863989857,-0.0,-28.0,-12.0,0.91071886,0.43331236,0.20454994,0.00030632524,32
621,2018-02-15,-44.095348420023214,-20.095581863989857,-0.0,-30.0,-16.0,0.919275,0.40785578,0.221529,0.00037647443,32
631,2018-02-15,-44.150050889041545,-20.08574063879243,-0.0,-62.0,32.0,0.96217763,0.27867618,0.2173203,0.00012443759,32
632,2018-02-15,-44.158417149009054,-20.066714270077405,-0.0,-62.0,32.0,0.9420799,0.3442246,0.21013477,0.0001555898,32
639,2018-02-15,-44.14721923182177,-20.07944225466608,-0.0,-62.0,40.0,0.9141801,0.42269146,0.23625557,0.00014431524,32
642,2018-02-15,-44.093417744646096,-20.09361361895037,-0.0,-50.0,-32.0,0.95720506,0.29472056,0.22483774,0.00017313514,32
659,2018-02-15,-44.09316032126248,-20.093876051622303,-0.0,-26.0,0.0,0.9202357,0.41621837,0.23191184,0.0004714754,32
666,2018-02-15,-44.09612069017406,-20.098599839717068,-0.0,-32.0,-20.0,0.8369649,0.59542996,0.22777635,0.00024879372,32
674,2018-02-15,-44.15803101393363,-20.068026433437065,-0.0,-60.0,40.0,0.9488301,0.32394177,0.21363357,0.00017669244,32
687,2018-02-15,-44.095348420023214,-20.095844296661788,-0.0,-26.0,-12.0,0.9264778,0.39259818,0.2429174,0.0003334301,32
689,2018-02-15,-44.094704861564175,-20.102273897124107,-0.0,-40.0,-24.0,0.8999888,0.45509607,0.22149613,0.00017279296,32
699,2018-02-15,-44.09277418618706,-20.092957537270543,-0.0,-60.0,-36.0,0.8248223,0.62379014,0.22112992,0.00010524349,32
704,2018-02-15,-44.16227849976329,-20.07301265420376,-0.0,-60.0,40.0,0.9730441,0.23360339,0.21389751,0.00015998124,32
738,2018-02-15,-44.16137751792064,-20.071044409164276,-0.0,-58.0,40.0,0.9537537,0.30705687,0.21450779,8.5356805e-05,32
743,2018-02-15,-44.095219708331406,-20.10292997880393,-0.0,-34.0,-32.0,0.963839,0.27309382,0.2487394,0.00023321668,32
748,2018-02-15,-44.1672982557438,-20.073799952219552,-0.0,-60.0,40.0,0.9394868,0.35379896,0.2385987,0.00016835134,32
749,2018-02-15,-44.15970426592713,-20.064614808701958,-0.0,-60.0,36.0,0.9923783,0.1236501,0.23288263,0.00010213836,32
753,2018-02-15,-44.09444743818056,-20.09453213330213,-0.0,-30.0,4.0,0.93633944,0.3616963,0.24223724,0.0002814164,32
772,2018-02-15,-44.093546456337904,-20.094400916966165,-0.0,-26.0,12.0,0.9233013,0.3976936,0.23818585,0.00025641994,32
778,2018-02-15,-44.14824892535624,-20.084690908104704,-0.0,-64.0,40.0,0.993268,0.11620175,0.217038,0.000119338845,32
781,2018-02-15,-44.09277418618706,-20.092957537270543,-0.0,-64.0,-40.0,0.9240293,0.3957767,0.23231132,0.00016137642,32
785,2018-02-15,-44.15648647363194,-20.07655549527483,-0.0,-58.0,32.0,0.947436,0.32984012,0.24211547,8.705073e-05,32
795,2018-02-15,-44.09740780709214,-20.10463579117149,-0.0,-30.0,-40.0,0.8850024,0.53440773,0.22723202,0.0001532011,32
800,2018-02-15,-44.1674269674356,-20.07432481756341,-0.0,-60.0,40.0,0.99912155,0.04192622,0.23580386,0.00012518003,32
809,2018-02-15,-44.16163494130425,-20.076817927946763,-0.0,-60.0,40.0,0.9765173,0.21793333,0.2365612,0.00012580244,32
810,2018-02-15,-44.15906070746809,-20.06566453938968,-0.0,-64.0,40.0,0.9807913,0.19675484,0.22297284,0.00012886837,32
812,2018-02-15,-44.09612069017406,-20.10463579117149,-0.0,-32.0,-28.0,0.9810543,0.19555587,0.24058457,0.00018460231,32
815,2018-02-15,-44.09290289787887,-20.09361361895037,-0.0,-34.0,-32.0,0.9477484,0.3269546,0.24155085,0.00027799365,32
817,2018-02-15,-44.15326868133674,-20.081935365049425,-0.0,-60.0,40.0,0.97455287,0.22695863,0.23753211,0.00013418394,32
819,2018-02-15,-44.15391223979578,-20.07025711114848,-0.0,-58.0,40.0,0.96879125,0.251771,0.22422275,0.00012923428,32
826,2018-02-15,-44.09573455509864,-20.100436868420587,-0.0,-40.0,-32.0,0.85571986,0.5583373,0.24542302,0.00029766848,32
839,2018-02-15,-44.1541696631794,-20.07983590367397,-0.0,-60.0,40.0,0.9838538,0.18029623,0.23935002,0.00027133914,32
842,2018-02-15,-44.161892364687866,-20.07708036061869,-0.0,-62.0,36.0,0.98912096,0.14776096,0.22787876,9.263296e-05,32
843,2018-02-15,-44.09715038370853,-20.098731056053037,-0.0,-42.0,-16.0,0.8399253,0.5894708,0.22958055,0.00012341807,32
849,2018-02-15,-44.09689296032491,-20.098862272389,-0.0,-40.0,-16.0,0.8082655,0.64302075,0.23864205,0.00013250821,32
878,2018-02-15,-44.15532806840567,-20.07944225466608,-0.0,-60.0,40.0,0.98164153,0.19241036,0.24028865,0.00024076854,32
879,2018-02-15,-44.15172414103505,-20.083772393752945,-0.0,-62.0,40.0,0.94224805,0.34635422,0.23466736,0.00017846754,32
881,2018-02-15,-44.09727909540033,-20.098731056053037,-0.0,-40.0,-16.0,0.8462761,0.57560474,0.22890337,7.089602e-05,32
902,2018-02-15,-44.09135835757717,-20.090201994215263,-0.0,-54.0,-32.0,0.9236139,0.3990633,0.23943725,0.00012808619,32
917,2018-02-15,-44.0917444926526,-20.09164537391089,-0.0,-66.0,-28.0,0.8399489,0.58606946,0.23359168,6.524553e-05,32
922,2018-02-15,-44.095863266790445,-20.09702524368548,-0.0,-32.0,-16.0,0.8334973,0.6023138,0.22462654,0.00019463511,32
953,2018-02-15,-44.09715038370853,-20.098862272389,-0.0,-42.0,-12.0,0.81594616,0.6319421,0.22483456,0.00016212075,32
988,2018-02-15,-44.1591894191599,-20.06592697206161,-0.0,-64.0,36.0,0.9466307,0.33186823,0.23593827,9.492854e-05,32
991,2018-02-15,-44.1575161671664,-20.08482212444067,-0.0,-60.0,40.0,0.9994936,0.03182455,0.23950803,0.00027012592,32
1001,2018-02-15,-44.161892364687866,-20.076817927946763,-0.0,-64.0,32.0,0.96615434,0.26191953,0.23441048,8.023096e-05,32
1002,2018-02-15,-44.09444743818056,-20.09492578231003,-0.0,-34.0,-32.0,1.0,0.00039513933,0.22878867,0.00025367626,32
1010,2018-02-15,-44.15365481641216,-20.083509961081013,-0.0,-62.0,40.0,0.99335134,0.11545927,0.23778822,0.00019389139,32
1020,2018-02-15,-44.16292205822233,-20.072094139852,-0.0,-60.0,40.0,0.91512394,0.41756633,0.24028625,0.0001782693,32
1034,2018-02-15,-44.16202107637967,-20.07721157695466,-0.0,-60.0,40.0,0.981273,0.1944176,0.24814238,0.00010865971,32
1040,2018-02-15,-44.161892364687866,-20.07721157695466,-0.0,-60.0,40.0,0.96591824,0.26365894,0.2468073,0.00010343269,32
1050,2018-02-15,-44.09457614987237,-20.102405113460076,-0.0,-38.0,-36.0,0.93953866,0.35215226,0.24512702,0.00030498733,32
1070,2018-02-15,-44.1575161671664,-20.08482212444067,-0.0,-60.0,36.0,0.96219236,0.28010356,0.23884472,0.00017387042,32
1072,2018-02-15,-44.0917444926526,-20.09164537391089,-0.0,-64.0,-36.0,0.91248626,0.42968604,0.23979232,7.8801335e-05,32
1076,2018-02-15,-44.15880328408448,-20.06592697206161,-0.0,-60.0,40.0,0.93656856,0.36525702,0.23667216,7.3392395e-05,32
1079,2018-02-15,-44.15391223979578,-20.07025711114848,-0.0,-60.0,40.0,0.9695847,0.24850449,0.24799877,9.992429e-05,32
1091,2018-02-15,-44.158417149009054,-20.0850845571126,-0.0,-58.0,36.0,0.8887288,0.4815745,0.24550791,0.00012143039,32
1092,2018-02-15,-44.1509518708842,-20.07432481756341,-0.0,-64.0,40.0,0.87775964,0.53542435,0.2352003,0.00030330935,32
1099,2018-02-15,-44.093546456337904,-20.09361361895037,-0.0,-52.0,-36.0,0.8961929,0.46807668,0.23183072,0.00010412827,32
1102,2018-02-15,-44.16292205822233,-20.072094139852,-0.0,-60.0,40.0,0.91454065,0.42063314,0.23443252,0.00013330363,32
1108,2018-02-15,-44.14734794351358,-20.07878617298625,-0.0,-60.0,40.0,0.99970615,0.02424301,0.23583807,8.263391e-05,32
1117,2018-02-15,-44.16768439081922,-20.071831707180067,-0.0,-58.0,36.0,0.981466,0.19336696,0.22862582,0.0001814576,32
1127,2018-02-15,-44.09264547449525,-20.09308875360651,-0.0,-62.0,-40.0,0.8971481,0.47378388,0.23896502,0.00011133063,32
1146,2018-02-15,-44.16034782438617,-20.068813731452856,-0.0,-56.0,40.0,0.9864666,0.1649596,0.24976282,0.00036398857,32
1153,2018-02-15,-44.150050889041545,-20.0858718551284,-0.0,-62.0,36.0,0.99220043,0.1250837,0.2397805,0.00020716414,32
1155,2018-02-15,-44.09444743818056,-20.102011464452172,-0.0,-34.0,-40.0,0.92435986,0.39511356,0.23405898,0.00023943702,32
1159,2018-02-15,-44.093546456337904,-20.09400726795827,-0.0,-28.0,0.0,0.9480586,0.3266401,0.24105251,0.00034425358,32
1163,2018-02-15,-44.09766523047576,-20.105029440179383,-0.0,-28.0,-40.0,0.9311042,0.37839893,0.24166062,0.0001920892,32
1174,2018-02-15,-44.095219708331406,-20.102011464452172,-0.0,-36.0,-40.0,0.9113488,0.42841828,0.24216647,0.00012990848,32
1181,2018-02-15,-44.09161578096079,-20.093219969942474,-0.0,-28.0,-8.0,0.8859077,0.49635297,0.23633368,0.00021885987,32
1189,2018-02-15,-44.09715038370853,-20.098731056053037,-0.0,-42.0,-16.0,0.8359385,0.6007249,0.24258535,0.00012660914,32
1191,2018-02-15,-44.095219708331406,-20.095844296661788,-0.0,-28.0,-12.0,0.8651284,0.5359111,0.24847127,0.00020080352,32
1197,2018-02-15,-44.16214978807148,-20.07616184626693,-0.0,-60.0,40.0,0.9665673,0.26143262,0.24416661,0.00011817686,32
1204,2018-02-15,-44.093546456337904,-20.094400916966165,-0.0,-26.0,0.0,0.93913746,0.35383812,0.24792047,0.0003644777,32
1217,2018-02-15,-44.16202107637967,-20.074718466571312,-0.0,-58.0,40.0,0.9690986,0.2505538,0.24575986,9.5118936e-05,32
1231,2018-02-15,-44.14992217734974,-20.08692158581612,-0.0,-60.0,32.0,0.9371452,0.3654364,0.24572617,0.00011899009,32
1247,2018-02-15,-44.094704861564175,-20.094663349638097,-0.0,-30.0,-12.0,0.9238721,0.39515322,0.2348293,0.00022071703,32
1251,2018-02-15,-44.09251676280344,-20.093219969942474,-0.0,-48.0,-36.0,0.89386845,0.4703759,0.24224225,0.00015514281,32
1256,2018-02-15,-44.09483357325598,-20.093219969942474,-0.0,-52.0,-40.0,0.86129993,0.54238904,0.24783906,0.0001059604,32
1259,2018-02-15,-44.16227849976329,-20.072881437867792,-0.0,-60.0,40.0,0.9829678,0.18534474,0.24443871,0.00014352797,32
1260,2018-02-15,-44.15481322163844,-20.071044409164276,-0.0,-60.0,32.0,0.9734008,0.23258153,0.23211527,0.00010914595,32
1289,2018-02-15,-44.1541696631794,-20.07983590367397,-0.0,-60.0,40.0,0.9900696,0.14119089,0.24933314,0.00012980548,32
1290,2018-02-15,-44.095219708331406,-20.095319431317925,-0.0,-28.0,-4.0,0.9366193,0.3611681,0.23686811,0.0001664893,32
1291,2018-02-15,-44.094704861564175,-20.09361361895037,-0.0,-54.0,-40.0,0.8996914,0.4565308,0.2475767,0.00012423437,32
1292,2018-02-15,-44.09303160957067,-20.09335118627844,-0.0,-52.0,-36.0,0.9403788,0.35013777,0.23605238,0.00015071555,32
1305,2018-02-15,-44.09715038370853,-20.098862272389,-0.0,-42.0,-8.0,0.83434314,0.59625983,0.23497155,0.00011737869,32
1313,2018-02-15,-44.1558429151729,-20.07340630321165,-0.0,-60.0,40.0,0.9211648,0.4038228,0.23622842,0.00013031399,32
1329,2018-02-15,-44.1509518708842,-20.07445603389938,-0.0,-62.0,40.0,0.91050994,0.4318001,0.2425376,0.00029912443,32
25,2018-02-27,-44.177981326163845,-20.065402106717748,-0.0,-62.0,36.0,0.9934322,0.114803776,0.12596866,0.00017885656,32
36,2018-02-27,-44.161892364687866,-20.07708036061869,-0.0,-62.0,40.0,0.9895274,0.14510763,0.16019304,0.00016061729,32
49,2018-02-27,-44.158288437317246,-20.066320621069508,-0.0,-60.0,36.0,0.9677011,0.25603223,0.16889001,0.00021117146,32
51,2018-02-27,-44.1575161671664,-20.08482212444067,-0.0,-60.0,40.0,0.99133533,0.13187632,0.15246536,0.00031897012,32
55,2018-02-27,-44.15597162686471,-20.07904860565818,-0.0,-58.0,40.0,0.99169916,0.12906517,0.17269787,0.00030624378,32
58,2018-02-27,-44.1591894191599,-20.06592697206161,-0.0,-64.0,40.0,0.9866735,0.1637098,0.16357863,0.00016910466,32
60,2018-02-27,-44.158417149009054,-20.066714270077405,-0.0,-60.0,32.0,0.9606683,0.28429142,0.16295098,0.00027915908,32
70,2018-02-27,-44.15558549178928,-20.073143870539724,-0.0,-58.0,40.0,0.98207843,0.1903084,0.16551217,0.00015617402,32
72,2018-02-27,-44.161892364687866,-20.076817927946763,-0.0,-60.0,40.0,0.98664135,0.16406055,0.17289028,0.00018321899,32
77,2018-02-27,-44.15558549178928,-20.073143870539724,-0.0,-60.0,40.0,0.9936751,0.11267752,0.17115304,0.0002308823,32
78,2018-02-27,-44.16176365299606,-20.07708036061869,-0.0,-62.0,40.0,0.98854494,0.15176974,0.17172363,0.0001721688,32
79,2018-02-27,-44.177981326163845,-20.065533323053717,-0.0,-62.0,36.0,0.9964764,0.08401511,0.16623512,0.00018862613,32
86,2018-02-27,-44.157130032090976,-20.07235657252393,-0.0,-60.0,36.0,0.99061596,0.13728343,0.15821503,0.00026863083,32
87,2018-02-27,-44.15365481641216,-20.08364117741698,-0.0,-62.0,40.0,0.9950991,0.0991742,0.17583664,0.00029401673,32
92,2018-02-27,-44.15365481641216,-20.08364117741698,-0.0,-62.0,40.0,0.99385124,0.11107637,0.1650057,0.00031562397,32
101,2018-02-27,-44.157130032090976,-20.07235657252393,-0.0,-60.0,36.0,0.98830754,0.15364271,0.16259168,0.0002030594,32
102,2018-02-27,-44.1575161671664,-20.08482212444067,-0.0,-60.0,36.0,0.9933006,0.11592739,0.16052273,0.0002825142,32
106,2018-02-27,-44.158288437317246,-20.066320621069508,-0.0,-60.0,40.0,0.96672195,0.260466,0.17711703,0.00022746764,32
107,2018-02-27,-44.150050889041545,-20.0858718551284,-0.0,-62.0,32.0,0.9972439,0.07430704,0.17113066,0.00025208955,32
108,2018-02-27,-44.095348420023214,-20.095581863989857,-0.0,-26.0,-4.0,0.9112881,0.43588206,0.17609175,0.00035253962,32
109,2018-02-27,-44.15815972562544,-20.068026433437065,-0.0,-60.0,40.0,0.92887574,0.38277623,0.18616179,0.00031713524,32
111,2018-02-27,-44.15558549178928,-20.073143870539724,-0.0,-58.0,40.0,0.9956475,0.093374655,0.16038811,0.00014709214,32
116,2018-02-27,-44.15597162686471,-20.07904860565818,-0.0,-60.0,40.0,0.98307085,0.18469657,0.19299243,0.00018906631,32
120,2018-02-27,-44.15442708656301,-20.0717004908441,-0.0,-60.0,40.0,0.98103976,0.19561706,0.18038051,0.0002138021,32
122,2018-02-27,-44.177981326163845,-20.065402106717748,-0.0,-62.0,36.0,0.9920553,0.12631515,0.16516092,0.00013893403,32
124,2018-02-27,-44.16768439081922,-20.071831707180067,-0.0,-58.0,40.0,0.9844347,0.17712511,0.16961817,0.00019569618,32
125,2018-02-27,-44.09316032126248,-20.103192411475867,-0.0,-30.0,-28.0,0.9221537,0.4055343,0.18537693,0.00026284982,32
135,2018-02-27,-44.1575161671664,-20.08482212444067,-0.0,-60.0,40.0,0.9926844,0.12122337,0.17335667,0.00032299763,32
166,2018-02-27,-44.16227849976329,-20.07301265420376,-0.0,-60.0,40.0,0.9948693,0.10141454,0.17611928,0.0002781563,32
169,2018-02-27,-44.15906070746809,-20.06592697206161,-0.0,-62.0,36.0,0.96458185,0.26856968,0.1896261,7.7959645e-05,32
183,2018-02-27,-44.161892364687866,-20.07721157695466,-0.0,-60.0,40.0,0.98572654,0.16954353,0.20472775,0.00016644613,32
184,2018-02-27,-44.14914990719889,-20.083509961081013,-0.0,-62.0,24.0,0.92275953,0.39962417,0.18632154,0.00019650752,32
192,2018-02-27,-44.15558549178928,-20.073143870539724,-0.0,-58.0,36.0,0.96856844,0.2538515,0.20102504,0.00022607588,32
208,2018-02-27,-44.09547713171502,-20.096631594677586,-0.0,-16.0,-28.0,0.8838611,0.4968438,0.19951294,0.00028506762,32
209,2018-02-27,-44.09573455509864,-20.104242142163592,-0.0,-30.0,-32.0,0.99192834,0.12720996,0.20155519,0.00028709535,32
211,2018-02-27,-44.14824892535624,-20.08482212444067,-0.0,-62.0,36.0,0.97233886,0.23678724,0.1985304,0.00017741922,32
227,2018-02-27,-44.15172414103505,-20.083772393752945,-0.0,-62.0,40.0,0.9442581,0.34013498,0.17343715,0.00015305412,32
230,2018-02-27,-44.1558429151729,-20.078654956650283,-0.0,-58.0,40.0,0.99377,0.11183355,0.20406978,0.00019458176,32
234,2018-02-27,-44.09496228494779,-20.095319431317925,-0.0,-30.0,-20.0,0.933926,0.3708147,0.21000704,0.00035274707,32
235,2018-02-27,-44.1672982557438,-20.07393116855552,-0.0,-60.0,40.0,0.94888365,0.32600248,0.19429739,0.00019437468,32
250,2018-02-27,-44.1558429151729,-20.071831707180067,-0.0,-58.0,36.0,0.9687802,0.25208294,0.20764968,0.00012654542,32
262,2018-02-27,-44.15558549178928,-20.073143870539724,-0.0,-60.0,40.0,0.9888833,0.14947388,0.214402,0.00019721958,32
279,2018-02-27,-44.15378352810397,-20.08390361008891,-0.0,-62.0,40.0,0.9593733,0.28800502,0.1987492,0.00014123438,32
292,2018-02-27,-44.09277418618706,-20.09308875360651,-0.0,-62.0,-40.0,0.94386774,0.3385104,0.2108965,0.00015072811,32
294,2018-02-27,-44.150050889041545,-20.0858718551284,-0.0,-62.0,40.0,0.99573416,0.09243322,0.20145847,0.00022659368,32
297,2018-02-27,-44.1509518708842,-20.07445603389938,-0.0,-62.0,40.0,0.91531914,0.42315394,0.18903947,0.000473964,32
298,2018-02-27,-44.09573455509864,-20.104110925827623,-0.0,-32.0,-32.0,0.9713802,0.24072301,0.20770803,0.00019924583,32
302,2018-02-27,-44.1509518708842,-20.07445603389938,-0.0,-64.0,40.0,0.9010573,0.46399283,0.19030711,0.00030566705,32
307,2018-02-27,-44.15558549178928,-20.073143870539724,-0.0,-60.0,36.0,0.94426954,0.33953795,0.21462357,0.0001921205,32
322,2018-02-27,-44.16150622961244,-20.065533323053717,-0.0,-58.0,32.0,0.9559043,0.30019727,0.20587029,0.00021429466,32
326,2018-02-27,-44.158417149009054,-20.066714270077405,-0.0,-60.0,28.0,0.92922074,0.38275728,0.21405818,0.00021434038,32
334,2018-02-27,-44.14824892535624,-20.08482212444067,-0.0,-64.0,36.0,0.9591197,0.28854805,0.20624818,0.00011566065,32
341,2018-02-27,-44.093417744646096,-20.094138484294238,-0.0,-30.0,0.0,0.9271192,0.38806647,0.20293237,0.00020528595,32
342,2018-02-27,-44.09573455509864,-20.104110925827623,-0.0,-28.0,-32.0,0.967172,0.2586741,0.21095438,0.00017666417,32
343,2018-02-27,-44.094704861564175,-20.094663349638097,-0.0,-30.0,-12.0,0.9320163,0.37439924,0.20520887,0.00024680147,32
350,2018-02-27,-44.15494193333024,-20.07143805817217,-0.0,-60.0,32.0,0.9771433,0.21485306,0.2082436,0.000101412086,32
351,2018-02-27,-44.15365481641216,-20.083509961081013,-0.0,-62.0,40.0,0.99176425,0.12863493,0.1975397,0.00024892512,32
354,2018-02-27,-44.095219708331406,-20.10188024811621,-0.0,-34.0,-40.0,0.85031635,0.56276417,0.19688289,0.0001462547,32
355,2018-02-27,-44.14721923182177,-20.07944225466608,-0.0,-62.0,40.0,0.9097379,0.4362786,0.20008743,0.0001692326,32
358,2018-02-27,-44.161892364687866,-20.076817927946763,-0.0,-60.0,40.0,0.97885114,0.2066355,0.2046915,0.00012147129,32
365,2018-02-27,-44.09483357325598,-20.095975512997757,-0.0,-16.0,-16.0,0.87048537,0.5251366,0.2145026,0.00022786683,32
371,2018-02-27,-44.16150622961244,-20.065533323053717,-0.0,-58.0,36.0,0.96249855,0.27732918,0.21806788,0.00021408769,32
372,2018-02-27,-44.156615185323744,-20.07235657252393,-0.0,-60.0,40.0,0.98747224,0.15874347,0.22571152,0.00016332245,32
376,2018-02-27,-44.177981326163845,-20.065533323053717,-0.0,-64.0,40.0,0.98931545,0.14667082,0.2060611,0.0001226925,32
428,2018-02-27,-44.095348420023214,-20.099255921396896,-0.0,-34.0,-20.0,0.8599175,0.5520587,0.21099286,0.00021701,32
445,2018-02-27,-44.15030831242516,-20.084690908104704,-0.0,-62.0,40.0,0.9537714,0.31028697,0.19998807,0.00011961138,32
451,2018-02-27,-44.095348420023214,-20.09269510459861,-0.0,-50.0,-32.0,0.89500684,0.4699368,0.21193483,0.000103801125,32
452,2018-02-27,-44.1624072114551,-20.06658305374144,-0.0,-60.0,36.0,0.99999905,0.0013166264,0.18705474,0.00012239197,32
454,2018-02-27,-44.161892364687866,-20.07721157695466,-0.0,-60.0,40.0,0.98762494,0.15781839,0.21329112,0.000108521395,32
462,2018-02-27,-44.1492786188907,-20.083772393752945,-0.0,-62.0,36.0,0.9009371,0.45448023,0.21690197,0.00015435196,32
468,2018-02-27,-44.16768439081922,-20.071831707180067,-0.0,-58.0,40.0,0.99912137,0.041926306,0.1979922,0.00025140448,32
469,2018-02-27,-44.156615185323744,-20.07235657252393,-0.0,-62.0,40.0,0.9884701,0.15216252,0.21888806,0.00014295946,32
475,2018-02-27,-44.16150622961244,-20.06684548641337,-0.0,-60.0,40.0,0.9333956,0.37320685,0.20200405,0.00019318266,32
480,2018-02-27,-44.09573455509864,-20.10437335849956,-0.0,-30.0,-28.0,0.97603565,0.21994607,0.22386426,0.00023246644,32
489,2018-02-27,-44.15378352810397,-20.0854782061205,-0.0,-60.0,36.0,0.98614484,0.16707681,0.22113495,0.00015665224,32
498,2018-02-27,-44.16202107637967,-20.07760522596256,-0.0,-60.0,40.0,0.9739393,0.22963941,0.22176117,0.00018630472,32
515,2018-02-27,-44.177981326163845,-20.065533323053717,-0.0,-62.0,40.0,0.99098617,0.13457483,0.22828959,0.00014239682,32
517,2018-02-27,-44.16137751792064,-20.071044409164276,-0.0,-58.0,40.0,0.9873319,0.16011351,0.20574138,0.000113239825,32
518,2018-02-27,-44.16202107637967,-20.07760522596256,-0.0,-60.0,36.0,0.9819957,0.19045453,0.2204059,0.00024409748,32
520,2018-02-27,-44.14992217734974,-20.08692158581612,-0.0,-60.0,32.0,0.9329311,0.37142602,0.22161011,0.00016959709,32
533,2018-02-27,-44.093546456337904,-20.09361361895037,-0.0,-54.0,-36.0,0.92416435,0.39691073,0.22529994,0.00012681105,32
538,2018-02-27,-44.15468450994663,-20.07904860565818,-0.0,-60.0,40.0,0.9603823,0.28433818,0.2098461,7.573011e-05,32
547,2018-02-27,-44.1509518708842,-20.07432481756341,-0.0,-62.0,40.0,0.90768754,0.43956012,0.21304497,0.00048326713,32
551,2018-02-27,-44.09431872648875,-20.09361361895037,-0.0,-60.0,-40.0,0.9269395,0.38688326,0.22368047,8.363042e-05,32
573,2018-02-27,-44.09715038370853,-20.10437335849956,-0.0,-26.0,-40.0,0.981993,0.19041304,0.21994461,0.00020242653,32
591,2018-02-27,-44.09637811355768,-20.10476700750745,-0.0,-28.0,-28.0,0.88030064,0.50150853,0.24380408,0.00016093155,32
595,2018-02-27,-44.09277418618706,-20.09308875360651,-0.0,-60.0,-36.0,0.9506957,0.31798822,0.22435091,0.00015162292,32
597,2018-02-27,-44.094704861564175,-20.09361361895037,-0.0,-56.0,-40.0,0.9236856,0.39662957,0.221461,0.00016114896,32
617,2018-02-27,-44.095348420023214,-20.095581863989857,-0.0,-28.0,-12.0,0.91071886,0.43331236,0.20454994,0.00030632524,32
621,2018-02-27,-44.095348420023214,-20.095581863989857,-0.0,-30.0,-16.0,0.919275,0.40785578,0.221529,0.00037647443,32
631,2018-02-27,-44.150050889041545,-20.08574063879243,-0.0,-62.0,32.0,0.96217763,0.27867618,0.2173203,0.00012443759,32
632,2018-02-27,-44.158417149009054,-20.066714270077405,-0.0,-62.0,32.0,0.9420799,0.3442246,0.21013477,0.0001555898,32
639,2018-02-27,-44.14721923182177,-20.07944225466608,-0.0,-62.0,40.0,0.9141801,0.42269146,0.23625557,0.00014431524,32
642,2018-02-27,-44.093417744646096,-20.09361361895037,-0.0,-50.0,-32.0,0.95720506,0.29472056,0.22483774,0.00017313514,32
659,2018-02-27,-44.09316032126248,-20.093876051622303,-0.0,-26.0,0.0,0.9202357,0.41621837,0.23191184,0.0004714754,32
666,2018-02-27,-44.09612069017406,-20.098599839717068,-0.0,-32.0,-20.0,0.8369649,0.59542996,0.22777635,0.00024879372,32
674,2018-02-27,-44.15803101393363,-20.068026433437065,-0.0,-60.0,40.0,0.9488301,0.32394177,0.21363357,0.00017669244,32
687,2018-02-27,-44.095348420023214,-20.095844296661788,-0.0,-26.0,-12.0,0.9264778,0.39259818,0.2429174,0.0003334301,32
689,2018-02-27,-44.094704861564175,-20.102273897124107,-0.0,-40.0,-24.0,0.8999888,0.45509607,0.22149613,0.00017279296,32
699,2018-02-27,-44.09277418618706,-20.092957537270543,-0.0,-60.0,-36.0,0.8248223,0.62379014,0.22112992,0.00010524349,32
704,2018-02-27,-44.16227849976329,-20.07301265420376,-0.0,-60.0,40.0,0.9730441,0.23360339,0.21389751,0.00015998124,32
738,2018-02-27,-44.16137751792064,-20.071044409164276,-0.0,-58.0,40.0,0.9537537,0.30705687,0.21450779,8.5356805e-05,32
743,2018-02-27,-44.095219708331406,-20.10292997880393,-0.0,-34.0,-32.0,0.963839,0.27309382,0.2487394,0.00023321668,32
748,2018-02-27,-44.1672982557438,-20.073799952219552,-0.0,-60.0,40.0,0.9394868,0.35379896,0.2385987,0.00016835134,32
749,2018-02-27,-44.15970426592713,-20.064614808701958,-0.0,-60.0,36.0,0.9923783,0.1236501,0.23288263,0.00010213836,32
753,2018-02-27,-44.09444743818056,-20.09453213330213,-0.0,-30.0,4.0,0.93633944,0.3616963,0.24223724,0.0002814164,32
772,2018-02-27,-44.093546456337904,-20.094400916966165,-0.0,-26.0,12.0,0.9233013,0.3976936,0.23818585,0.00025641994,32
778,2018-02-27,-44.14824892535624,-20.084690908104704,-0.0,-64.0,40.0,0.993268,0.11620175,0.217038,0.000119338845,32
781,2018-02-27,-44.09277418618706,-20.092957537270543,-0.0,-64.0,-40.0,0.9240293,0.3957767,0.23231132,0.00016137642,32
785,2018-02-27,-44.15648647363194,-20.07655549527483,-0.0,-58.0,32.0,0.947436,0.32984012,0.24211547,8.705073e-05,32
795,2018-02-27,-44.09740780709214,-20.10463579117149,-0.0,-30.0,-40.0,0.8850024,0.53440773,0.22723202,0.0001532011,32
800,2018-02-27,-44.1674269674356,-20.07432481756341,-0.0,-60.0,40.0,0.99912155,0.04192622,0.23580386,0.00012518003,32
809,2018-02-27,-44.16163494130425,-20.076817927946763,-0.0,-60.0,40.0,0.9765173,0.21793333,0.2365612,0.00012580244,32
810,2018-02-27,-44.15906070746809,-20.06566453938968,-0.0,-64.0,40.0,0.9807913,0.19675484,0.22297284,0.00012886837,32
812,2018-02-27,-44.09612069017406,-20.10463579117149,-0.0,-32.0,-28.0,0.9810543,0.19555587,0.24058457,0.00018460231,32
815,2018-02-27,-44.09290289787887,-20.09361361895037,-0.0,-34.0,-32.0,0.9477484,0.3269546,0.24155085,0.00027799365,32
817,2018-02-27,-44.15326868133674,-20.081935365049425,-0.0,-60.0,40.0,0.97455287,0.22695863,0.23753211,0.00013418394,32
819,2018-02-27,-44.15391223979578,-20.07025711114848,-0.0,-58.0,40.0,0.96879125,0.251771,0.22422275,0.00012923428,32
826,2018-02-27,-44.09573455509864,-20.100436868420587,-0.0,-40.0,-32.0,0.85571986,0.5583373,0.24542302,0.00029766848,32
839,2018-02-27,-44.1541696631794,-20.07983590367397,-0.0,-60.0,40.0,0.9838538,0.18029623,0.23935002,0.00027133914,32
842,2018-02-27,-44.161892364687866,-20.07708036061869,-0.0,-62.0,36.0,0.98912096,0.14776096,0.22787876,9.263296e-05,32
843,2018-02-27,-44.09715038370853,-20.098731056053037,-0.0,-42.0,-16.0,0.8399253,0.5894708,0.22958055,0.00012341807,32
849,2018-02-27,-44.09689296032491,-20.098862272389,-0.0,-40.0,-16.0,0.8082655,0.64302075,0.23864205,0.00013250821,32
878,2018-02-27,-44.15532806840567,-20.07944225466608,-0.0,-60.0,40.0,0.98164153,0.19241036,0.24028865,0.00024076854,32
879,2018-02-27,-44.15172414103505,-20.083772393752945,-0.0,-62.0,40.0,0.94224805,0.34635422,0.23466736,0.00017846754,32
881,2018-02-27,-44.09727909540033,-20.098731056053037,-0.0,-40.0,-16.0,0.8462761,0.57560474,0.22890337,7.089602e-05,32
902,2018-02-27,-44.09135835757717,-20.090201994215263,-0.0,-54.0,-32.0,0.9236139,0.3990633,0.23943725,0.00012808619,32
917,2018-02-27,-44.0917444926526,-20.09164537391089,-0.0,-66.0,-28.0,0.8399489,0.58606946,0.23359168,6.524553e-05,32
922,2018-02-27,-44.095863266790445,-20.09702524368548,-0.0,-32.0,-16.0,0.8334973,0.6023138,0.22462654,0.00019463511,32
953,2018-02-27,-44.09715038370853,-20.098862272389,-0.0,-42.0,-12.0,0.81594616,0.6319421,0.22483456,0.00016212075,32
988,2018-02-27,-44.1591894191599,-20.06592697206161,-0.0,-64.0,36.0,0.9466307,0.33186823,0.23593827,9.492854e-05,32
991,2018-02-27,-44.1575161671664,-20.08482212444067,-0.0,-60.0,40.0,0.9994936,0.03182455,0.23950803,0.00027012592,32
1001,2018-02-27,-44.161892364687866,-20.076817927946763,-0.0,-64.0,32.0,0.96615434,0.26191953,0.23441048,8.023096e-05,32
1002,2018-02-27,-44.09444743818056,-20.09492578231003,-0.0,-34.0,-32.0,1.0,0.00039513933,0.22878867,0.00025367626,32
1010,2018-02-27,-44.15365481641216,-20.083509961081013,-0.0,-62.0,40.0,0.99335134,0.11545927,0.23778822,0.00019389139,32
1020,2018-02-27,-44.16292205822233,-20.072094139852,-0.0,-60.0,40.0,0.91512394,0.41756633,0.24028625,0.0001782693,32
1034,2018-02-27,-44.16202107637967,-20.07721157695466,-0.0,-60.0,40.0,0.981273,0.1944176,0.24814238,0.00010865971,32
1040,2018-02-27,-44.161892364687866,-20.07721157695466,-0.0,-60.0,40.0,0.96591824,0.26365894,0.2468073,0.00010343269,32
1050,2018-02-27,-44.09457614987237,-20.102405113460076,-0.0,-38.0,-36.0,0.93953866,0.35215226,0.24512702,0.00030498733,32
1070,2018-02-27,-44.1575161671664,-20.08482212444067,-0.0,-60.0,36.0,0.96219236,0.28010356,0.23884472,0.00017387042,32
1072,2018-02-27,-44.0917444926526,-20.09164537391089,-0.0,-64.0,-36.0,0.91248626,0.42968604,0.23979232,7.8801335e-05,32
1076,2018-02-27,-44.15880328408448,-20.06592697206161,-0.0,-60.0,40.0,0.93656856,0.36525702,0.23667216,7.3392395e-05,32
1079,2018-02-27,-44.15391223979578,-20.07025711114848,-0.0,-60.0,40.0,0.9695847,0.24850449,0.24799877,9.992429e-05,32
1091,2018-02-27,-44.158417149009054,-20.0850845571126,-0.0,-58.0,36.0,0.8887288,0.4815745,0.24550791,0.00012143039,32
1092,2018-02-27,-44.1509518708842,-20.07432481756341,-0.0,-64.0,40.0,0.87775964,0.53542435,0.2352003,0.00030330935,32
1099,2018-02-27,-44.093546456337904,-20.09361361895037,-0.0,-52.0,-36.0,0.8961929,0.46807668,0.23183072,0.00010412827,32
1102,2018-02-27,-44.16292205822233,-20.072094139852,-0.0,-60.0,40.0,0.91454065,0.42063314,0.23443252,0.00013330363,32
1108,2018-02-27,-44.14734794351358,-20.07878617298625,-0.0,-60.0,40.0,0.99970615,0.02424301,0.23583807,8.263391e-05,32
1117,2018-02-27,-44.16768439081922,-20.071831707180067,-0.0,-58.0,36.0,0.981466,0.19336696,0.22862582,0.0001814576,32
1127,2018-02-27,-44.09264547449525,-20.09308875360651,-0.0,-62.0,-40.0,0.8971481,0.47378388,0.23896502,0.00011133063,32
1146,2018-02-27,-44.16034782438617,-20.068813731452856,-0.0,-56.0,40.0,0.9864666,0.1649596,0.24976282,0.00036398857,32
1153,2018-02-27,-44.150050889041545,-20.0858718551284,-0.0,-62.0,36.0,0.99220043,0.1250837,0.2397805,0.00020716414,32
1155,2018-02-27,-44.09444743818056,-20.102011464452172,-0.0,-34.0,-40.0,0.92435986,0.39511356,0.23405898,0.00023943702,32
1159,2018-02-27,-44.093546456337904,-20.09400726795827,-0.0,-28.0,0.0,0.9480586,0.3266401,0.24105251,0.00034425358,32
1163,2018-02-27,-44.09766523047576,-20.105029440179383,-0.0,-28.0,-40.0,0.9311042,0.37839893,0.24166062,0.0001920892,32
1174,2018-02-27,-44.095219708331406,-20.102011464452172,-0.0,-36.0,-40.0,0.9113488,0.42841828,0.24216647,0.00012990848,32
1181,2018-02-27,-44.09161578096079,-20.093219969942474,-0.0,-28.0,-8.0,0.8859077,0.49635297,0.23633368,0.00021885987,32
1189,2018-02-27,-44.09715038370853,-20.098731056053037,-0.0,-42.0,-16.0,0.8359385,0.6007249,0.24258535,0.00012660914,32
1191,2018-02-27,-44.095219708331406,-20.095844296661788,-0.0,-28.0,-12.0,0.8651284,0.5359111,0.24847127,0.00020080352,32
1197,2018-02-27,-44.16214978807148,-20.07616184626693,-0.0,-60.0,40.0,0.9665673,0.26143262,0.24416661,0.00011817686,32
1204,2018-02-27,-44.093546456337904,-20.094400916966165,-0.0,-26.0,0.0,0.93913746,0.35383812,0.24792047,0.0003644777,32
1217,2018-02-27,-44.16202107637967,-20.074718466571312,-0.0,-58.0,40.0,0.9690986,0.2505538,0.24575986,9.5118936e-05,32
1231,2018-02-27,-44.14992217734974,-20.08692158581612,-0.0,-60.0,32.0,0.9371452,0.3654364,0.24572617,0.00011899009,32
1247,2018-02-27,-44.094704861564175,-20.094663349638097,-0.0,-30.0,-12.0,0.9238721,0.39515322,0.2348293,0.00022071703,32
1251,2018-02-27,-44.09251676280344,-20.093219969942474,-0.0,-48.0,-36.0,0.89386845,0.4703759,0.24224225,0.00015514281,32
1256,2018-02-27,-44.09483357325598,-20.093219969942474,-0.0,-52.0,-40.0,0.86129993,0.54238904,0.24783906,0.0001059604,32
1259,2018-02-27,-44.16227849976329,-20.072881437867792,-0.0,-60.0,40.0,0.9829678,0.18534474,0.24443871,0.00014352797,32
1260,2018-02-27,-44.15481322163844,-20.071044409164276,-0.0,-60.0,32.0,0.9734008,0.23258153,0.23211527,0.00010914595,32
1289,2018-02-27,-44.1541696631794,-20.07983590367397,-0.0,-60.0,40.0,0.9900696,0.14119089,0.24933314,0.00012980548,32
1290,2018-02-27,-44.095219708331406,-20.095319431317925,-0.0,-28.0,-4.0,0.9366193,0.3611681,0.23686811,0.0001664893,32
1291,2018-02-27,-44.094704861564175,-20.09361361895037,-0.0,-54.0,-40.0,0.8996914,0.4565308,0.2475767,0.00012423437,32
1292,2018-02-27,-44.09303160957067,-20.09335118627844,-0.0,-52.0,-36.0,0.9403788,0.35013777,0.23605238,0.00015071555,32
1305,2018-02-27,-44.09715038370853,-20.098862272389,-0.0,-42.0,-8.0,0.83434314,0.59625983,0.23497155,0.00011737869,32
1313,2018-02-27,-44.1558429151729,-20.07340630321165,-0.0,-60.0,40.0,0.9211648,0.4038228,0.23622842,0.00013031399,32
1329,2018-02-27,-44.1509518708842,-20.07445603389938,-0.0,-62.0,40.0,0.91050994,0.4318001,0.2425376,0.00029912443,32
25,2018-03-11,-44.177981326163845,-20.065402106717748,-0.0,-62.0,36.0,0.9934322,0.114803776,0.12596866,0.00017885656,32
36,2018-03-11,-44.161892364687866,-20.07708036061869,-0.0,-62.0,40.0,0.9895274,0.14510763,0.16019304,0.00016061729,32
49,2018-03-11,-44.158288437317246,-20.066320621069508,-0.0,-60.0,36.0,0.9677011,0.25603223,0.16889001,0.00021117146,32
51,2018-03-11,-44.1575161671664,-20.08482212444067,-0.0,-60.0,40.0,0.99133533,0.13187632,0.15246536,0.00031897012,32
55,2018-03-11,-44.15597162686471,-20.07904860565818,-0.0,-58.0,40.0,0.99169916,0.12906517,0.17269787,0.00030624378,32
58,2018-03-11,-44.1591894191599,-20.06592697206161,-0.0,-64.0,40.0,0.9866735,0.1637098,0.16357863,0.00016910466,32
60,2018-03-11,-44.158417149009054,-20.066714270077405,-0.0,-60.0,32.0,0.9606683,0.28429142,0.16295098,0.00027915908,32
70,2018-03-11,-44.15558549178928,-20.073143870539724,-0.0,-58.0,40.0,0.98207843,0.1903084,0.16551217,0.00015617402,32
72,2018-03-11,-44.161892364687866,-20.076817927946763,-0.0,-60.0,40.0,0.98664135,0.16406055,0.17289028,0.00018321899,32
77,2018-03-11,-44.15558549178928,-20.073143870539724,-0.0,-60.0,40.0,0.9936751,0.11267752,0.17115304,0.0002308823,32
78,2018-03-11,-44.16176365299606,-20.07708036061869,-0.0,-62.0,40.0,0.98854494,0.15176974,0.17172363,0.0001721688,32
79,2018-03-11,-44.177981326163845,-20.065533323053717,-0.0,-62.0,36.0,0.9964764,0.08401511,0.16623512,0.00018862613,32
86,2018-03-11,-44.157130032090976,-20.07235657252393,-0.0,-60.0,36.0,0.99061596,0.13728343,0.15821503,0.00026863083,32
87,2018-03-11,-44.15365481641216,-20.08364117741698,-0.0,-62.0,40.0,0.9950991,0.0991742,0.17583664,0.00029401673,32
92,2018-03-11,-44.15365481641216,-20.08364117741698,-0.0,-62.0,40.0,0.99385124,0.11107637,0.1650057,0.00031562397,32
101,2018-03-11,-44.157130032090976,-20.07235657252393,-0.0,-60.0,36.0,0.98830754,0.15364271,0.16259168,0.0002030594,32
102,2018-03-11,-44.1575161671664,-20.08482212444067,-0.0,-60.0,36.0,0.9933006,0.11592739,0.16052273,0.0002825142,32
106,2018-03-11,-44.158288437317246,-20.066320621069508,-0.0,-60.0,40.0,0.96672195,0.260466,0.17711703,0.00022746764,32
107,2018-03-11,-44.150050889041545,-20.0858718551284,-0.0,-62.0,32.0,0.9972439,0.07430704,0.17113066,0.00025208955,32
108,2018-03-11,-44.095348420023214,-20.095581863989857,-0.0,-26.0,-4.0,0.9112881,0.43588206,0.17609175,0.00035253962,32
109,2018-03-11,-44.15815972562544,-20.068026433437065,-0.0,-60.0,40.0,0.92887574,0.38277623,0.18616179,0.00031713524,32
111,2018-03-11,-44.15558549178928,-20.073143870539724,-0.0,-58.0,40.0,0.9956475,0.093374655,0.16038811,0.00014709214,32
116,2018-03-11,-44.15597162686471,-20.07904860565818,-0.0,-60.0,40.0,0.98307085,0.18469657,0.19299243,0.00018906631,32
120,2018-03-11,-44.15442708656301,-20.0717004908441,-0.0,-60.0,40.0,0.98103976,0.19561706,0.18038051,0.0002138021,32
122,2018-03-11,-44.177981326163845,-20.065402106717748,-0.0,-62.0,36.0,0.9920553,0.12631515,0.16516092,0.00013893403,32
124,2018-03-11,-44.16768439081922,-20.071831707180067,-0.0,-58.0,40.0,0.9844347,0.17712511,0.16961817,0.00019569618,32
125,2018-03-11,-44.09316032126248,-20.103192411475867,-0.0,-30.0,-28.0,0.9221537,0.4055343,0.18537693,0.00026284982,32
135,2018-03-11,-44.1575161671664,-20.08482212444067,-0.0,-60.0,40.0,0.9926844,0.12122337,0.17335667,0.00032299763,32
166,2018-03-11,-44.16227849976329,-20.07301265420376,-0.0,-60.0,40.0,0.9948693,0.10141454,0.17611928,0.0002781563,32
169,2018-03-11,-44.15906070746809,-20.06592697206161,-0.0,-62.0,36.0,0.96458185,0.26856968,0.1896261,7.7959645e-05,32
183,2018-03-11,-44.161892364687866,-20.07721157695466,-0.0,-60.0,40.0,0.98572654,0.16954353,0.20472775,0.00016644613,32
184,2018-03-11,-44.14914990719889,-20.083509961081013,-0.0,-62.0,24.0,0.92275953,0.39962417,0.18632154,0.00019650752,32
192,2018-03-11,-44.15558549178928,-20.073143870539724,-0.0,-58.0,36.0,0.96856844,0.2538515,0.20102504,0.00022607588,32
208,2018-03-11,-44.09547713171502,-20.096631594677586,-0.0,-16.0,-28.0,0.8838611,0.4968438,0.19951294,0.00028506762,32
209,2018-03-11,-44.09573455509864,-20.104242142163592,-0.0,-30.0,-32.0,0.99192834,0.12720996,0.20155519,0.00028709535,32
211,2018-03-11,-44.14824892535624,-20.08482212444067,-0.0,-62.0,36.0,0.97233886,0.23678724,0.1985304,0.00017741922,32
227,2018-03-11,-44.15172414103505,-20.083772393752945,-0.0,-62.0,40.0,0.9442581,0.34013498,0.17343715,0.00015305412,32
230,2018-03-11,-44.1558429151729,-20.078654956650283,-0.0,-58.0,40.0,0.99377,0.11183355,0.20406978,0.00019458176,32
234,2018-03-11,-44.09496228494779,-20.095319431317925,-0.0,-30.0,-20.0,0.933926,0.3708147,0.21000704,0.00035274707,32
235,2018-03-11,-44.1672982557438,-20.07393116855552,-0.0,-60.0,40.0,0.94888365,0.32600248,0.19429739,0.00019437468,32
250,2018-03-11,-44.1558429151729,-20.071831707180067,-0.0,-58.0,36.0,0.9687802,0.25208294,0.20764968,0.00012654542,32
262,2018-03-11,-44.15558549178928,-20.073143870539724,-0.0,-60.0,40.0,0.9888833,0.14947388,0.214402,0.00019721958,32
279,2018-03-11,-44.15378352810397,-20.08390361008891,-0.0,-62.0,40.0,0.9593733,0.28800502,0.1987492,0.00014123438,32
292,2018-03-11,-44.09277418618706,-20.09308875360651,-0.0,-62.0,-40.0,0.94386774,0.3385104,0.2108965,0.00015072811,32
294,2018-03-11,-44.150050889041545,-20.0858718551284,-0.0,-62.0,40.0,0.99573416,0.09243322,0.20145847,0.00022659368,32
297,2018-03-11,-44.1509518708842,-20.07445603389938,-0.0,-62.0,40.0,0.91531914,0.42315394,0.18903947,0.000473964,32
298,2018-03-11,-44.09573455509864,-20.104110925827623,-0.0,-32.0,-32.0,0.9713802,0.24072301,0.20770803,0.00019924583,32
302,2018-03-11,-44.1509518708842,-20.07445603389938,-0.0,-64.0,40.0,0.9010573,0.46399283,0.19030711,0.00030566705,32
307,2018-03-11,-44.15558549178928,-20.073143870539724,-0.0,-60.0,36.0,0.94426954,0.33953795,0.21462357,0.0001921205,32
322,2018-03-11,-44.16150622961244,-20.065533323053717,-0.0,-58.0,32.0,0.9559043,0.30019727,0.20587029,0.00021429466,32
326,2018-03-11,-44.158417149009054,-20.066714270077405,-0.0,-60.0,28.0,0.92922074,0.38275728,0.21405818,0.00021434038,32
334,2018-03-11,-44.14824892535624,-20.08482212444067,-0.0,-64.0,36.0,0.9591197,0.28854805,0.20624818,0.00011566065,32
341,2018-03-11,-44.093417744646096,-20.094138484294238,-0.0,-30.0,0.0,0.9271192,0.38806647,0.20293237,0.00020528595,32
342,2018-03-11,-44.09573455509864,-20.104110925827623,-0.0,-28.0,-32.0,0.967172,0.2586741,0.21095438,0.00017666417,32
343,2018-03-11,-44.094704861564175,-20.094663349638097,-0.0,-30.0,-12.0,0.9320163,0.37439924,0.20520887,0.00024680147,32
350,2018-03-11,-44.15494193333024,-20.07143805817217,-0.0,-60.0,32.0,0.9771433,0.21485306,0.2082436,0.000101412086,32
351,2018-03-11,-44.15365481641216,-20.083509961081013,-0.0,-62.0,40.0,0.99176425,0.12863493,0.1975397,0.00024892512,32
354,2018-03-11,-44.095219708331406,-20.10188024811621,-0.0,-34.0,-40.0,0.85031635,0.56276417,0.19688289,0.0001462547,32
355,2018-03-11,-44.14721923182177,-20.07944225466608,-0.0,-62.0,40.0,0.9097379,0.4362786,0.20008743,0.0001692326,32
358,2018-03-11,-44.161892364687866,-20.076817927946763,-0.0,-60.0,40.0,0.97885114,0.2066355,0.2046915,0.00012147129,32
365,2018-03-11,-44.09483357325598,-20.095975512997757,-0.0,-16.0,-16.0,0.87048537,0.5251366,0.2145026,0.00022786683,32
371,2018-03-11,-44.16150622961244,-20.065533323053717,-0.0,-58.0,36.0,0.96249855,0.27732918,0.21806788,0.00021408769,32
372,2018-03-11,-44.156615185323744,-20.07235657252393,-0.0,-60.0,40.0,0.98747224,0.15874347,0.22571152,0.00016332245,32
376,2018-03-11,-44.177981326163845,-20.065533323053717,-0.0,-64.0,40.0,0.98931545,0.14667082,0.2060611,0.0001226925,32
428,2018-03-11,-44.095348420023214,-20.099255921396896,-0.0,-34.0,-20.0,0.8599175,0.5520587,0.21099286,0.00021701,32
445,2018-03-11,-44.15030831242516,-20.084690908104704,-0.0,-62.0,40.0,0.9537714,0.31028697,0.19998807,0.00011961138,32
451,2018-03-11,-44.095348420023214,-20.09269510459861,-0.0,-50.0,-32.0,0.89500684,0.4699368,0.21193483,0.000103801125,32
452,2018-03-11,-44.1624072114551,-20.06658305374144,-0.0,-60.0,36.0,0.99999905,0.0013166264,0.18705474,0.00012239197,32
454,2018-03-11,-44.161892364687866,-20.07721157695466,-0.0,-60.0,40.0,0.98762494,0.15781839,0.21329112,0.000108521395,32
462,2018-03-11,-44.1492786188907,-20.083772393752945,-0.0,-62.0,36.0,0.9009371,0.45448023,0.21690197,0.00015435196,32
468,2018-03-11,-44.16768439081922,-20.071831707180067,-0.0,-58.0,40.0,0.99912137,0.041926306,0.1979922,0.00025140448,32
469,2018-03-11,-44.156615185323744,-20.07235657252393,-0.0,-62.0,40.0,0.9884701,0.15216252,0.21888806,0.00014295946,32
475,2018-03-11,-44.16150622961244,-20.06684548641337,-0.0,-60.0,40.0,0.9333956,0.37320685,0.20200405,0.00019318266,32
480,2018-03-11,-44.09573455509864,-20.10437335849956,-0.0,-30.0,-28.0,0.97603565,0.21994607,0.22386426,0.00023246644,32
489,2018-03-11,-44.15378352810397,-20.0854782061205,-0.0,-60.0,36.0,0.98614484,0.16707681,0.22113495,0.00015665224,32
498,2018-03-11,-44.16202107637967,-20.07760522596256,-0.0,-60.0,40.0,0.9739393,0.22963941,0.22176117,0.00018630472,32
515,2018-03-11,-44.177981326163845,-20.065533323053717,-0.0,-62.0,40.0,0.99098617,0.13457483,0.22828959,0.00014239682,32
517,2018-03-11,-44.16137751792064,-20.071044409164276,-0.0,-58.0,40.0,0.9873319,0.16011351,0.20574138,0.000113239825,32
518,2018-03-11,-44.16202107637967,-20.07760522596256,-0.0,-60.0,36.0,0.9819957,0.19045453,0.2204059,0.00024409748,32
520,2018-03-11,-44.14992217734974,-20.08692158581612,-0.0,-60.0,32.0,0.9329311,0.37142602,0.22161011,0.00016959709,32
533,2018-03-11,-44.093546456337904,-20.09361361895037,-0.0,-54.0,-36.0,0.92416435,0.39691073,0.22529994,0.00012681105,32
538,2018-03-11,-44.15468450994663,-20.07904860565818,-0.0,-60.0,40.0,0.9603823,0.28433818,0.2098461,7.573011e-05,32
547,2018-03-11,-44.1509518708842,-20.07432481756341,-0.0,-62.0,40.0,0.90768754,0.43956012,0.21304497,0.00048326713,32
551,2018-03-11,-44.09431872648875,-20.09361361895037,-0.0,-60.0,-40.0,0.9269395,0.38688326,0.22368047,8.363042e-05,32
573,2018-03-11,-44.09715038370853,-20.10437335849956,-0.0,-26.0,-40.0,0.981993,0.19041304,0.21994461,0.00020242653,32
591,2018-03-11,-44.09637811355768,-20.10476700750745,-0.0,-28.0,-28.0,0.88030064,0.50150853,0.24380408,0.00016093155,32
595,2018-03-11,-44.09277418618706,-20.09308875360651,-0.0,-60.0,-36.0,0.9506957,0.31798822,0.22435091,0.00015162292,32
597,2018-03-11,-44.094704861564175,-20.09361361895037,-0.0,-56.0,-40.0,0.9236856,0.39662957,0.221461,0.00016114896,32
617,2018-03-11,-44.095348420023214,-20.095581863989857,-0.0,-28.0,-12.0,0.91071886,0.43331236,0.20454994,0.00030632524,32
621,2018-03-11,-44.095348420023214,-20.095581863989857,-0.0,-30.0,-16.0,0.919275,0.40785578,0.221529,0.00037647443,32
631,2018-03-11,-44.150050889041545,-20.08574063879243,-0.0,-62.0,32.0,0.96217763,0.27867618,0.2173203,0.00012443759,32
632,2018-03-11,-44.158417149009054,-20.066714270077405,-0.0,-62.0,32.0,0.9420799,0.3442246,0.21013477,0.0001555898,32
639,2018-03-11,-44.14721923182177,-20.07944225466608,-0.0,-62.0,40.0,0.9141801,0.42269146,0.23625557,0.00014431524,32
642,2018-03-11,-44.093417744646096,-20.09361361895037,-0.0,-50.0,-32.0,0.95720506,0.29472056,0.22483774,0.00017313514,32
659,2018-03-11,-44.09316032126248,-20.093876051622303,-0.0,-26.0,0.0,0.9202357,0.41621837,0.23191184,0.0004714754,32
666,2018-03-11,-44.09612069017406,-20.098599839717068,-0.0,-32.0,-20.0,0.8369649,0.59542996,0.22777635,0.00024879372,32
674,2018-03-11,-44.15803101393363,-20.068026433437065,-0.0,-60.0,40.0,0.9488301,0.32394177,0.21363357,0.00017669244,32
687,2018-03-11,-44.095348420023214,-20.095844296661788,-0.0,-26.0,-12.0,0.9264778,0.39259818,0.2429174,0.0003334301,32
689,2018-03-11,-44.094704861564175,-20.102273897124107,-0.0,-40.0,-24.0,0.8999888,0.45509607,0.22149613,0.00017279296,32
699,2018-03-11,-44.09277418618706,-20.092957537270543,-0.0,-60.0,-36.0,0.8248223,0.62379014,0.22112992,0.00010524349,32
704,2018-03-11,-44.16227849976329,-20.07301265420376,-0.0,-60.0,40.0,0.9730441,0.23360339,0.21389751,0.00015998124,32
738,2018-03-11,-44.16137751792064,-20.071044409164276,-0.0,-58.0,40.0,0.9537537,0.30705687,0.21450779,8.5356805e-05,32
743,2018-03-11,-44.095219708331406,-20.10292997880393,-0.0,-34.0,-32.0,0.963839,0.27309382,0.2487394,0.00023321668,32
748,2018-03-11,-44.1672982557438,-20.073799952219552,-0.0,-60.0,40.0,0.9394868,0.35379896,0.2385987,0.00016835134,32
749,2018-03-11,-44.15970426592713,-20.064614808701958,-0.0,-60.0,36.0,0.9923783,0.1236501,0.23288263,0.00010213836,32
753,2018-03-11,-44.09444743818056,-20.09453213330213,-0.0,-30.0,4.0,0.93633944,0.3616963,0.24223724,0.0002814164,32
772,2018-03-11,-44.093546456337904,-20.094400916966165,-0.0,-26.0,12.0,0.9233013,0.3976936,0.23818585,0.00025641994,32
778,2018-03-11,-44.14824892535624,-20.084690908104704,-0.0,-64.0,40.0,0.993268,0.11620175,0.217038,0.000119338845,32
781,2018-03-11,-44.09277418618706,-20.092957537270543,-0.0,-64.0,-40.0,0.9240293,0.3957767,0.23231132,0.00016137642,32
785,2018-03-11,-44.15648647363194,-20.07655549527483,-0.0,-58.0,32.0,0.947436,0.32984012,0.24211547,8.705073e-05,32
795,2018-03-11,-44.09740780709214,-20.10463579117149,-0.0,-30.0,-40.0,0.8850024,0.53440773,0.22723202,0.0001532011,32
800,2018-03-11,-44.1674269674356,-20.07432481756341,-0.0,-60.0,40.0,0.99912155,0.04192622,0.23580386,0.00012518003,32
809,2018-03-11,-44.16163494130425,-20.076817927946763,-0.0,-60.0,40.0,0.9765173,0.21793333,0.2365612,0.00012580244,32
810,2018-03-11,-44.15906070746809,-20.06566453938968,-0.0,-64.0,40.0,0.9807913,0.19675484,0.22297284,0.00012886837,32
812,2018-03-11,-44.09612069017406,-20.10463579117149,-0.0,-32.0,-28.0,0.9810543,0.19555587,0.24058457,0.00018460231,32
815,2018-03-11,-44.09290289787887,-20.09361361895037,-0.0,-34.0,-32.0,0.9477484,0.3269546,0.24155085,0.00027799365,32
817,2018-03-11,-44.15326868133674,-20.081935365049425,-0.0,-60.0,40.0,0.97455287,0.22695863,0.23753211,0.00013418394,32
819,2018-03-11,-44.15391223979578,-20.07025711114848,-0.0,-58.0,40.0,0.96879125,0.251771,0.22422275,0.00012923428,32
826,2018-03-11,-44.09573455509864,-20.100436868420587,-0.0,-40.0,-32.0,0.85571986,0.5583373,0.24542302,0.00029766848,32
839,2018-03-11,-44.1541696631794,-20.07983590367397,-0.0,-60.0,40.0,0.9838538,0.18029623,0.23935002,0.00027133914,32
842,2018-03-11,-44.161892364687866,-20.07708036061869,-0.0,-62.0,36.0,0.98912096,0.14776096,0.22787876,9.263296e-05,32
843,2018-03-11,-44.09715038370853,-20.098731056053037,-0.0,-42.0,-16.0,0.8399253,0.5894708,0.22958055,0.00012341807,32
849,2018-03-11,-44.09689296032491,-20.098862272389,-0.0,-40.0,-16.0,0.8082655,0.64302075,0.23864205,0.00013250821,32
878,2018-03-11,-44.15532806840567,-20.07944225466608,-0.0,-60.0,40.0,0.98164153,0.19241036,0.24028865,0.00024076854,32
879,2018-03-11,-44.15172414103505,-20.083772393752945,-0.0,-62.0,40.0,0.94224805,0.34635422,0.23466736,0.00017846754,32
881,2018-03-11,-44.09727909540033,-20.098731056053037,-0.0,-40.0,-16.0,0.8462761,0.57560474,0.22890337,7.089602e-05,32
902,2018-03-11,-44.09135835757717,-20.090201994215263,-0.0,-54.0,-32.0,0.9236139,0.3990633,0.23943725,0.00012808619,32
917,2018-03-11,-44.0917444926526,-20.09164537391089,-0.0,-66.0,-28.0,0.8399489,0.58606946,0.23359168,6.524553e-05,32
922,2018-03-11,-44.095863266790445,-20.09702524368548,-0.0,-32.0,-16.0,0.8334973,0.6023138,0.22462654,0.00019463511,32
953,2018-03-11,-44.09715038370853,-20.098862272389,-0.0,-42.0,-12.0,0.81594616,0.6319421,0.22483456,0.00016212075,32
988,2018-03-11,-44.1591894191599,-20.06592697206161,-0.0,-64.0,36.0,0.9466307,0.33186823,0.23593827,9.492854e-05,32
991,2018-03-11,-44.1575161671664,-20.08482212444067,-0.0,-60.0,40.0,0.9994936,0.03182455,0.23950803,0.00027012592,32
1001,2018-03-11,-44.161892364687866,-20.076817927946763,-0.0,-64.0,32.0,0.96615434,0.26191953,0.23441048,8.023096e-05,32
1002,2018-03-11,-44.09444743818056,-20.09492578231003,-0.0,-34.0,-32.0,1.0,0.00039513933,0.22878867,0.00025367626,32
1010,2018-03-11,-44.15365481641216,-20.083509961081013,-0.0,-62.0,40.0,0.99335134,0.11545927,0.23778822,0.00019389139,32
1020,2018-03-11,-44.16292205822233,-20.072094139852,-0.0,-60.0,40.0,0.91512394,0.41756633,0.24028625,0.0001782693,32
1034,2018-03-11,-44.16202107637967,-20.07721157695466,-0.0,-60.0,40.0,0.981273,0.1944176,0.24814238,0.00010865971,32
1040,2018-03-11,-44.161892364687866,-20.07721157695466,-0.0,-60.0,40.0,0.96591824,0.26365894,0.2468073,0.00010343269,32
1050,2018-03-11,-44.09457614987237,-20.102405113460076,-0.0,-38.0,-36.0,0.93953866,0.35215226,0.24512702,0.00030498733,32
1070,2018-03-11,-44.1575161671664,-20.08482212444067,-0.0,-60.0,36.0,0.96219236,0.28010356,0.23884472,0.00017387042,32
1072,2018-03-11,-44.0917444926526,-20.09164537391089,-0.0,-64.0,-36.0,0.91248626,0.42968604,0.23979232,7.8801335e-05,32
1076,2018-03-11,-44.15880328408448,-20.06592697206161,-0.0,-60.0,40.0,0.93656856,0.36525702,0.23667216,7.3392395e-05,32
1079,2018-03-11,-44.15391223979578,-20.07025711114848,-0.0,-60.0,40.0,0.9695847,0.24850449,0.24799877,9.992429e-05,32
1091,2018-03-11,-44.158417149009054,-20.0850845571126,-0.0,-58.0,36.0,0.8887288,0.4815745,0.24550791,0.00012143039,32
1092,2018-03-11,-44.1509518708842,-20.07432481756341,-0.0,-64.0,40.0,0.87775964,0.53542435,0.2352003,0.00030330935,32
1099,2018-03-11,-44.093546456337904,-20.09361361895037,-0.0,-52.0,-36.0,0.8961929,0.46807668,0.23183072,0.00010412827,32
1102,2018-03-11,-44.16292205822233,-20.072094139852,-0.0,-60.0,40.0,0.91454065,0.42063314,0.23443252,0.00013330363,32
1108,2018-03-11,-44.14734794351358,-20.07878617298625,-0.0,-60.0,40.0,0.99970615,0.02424301,0.23583807,8.263391e-05,32
1117,2018-03-11,-44.16768439081922,-20.071831707180067,-0.0,-58.0,36.0,0.981466,0.19336696,0.22862582,0.0001814576,32
1127,2018-03-11,-44.09264547449525,-20.09308875360651,-0.0,-62.0,-40.0,0.8971481,0.47378388,0.23896502,0.00011133063,32
1146,2018-03-11,-44.16034782438617,-20.068813731452856,-0.0,-56.0,40.0,0.9864666,0.1649596,0.24976282,0.00036398857,32
1153,2018-03-11,-44.150050889041545,-20.0858718551284,-0.0,-62.0,36.0,0.99220043,0.1250837,0.2397805,0.00020716414,32
1155,2018-03-11,-44.09444743818056,-20.102011464452172,-0.0,-34.0,-40.0,0.92435986,0.39511356,0.23405898,0.00023943702,32
1159,2018-03-11,-44.093546456337904,-20.09400726795827,-0.0,-28.0,0.0,0.9480586,0.3266401,0.24105251,0.00034425358,32
1163,2018-03-11,-44.09766523047576,-20.105029440179383,-0.0,-28.0,-40.0,0.9311042,0.37839893,0.24166062,0.0001920892,32
1174,2018-03-11,-44.095219708331406,-20.102011464452172,-0.0,-36.0,-40.0,0.9113488,0.42841828,0.24216647,0.00012990848,32
1181,2018-03-11,-44.09161578096079,-20.093219969942474,-0.0,-28.0,-8.0,0.8859077,0.49635297,0.23633368,0.00021885987,32
1189,2018-03-11,-44.09715038370853,-20.098731056053037,-0.0,-42.0,-16.0,0.8359385,0.6007249,0.24258535,0.00012660914,32
1191,2018-03-11,-44.095219708331406,-20.095844296661788,-0.0,-28.0,-12.0,0.8651284,0.5359111,0.24847127,0.00020080352,32
1197,2018-03-11,-44.16214978807148,-20.07616184626693,-0.0,-60.0,40.0,0.9665673,0.26143262,0.24416661,0.00011817686,32
1204,2018-03-11,-44.093546456337904,-20.094400916966165,-0.0,-26.0,0.0,0.93913746,0.35383812,0.24792047,0.0003644777,32
1217,2018-03-11,-44.16202107637967,-20.074718466571312,-0.0,-58.0,40.0,0.9690986,0.2505538,0.24575986,9.5118936e-05,32
1231,2018-03-11,-44.14992217734974,-20.08692158581612,-0.0,-60.0,32.0,0.9371452,0.3654364,0.24572617,0.00011899009,32
1247,2018-03-11,-44.094704861564175,-20.094663349638097,-0.0,-30.0,-12.0,0.9238721,0.39515322,0.2348293,0.00022071703,32
1251,2018-03-11,-44.09251676280344,-20.093219969942474,-0.0,-48.0,-36.0,0.89386845,0.4703759,0.24224225,0.00015514281,32
1256,2018-03-11,-44.09483357325598,-20.093219969942474,-0.0,-52.0,-40.0,0.86129993,0.54238904,0.24783906,0.0001059604,32
1259,2018-03-11,-44.16227849976329,-20.072881437867792,-0.0,-60.0,40.0,0.9829678,0.18534474,0.24443871,0.00014352797,32
1260,2018-03-11,-44.15481322163844,-20.071044409164276,-0.0,-60.0,32.0,0.9734008,0.23258153,0.23211527,0.00010914595,32
1289,2018-03-11,-44.1541696631794,-20.07983590367397,-0.0,-60.0,40.0,0.9900696,0.14119089,0.24933314,0.00012980548,32
1290,2018-03-11,-44.095219708331406,-20.095319431317925,-0.0,-28.0,-4.0,0.9366193,0.3611681,0.23686811,0.0001664893,32
1291,2018-03-11,-44.094704861564175,-20.09361361895037,-0.0,-54.0,-40.0,0.8996914,0.4565308,0.2475767,0.00012423437,32
1292,2018-03-11,-44.09303160957067,-20.09335118627844,-0.0,-52.0,-36.0,0.9403788,0.35013777,0.23605238,0.00015071555,32
1305,2018-03-11,-44.09715038370853,-20.098862272389,-0.0,-42.0,-8.0,0.83434314,0.59625983,0.23497155,0.00011737869,32
1313,2018-03-11,-44.1558429151729,-20.07340630321165,-0.0,-60.0,40.0,0.9211648,0.4038228,0.23622842,0.00013031399,32
1329,2018-03-11,-44.1509518708842,-20.07445603389938,-0.0,-62.0,40.0,0.91050994,0.4318001,0.2425376,0.00029912443,32
25,2018-03-23,-44.177981326163845,-20.065402106717748,-0.0,-62.0,36.0,0.9934322,0.114803776,0.12596866,0.00017885656,32
36,2018-03-23,-44.161892364687866,-20.07708036061869,-0.0,-62.0,40.0,0.9895274,0.14510763,0.16019304,0.00016061729,32
49,2018-03-23,-44.158288437317246,-20.066320621069508,-0.0,-60.0,36.0,0.9677011,0.25603223,0.16889001,0.00021117146,32
51,2018-03-23,-44.1575161671664,-20.08482212444067,-0.0,-60.0,40.0,0.99133533,0.13187632,0.15246536,0.00031897012,32
55,2018-03-23,-44.15597162686471,-20.07904860565818,-0.0,-58.0,40.0,0.99169916,0.12906517,0.17269787,0.00030624378,32
58,2018-03-23,-44.1591894191599,-20.06592697206161,-0.0,-64.0,40.0,0.9866735,0.1637098,0.16357863,0.00016910466,32
60,2018-03-23,-44.158417149009054,-20.066714270077405,-0.0,-60.0,32.0,0.9606683,0.28429142,0.16295098,0.00027915908,32
70,2018-03-23,-44.15558549178928,-20.073143870539724,-0.0,-58.0,40.0,0.98207843,0.1903084,0.16551217,0.00015617402,32
72,2018-03-23,-44.161892364687866,-20.076817927946763,-0.0,-60.0,40.0,0.98664135,0.16406055,0.17289028,0.00018321899,32
77,2018-03-23,-44.15558549178928,-20.073143870539724,-0.0,-60.0,40.0,0.9936751,0.11267752,0.17115304,0.0002308823,32
78,2018-03-23,-44.16176365299606,-20.07708036061869,-0.0,-62.0,40.0,0.98854494,0.15176974,0.17172363,0.0001721688,32
79,2018-03-23,-44.177981326163845,-20.065533323053717,-0.0,-62.0,36.0,0.9964764,0.08401511,0.16623512,0.00018862613,32
86,2018-03-23,-44.157130032090976,-20.07235657252393,-0.0,-60.0,36.0,0.99061596,0.13728343,0.15821503,0.00026863083,32
87,2018-03-23,-44.15365481641216,-20.08364117741698,-0.0,-62.0,40.0,0.9950991,0.0991742,0.17583664,0.00029401673,32
92,2018-03-23,-44.15365481641216,-20.08364117741698,-0.0,-62.0,40.0,0.99385124,0.11107637,0.1650057,0.00031562397,32
101,2018-03-23,-44.157130032090976,-20.07235657252393,-0.0,-60.0,36.0,0.98830754,0.15364271,0.16259168,0.0002030594,32
102,2018-03-23,-44.1575161671664,-20.08482212444067,-0.0,-60.0,36.0,0.9933006,0.11592739,0.16052273,0.0002825142,32
106,2018-03-23,-44.158288437317246,-20.066320621069508,-0.0,-60.0,40.0,0.96672195,0.260466,0.17711703,0.00022746764,32
107,2018-03-23,-44.150050889041545,-20.0858718551284,-0.0,-62.0,32.0,0.9972439,0.07430704,0.17113066,0.00025208955,32
108,2018-03-23,-44.095348420023214,-20.095581863989857,-0.0,-26.0,-4.0,0.9112881,0.43588206,0.17609175,0.00035253962,32
109,2018-03-23,-44.15815972562544,-20.068026433437065,-0.0,-60.0,40.0,0.92887574,0.38277623,0.18616179,0.00031713524,32
111,2018-03-23,-44.15558549178928,-20.073143870539724,-0.0,-58.0,40.0,0.9956475,0.093374655,0.16038811,0.00014709214,32
116,2018-03-23,-44.15597162686471,-20.07904860565818,-0.0,-60.0,40.0,0.98307085,0.18469657,0.19299243,0.00018906631,32
120,2018-03-23,-44.15442708656301,-20.0717004908441,-0.0,-60.0,40.0,0.98103976,0.19561706,0.18038051,0.0002138021,32
122,2018-03-23,-44.177981326163845,-20.065402106717748,-0.0,-62.0,36.0,0.9920553,0.12631515,0.16516092,0.00013893403,32
124,2018-03-23,-44.16768439081922,-20.071831707180067,-0.0,-58.0,40.0,0.9844347,0.17712511,0.16961817,0.00019569618,32
125,2018-03-23,-44.09316032126248,-20.103192411475867,-0.0,-30.0,-28.0,0.9221537,0.4055343,0.18537693,0.00026284982,32
135,2018-03-23,-44.1575161671664,-20.08482212444067,-0.0,-60.0,40.0,0.9926844,0.12122337,0.17335667,0.00032299763,32
166,2018-03-23,-44.16227849976329,-20.07301265420376,-0.0,-60.0,40.0,0.9948693,0.10141454,0.17611928,0.0002781563,32
169,2018-03-23,-44.15906070746809,-20.06592697206161,-0.0,-62.0,36.0,0.96458185,0.26856968,0.1896261,7.7959645e-05,32
183,2018-03-23,-44.161892364687866,-20.07721157695466,-0.0,-60.0,40.0,0.98572654,0.16954353,0.20472775,0.00016644613,32
184,2018-03-23,-44.14914990719889,-20.083509961081013,-0.0,-62.0,24.0,0.92275953,0.39962417,0.18632154,0.00019650752,32
192,2018-03-23,-44.15558549178928,-20.073143870539724,-0.0,-58.0,36.0,0.96856844,0.2538515,0.20102504,0.00022607588,32
208,2018-03-23,-44.09547713171502,-20.096631594677586,-0.0,-16.0,-28.0,0.8838611,0.4968438,0.19951294,0.00028506762,32
209,2018-03-23,-44.09573455509864,-20.104242142163592,-0.0,-30.0,-32.0,0.99192834,0.12720996,0.20155519,0.00028709535,32
211,2018-03-23,-44.14824892535624,-20.08482212444067,-0.0,-62.0,36.0,0.97233886,0.23678724,0.1985304,0.00017741922,32
227,2018-03-23,-44.15172414103505,-20.083772393752945,-0.0,-62.0,40.0,0.9442581,0.34013498,0.17343715,0.00015305412,32
230,2018-03-23,-44.1558429151729,-20.078654956650283,-0.0,-58.0,40.0,0.99377,0.11183355,0.20406978,0.00019458176,32
234,2018-03-23,-44.09496228494779,-20.095319431317925,-0.0,-30.0,-20.0,0.933926,0.3708147,0.21000704,0.00035274707,32
235,2018-03-23,-44.1672982557438,-20.07393116855552,-0.0,-60.0,40.0,0.94888365,0.32600248,0.19429739,0.00019437468,32
250,2018-03-23,-44.1558429151729,-20.071831707180067,-0.0,-58.0,36.0,0.9687802,0.25208294,0.20764968,0.00012654542,32
262,2018-03-23,-44.15558549178928,-20.073143870539724,-0.0,-60.0,40.0,0.9888833,0.14947388,0.214402,0.00019721958,32
279,2018-03-23,-44.15378352810397,-20.08390361008891,-0.0,-62.0,40.0,0.9593733,0.28800502,0.1987492,0.00014123438,32
292,2018-03-23,-44.09277418618706,-20.09308875360651,-0.0,-62.0,-40.0,0.94386774,0.3385104,0.2108965,0.00015072811,32
294,2018-03-23,-44.150050889041545,-20.0858718551284,-0.0,-62.0,40.0,0.99573416,0.09243322,0.20145847,0.00022659368,32
297,2018-03-23,-44.1509518708842,-20.07445603389938,-0.0,-62.0,40.0,0.91531914,0.42315394,0.18903947,0.000473964,32
298,2018-03-23,-44.09573455509864,-20.104110925827623,-0.0,-32.0,-32.0,0.9713802,0.24072301,0.20770803,0.00019924583,32
302,2018-03-23,-44.1509518708842,-20.07445603389938,-0.0,-64.0,40.0,0.9010573,0.46399283,0.19030711,0.00030566705,32
307,2018-03-23,-44.15558549178928,-20.073143870539724,-0.0,-60.0,36.0,0.94426954,0.33953795,0.21462357,0.0001921205,32
322,2018-03-23,-44.16150622961244,-20.065533323053717,-0.0,-58.0,32.0,0.9559043,0.30019727,0.20587029,0.00021429466,32
326,2018-03-23,-44.158417149009054,-20.066714270077405,-0.0,-60.0,28.0,0.92922074,0.38275728,0.21405818,0.00021434038,32
334,2018-03-23,-44.14824892535624,-20.08482212444067,-0.0,-64.0,36.0,0.9591197,0.28854805,0.20624818,0.00011566065,32
341,2018-03-23,-44.093417744646096,-20.094138484294238,-0.0,-30.0,0.0,0.9271192,0.38806647,0.20293237,0.00020528595,32
342,2018-03-23,-44.09573455509864,-20.104110925827623,-0.0,-28.0,-32.0,0.967172,0.2586741,0.21095438,0.00017666417,32
343,2018-03-23,-44.094704861564175,-20.094663349638097,-0.0,-30.0,-12.0,0.9320163,0.37439924,0.20520887,0.00024680147,32
350,2018-03-23,-44.15494193333024,-20.07143805817217,-0.0,-60.0,32.0,0.9771433,0.21485306,0.2082436,0.000101412086,32
351,2018-03-23,-44.15365481641216,-20.083509961081013,-0.0,-62.0,40.0,0.99176425,0.12863493,0.1975397,0.00024892512,32
354,2018-03-23,-44.095219708331406,-20.10188024811621,-0.0,-34.0,-40.0,0.85031635,0.56276417,0.19688289,0.0001462547,32
355,2018-03-23,-44.14721923182177,-20.07944225466608,-0.0,-62.0,40.0,0.9097379,0.4362786,0.20008743,0.0001692326,32
358,2018-03-23,-44.161892364687866,-20.076817927946763,-0.0,-60.0,40.0,0.97885114,0.2066355,0.2046915,0.00012147129,32
365,2018-03-23,-44.09483357325598,-20.095975512997757,-0.0,-16.0,-16.0,0.87048537,0.5251366,0.2145026,0.00022786683,32
371,2018-03-23,-44.16150622961244,-20.065533323053717,-0.0,-58.0,36.0,0.96249855,0.27732918,0.21806788,0.00021408769,32
372,2018-03-23,-44.156615185323744,-20.07235657252393,-0.0,-60.0,40.0,0.98747224,0.15874347,0.22571152,0.00016332245,32
376,2018-03-23,-44.177981326163845,-20.065533323053717,-0.0,-64.0,40.0,0.98931545,0.14667082,0.2060611,0.0001226925,32
428,2018-03-23,-44.095348420023214,-20.099255921396896,-0.0,-34.0,-20.0,0.8599175,0.5520587,0.21099286,0.00021701,32
445,2018-03-23,-44.15030831242516,-20.084690908104704,-0.0,-62.0,40.0,0.9537714,0.31028697,0.19998807,0.00011961138,32
451,2018-03-23,-44.095348420023214,-20.09269510459861,-0.0,-50.0,-32.0,0.89500684,0.4699368,0.21193483,0.000103801125,32
452,2018-03-23,-44.1624072114551,-20.06658305374144,-0.0,-60.0,36.0,0.99999905,0.0013166264,0.18705474,0.00012239197,32
454,2018-03-23,-44.161892364687866,-20.07721157695466,-0.0,-60.0,40.0,0.98762494,0.15781839,0.21329112,0.000108521395,32
462,2018-03-23,-44.1492786188907,-20.083772393752945,-0.0,-62.0,36.0,0.9009371,0.45448023,0.21690197,0.00015435196,32
468,2018-03-23,-44.16768439081922,-20.071831707180067,-0.0,-58.0,40.0,0.99912137,0.041926306,0.1979922,0.00025140448,32
469,2018-03-23,-44.156615185323744,-20.07235657252393,-0.0,-62.0,40.0,0.9884701,0.15216252,0.21888806,0.00014295946,32
475,2018-03-23,-44.16150622961244,-20.06684548641337,-0.0,-60.0,40.0,0.9333956,0.37320685,0.20200405,0.00019318266,32
480,2018-03-23,-44.09573455509864,-20.10437335849956,-0.0,-30.0,-28.0,0.97603565,0.21994607,0.22386426,0.00023246644,32
489,2018-03-23,-44.15378352810397,-20.0854782061205,-0.0,-60.0,36.0,0.98614484,0.16707681,0.22113495,0.00015665224,32
498,2018-03-23,-44.16202107637967,-20.07760522596256,-0.0,-60.0,40.0,0.9739393,0.22963941,0.22176117,0.00018630472,32
515,2018-03-23,-44.177981326163845,-20.065533323053717,-0.0,-62.0,40.0,0.99098617,0.13457483,0.22828959,0.00014239682,32
517,2018-03-23,-44.16137751792064,-20.071044409164276,-0.0,-58.0,40.0,0.9873319,0.16011351,0.20574138,0.000113239825,32
518,2018-03-23,-44.16202107637967,-20.07760522596256,-0.0,-60.0,36.0,0.9819957,0.19045453,0.2204059,0.00024409748,32
520,2018-03-23,-44.14992217734974,-20.08692158581612,-0.0,-60.0,32.0,0.9329311,0.37142602,0.22161011,0.00016959709,32
533,2018-03-23,-44.093546456337904,-20.09361361895037,-0.0,-54.0,-36.0,0.92416435,0.39691073,0.22529994,0.00012681105,32
538,2018-03-23,-44.15468450994663,-20.07904860565818,-0.0,-60.0,40.0,0.9603823,0.28433818,0.2098461,7.573011e-05,32
547,2018-03-23,-44.1509518708842,-20.07432481756341,-0.0,-62.0,40.0,0.90768754,0.43956012,0.21304497,0.00048326713,32
551,2018-03-23,-44.09431872648875,-20.09361361895037,-0.0,-60.0,-40.0,0.9269395,0.38688326,0.22368047,8.363042e-05,32
573,2018-03-23,-44.09715038370853,-20.10437335849956,-0.0,-26.0,-40.0,0.981993,0.19041304,0.21994461,0.00020242653,32
591,2018-03-23,-44.09637811355768,-20.10476700750745,-0.0,-28.0,-28.0,0.88030064,0.50150853,0.24380408,0.00016093155,32
595,2018-03-23,-44.09277418618706,-20.09308875360651,-0.0,-60.0,-36.0,0.9506957,0.31798822,0.22435091,0.00015162292,32
597,2018-03-23,-44.094704861564175,-20.09361361895037,-0.0,-56.0,-40.0,0.9236856,0.39662957,0.221461,0.00016114896,32
617,2018-03-23,-44.095348420023214,-20.095581863989857,-0.0,-28.0,-12.0,0.91071886,0.43331236,0.20454994,0.00030632524,32
621,2018-03-23,-44.095348420023214,-20.095581863989857,-0.0,-30.0,-16.0,0.919275,0.40785578,0.221529,0.00037647443,32
631,2018-03-23,-44.150050889041545,-20.08574063879243,-0.0,-62.0,32.0,0.96217763,0.27867618,0.2173203,0.00012443759,32
632,2018-03-23,-44.158417149009054,-20.066714270077405,-0.0,-62.0,32.0,0.9420799,0.3442246,0.21013477,0.0001555898,32
639,2018-03-23,-44.14721923182177,-20.07944225466608,-0.0,-62.0,40.0,0.9141801,0.42269146,0.23625557,0.00014431524,32
642,2018-03-23,-44.093417744646096,-20.09361361895037,-0.0,-50.0,-32.0,0.95720506,0.29472056,0.22483774,0.00017313514,32
659,2018-03-23,-44.09316032126248,-20.093876051622303,-0.0,-26.0,0.0,0.9202357,0.41621837,0.23191184,0.0004714754,32
666,2018-03-23,-44.09612069017406,-20.098599839717068,-0.0,-32.0,-20.0,0.8369649,0.59542996,0.22777635,0.00024879372,32
674,2018-03-23,-44.15803101393363,-20.068026433437065,-0.0,-60.0,40.0,0.9488301,0.32394177,0.21363357,0.00017669244,32
687,2018-03-23,-44.095348420023214,-20.095844296661788,-0.0,-26.0,-12.0,0.9264778,0.39259818,0.2429174,0.0003334301,32
689,2018-03-23,-44.094704861564175,-20.102273897124107,-0.0,-40.0,-24.0,0.8999888,0.45509607,0.22149613,0.00017279296,32
699,2018-03-23,-44.09277418618706,-20.092957537270543,-0.0,-60.0,-36.0,0.8248223,0.62379014,0.22112992,0.00010524349,32
704,2018-03-23,-44.16227849976329,-20.07301265420376,-0.0,-60.0,40.0,0.9730441,0.23360339,0.21389751,0.00015998124,32
738,2018-03-23,-44.16137751792064,-20.071044409164276,-0.0,-58.0,40.0,0.9537537,0.30705687,0.21450779,8.5356805e-05,32
743,2018-03-23,-44.095219708331406,-20.10292997880393,-0.0,-34.0,-32.0,0.963839,0.27309382,0.2487394,0.00023321668,32
748,2018-03-23,-44.1672982557438,-20.073799952219552,-0.0,-60.0,40.0,0.9394868,0.35379896,0.2385987,0.00016835134,32
749,2018-03-23,-44.15970426592713,-20.064614808701958,-0.0,-60.0,36.0,0.9923783,0.1236501,0.23288263,0.00010213836,32
753,2018-03-23,-44.09444743818056,-20.09453213330213,-0.0,-30.0,4.0,0.93633944,0.3616963,0.24223724,0.0002814164,32
772,2018-03-23,-44.093546456337904,-20.094400916966165,-0.0,-26.0,12.0,0.9233013,0.3976936,0.23818585,0.00025641994,32
778,2018-03-23,-44.14824892535624,-20.084690908104704,-0.0,-64.0,40.0,0.993268,0.11620175,0.217038,0.000119338845,32
781,2018-03-23,-44.09277418618706,-20.092957537270543,-0.0,-64.0,-40.0,0.9240293,0.3957767,0.23231132,0.00016137642,32
785,2018-03-23,-44.15648647363194,-20.07655549527483,-0.0,-58.0,32.0,0.947436,0.32984012,0.24211547,8.705073e-05,32
795,2018-03-23,-44.09740780709214,-20.10463579117149,-0.0,-30.0,-40.0,0.8850024,0.53440773,0.22723202,0.0001532011,32
800,2018-03-23,-44.1674269674356,-20.07432481756341,-0.0,-60.0,40.0,0.99912155,0.04192622,0.23580386,0.00012518003,32
809,2018-03-23,-44.16163494130425,-20.076817927946763,-0.0,-60.0,40.0,0.9765173,0.21793333,0.2365612,0.00012580244,32
810,2018-03-23,-44.15906070746809,-20.06566453938968,-0.0,-64.0,40.0,0.9807913,0.19675484,0.22297284,0.00012886837,32
812,2018-03-23,-44.09612069017406,-20.10463579117149,-0.0,-32.0,-28.0,0.9810543,0.19555587,0.24058457,0.00018460231,32
815,2018-03-23,-44.09290289787887,-20.09361361895037,-0.0,-34.0,-32.0,0.9477484,0.3269546,0.24155085,0.00027799365,32
817,2018-03-23,-44.15326868133674,-20.081935365049425,-0.0,-60.0,40.0,0.97455287,0.22695863,0.23753211,0.00013418394,32
819,2018-03-23,-44.15391223979578,-20.07025711114848,-0.0,-58.0,40.0,0.96879125,0.251771,0.22422275,0.00012923428,32
826,2018-03-23,-44.09573455509864,-20.100436868420587,-0.0,-40.0,-32.0,0.85571986,0.5583373,0.24542302,0.00029766848,32
839,2018-03-23,-44.1541696631794,-20.07983590367397,-0.0,-60.0,40.0,0.9838538,0.18029623,0.23935002,0.00027133914,32
842,2018-03-23,-44.161892364687866,-20.07708036061869,-0.0,-62.0,36.0,0.98912096,0.14776096,0.22787876,9.263296e-05,32
843,2018-03-23,-44.09715038370853,-20.098731056053037,-0.0,-42.0,-16.0,0.8399253,0.5894708,0.22958055,0.00012341807,32
849,2018-03-23,-44.09689296032491,-20.098862272389,-0.0,-40.0,-16.0,0.8082655,0.64302075,0.23864205,0.00013250821,32
878,2018-03-23,-44.15532806840567,-20.07944225466608,-0.0,-60.0,40.0,0.98164153,0.19241036,0.24028865,0.00024076854,32
879,2018-03-23,-44.15172414103505,-20.083772393752945,-0.0,-62.0,40.0,0.94224805,0.34635422,0.23466736,0.00017846754,32
881,2018-03-23,-44.09727909540033,-20.098731056053037,-0.0,-40.0,-16.0,0.8462761,0.57560474,0.22890337,7.089602e-05,32
902,2018-03-23,-44.09135835757717,-20.090201994215263,-0.0,-54.0,-32.0,0.9236139,0.3990633,0.23943725,0.00012808619,32
917,2018-03-23,-44.0917444926526,-20.09164537391089,-0.0,-66.0,-28.0,0.8399489,0.58606946,0.23359168,6.524553e-05,32
922,2018-03-23,-44.095863266790445,-20.09702524368548,-0.0,-32.0,-16.0,0.8334973,0.6023138,0.22462654,0.00019463511,32
953,2018-03-23,-44.09715038370853,-20.098862272389,-0.0,-42.0,-12.0,0.81594616,0.6319421,0.22483456,0.00016212075,32
988,2018-03-23,-44.1591894191599,-20.06592697206161,-0.0,-64.0,36.0,0.9466307,0.33186823,0.23593827,9.492854e-05,32
991,2018-03-23,-44.1575161671664,-20.08482212444067,-0.0,-60.0,40.0,0.9994936,0.03182455,0.23950803,0.00027012592,32
1001,2018-03-23,-44.161892364687866,-20.076817927946763,-0.0,-64.0,32.0,0.96615434,0.26191953,0.23441048,8.023096e-05,32
1002,2018-03-23,-44.09444743818056,-20.09492578231003,-0.0,-34.0,-32.0,1.0,0.00039513933,0.22878867,0.00025367626,32
1010,2018-03-23,-44.15365481641216,-20.083509961081013,-0.0,-62.0,40.0,0.99335134,0.11545927,0.23778822,0.00019389139,32
1020,2018-03-23,-44.16292205822233,-20.072094139852,-0.0,-60.0,40.0,0.91512394,0.41756633,0.24028625,0.0001782693,32
1034,2018-03-23,-44.16202107637967,-20.07721157695466,-0.0,-60.0,40.0,0.981273,0.1944176,0.24814238,0.00010865971,32
1040,2018-03-23,-44.161892364687866,-20.07721157695466,-0.0,-60.0,40.0,0.96591824,0.26365894,0.2468073,0.00010343269,32
1050,2018-03-23,-44.09457614987237,-20.102405113460076,-0.0,-38.0,-36.0,0.93953866,0.35215226,0.24512702,0.00030498733,32
1070,2018-03-23,-44.1575161671664,-20.08482212444067,-0.0,-60.0,36.0,0.96219236,0.28010356,0.23884472,0.00017387042,32
1072,2018-03-23,-44.0917444926526,-20.09164537391089,-0.0,-64.0,-36.0,0.91248626,0.42968604,0.23979232,7.8801335e-05,32
1076,2018-03-23,-44.15880328408448,-20.06592697206161,-0.0,-60.0,40.0,0.93656856,0.36525702,0.23667216,7.3392395e-05,32
1079,2018-03-23,-44.15391223979578,-20.07025711114848,-0.0,-60.0,40.0,0.9695847,0.24850449,0.24799877,9.992429e-05,32
1091,2018-03-23,-44.158417149009054,-20.0850845571126,-0.0,-58.0,36.0,0.8887288,0.4815745,0.24550791,0.00012143039,32
1092,2018-03-23,-44.1509518708842,-20.07432481756341,-0.0,-64.0,40.0,0.87775964,0.53542435,0.2352003,0.00030330935,32
1099,2018-03-23,-44.093546456337904,-20.09361361895037,-0.0,-52.0,-36.0,0.8961929,0.46807668,0.23183072,0.00010412827,32
1102,2018-03-23,-44.16292205822233,-20.072094139852,-0.0,-60.0,40.0,0.91454065,0.42063314,0.23443252,0.00013330363,32
1108,2018-03-23,-44.14734794351358,-20.07878617298625,-0.0,-60.0,40.0,0.99970615,0.02424301,0.23583807,8.263391e-05,32
1117,2018-03-23,-44.16768439081922,-20.071831707180067,-0.0,-58.0,36.0,0.981466,0.19336696,0.22862582,0.0001814576,32
1127,2018-03-23,-44.09264547449525,-20.09308875360651,-0.0,-62.0,-40.0,0.8971481,0.47378388,0.23896502,0.00011133063,32
1146,2018-03-23,-44.16034782438617,-20.068813731452856,-0.0,-56.0,40.0,0.9864666,0.1649596,0.24976282,0.00036398857,32
1153,2018-03-23,-44.150050889041545,-20.0858718551284,-0.0,-62.0,36.0,0.99220043,0.1250837,0.2397805,0.00020716414,32
1155,2018-03-23,-44.09444743818056,-20.102011464452172,-0.0,-34.0,-40.0,0.92435986,0.39511356,0.23405898,0.00023943702,32
1159,2018-03-23,-44.093546456337904,-20.09400726795827,-0.0,-28.0,0.0,0.9480586,0.3266401,0.24105251,0.00034425358,32
1163,2018-03-23,-44.09766523047576,-20.105029440179383,-0.0,-28.0,-40.0,0.9311042,0.37839893,0.24166062,0.0001920892,32
1174,2018-03-23,-44.095219708331406,-20.102011464452172,-0.0,-36.0,-40.0,0.9113488,0.42841828,0.24216647,0.00012990848,32
1181,2018-03-23,-44.09161578096079,-20.093219969942474,-0.0,-28.0,-8.0,0.8859077,0.49635297,0.23633368,0.00021885987,32
1189,2018-03-23,-44.09715038370853,-20.098731056053037,-0.0,-42.0,-16.0,0.8359385,0.6007249,0.24258535,0.00012660914,32
1191,2018-03-23,-44.095219708331406,-20.095844296661788,-0.0,-28.0,-12.0,0.8651284,0.5359111,0.24847127,0.00020080352,32
1197,2018-03-23,-44.16214978807148,-20.07616184626693,-0.0,-60.0,40.0,0.9665673,0.26143262,0.24416661,0.00011817686,32
1204,2018-03-23,-44.093546456337904,-20.094400916966165,-0.0,-26.0,0.0,0.93913746,0.35383812,0.24792047,0.0003644777,32
1217,2018-03-23,-44.16202107637967,-20.074718466571312,-0.0,-58.0,40.0,0.9690986,0.2505538,0.24575986,9.5118936e-05,32
1231,2018-03-23,-44.14992217734974,-20.08692158581612,-0.0,-60.0,32.0,0.9371452,0.3654364,0.24572617,0.00011899009,32
1247,2018-03-23,-44.094704861564175,-20.094663349638097,-0.0,-30.0,-12.0,0.9238721,0.39515322,0.2348293,0.00022071703,32
1251,2018-03-23,-44.09251676280344,-20.093219969942474,-0.0,-48.0,-36.0,0.89386845,0.4703759,0.24224225,0.00015514281,32
1256,2018-03-23,-44.09483357325598,-20.093219969942474,-0.0,-52.0,-40.0,0.86129993,0.54238904,0.24783906,0.0001059604,32
1259,2018-03-23,-44.16227849976329,-20.072881437867792,-0.0,-60.0,40.0,0.9829678,0.18534474,0.24443871,0.00014352797,32
1260,2018-03-23,-44.15481322163844,-20.071044409164276,-0.0,-60.0,32.0,0.9734008,0.23258153,0.23211527,0.00010914595,32
1289,2018-03-23,-44.1541696631794,-20.07983590367397,-0.0,-60.0,40.0,0.9900696,0.14119089,0.24933314,0.00012980548,32
1290,2018-03-23,-44.095219708331406,-20.095319431317925,-0.0,-28.0,-4.0,0.9366193,0.3611681,0.23686811,0.0001664893,32
1291,2018-03-23,-44.094704861564175,-20.09361361895037,-0.0,-54.0,-40.0,0.8996914,0.4565308,0.2475767,0.00012423437,32
1292,2018-03-23,-44.09303160957067,-20.09335118627844,-0.0,-52.0,-36.0,0.9403788,0.35013777,0.23605238,0.00015071555,32
1305,2018-03-23,-44.09715038370853,-20.098862272389,-0.0,-42.0,-8.0,0.83434314,0.59625983,0.23497155,0.00011737869,32
1313,2018-03-23,-44.1558429151729,-20.07340630321165,-0.0,-60.0,40.0,0.9211648,0.4038228,0.23622842,0.00013031399,32
1329,2018-03-23,-44.1509518708842,-20.07445603389938,-0.0,-62.0,40.0,0.91050994,0.4318001,0.2425376,0.00029912443,32
25,2018-04-04,-44.177981326163845,-20.065402106717748,-0.0,-62.0,36.0,0.9934322,0.114803776,0.12596866,0.00017885656,32
36,2018-04-04,-44.161892364687866,-20.07708036061869,-0.0,-62.0,40.0,0.9895274,0.14510763,0.16019304,0.00016061729,32
49,2018-04-04,-44.158288437317246,-20.066320621069508,-0.0,-60.0,36.0,0.9677011,0.25603223,0.16889001,0.00021117146,32
51,2018-04-04,-44.1575161671664,-20.08482212444067,-0.0,-60.0,40.0,0.99133533,0.13187632,0.15246536,0.00031897012,32
55,2018-04-04,-44.15597162686471,-20.07904860565818,-0.0,-58.0,40.0,0.99169916,0.12906517,0.17269787,0.00030624378,32
58,2018-04-04,-44.1591894191599,-20.06592697206161,-0.0,-64.0,40.0,0.9866735,0.1637098,0.16357863,0.00016910466,32
60,2018-04-04,-44.158417149009054,-20.066714270077405,-0.0,-60.0,32.0,0.9606683,0.28429142,0.16295098,0.00027915908,32
70,2018-04-04,-44.15558549178928,-20.073143870539724,-0.0,-58.0,40.0,0.98207843,0.1903084,0.16551217,0.00015617402,32
72,2018-04-04,-44.161892364687866,-20.076817927946763,-0.0,-60.0,40.0,0.98664135,0.16406055,0.17289028,0.00018321899,32
77,2018-04-04,-44.15558549178928,-20.073143870539724,-0.0,-60.0,40.0,0.9936751,0.11267752,0.17115304,0.0002308823,32
78,2018-04-04,-44.16176365299606,-20.07708036061869,-0.0,-62.0,40.0,0.98854494,0.15176974,0.17172363,0.0001721688,32
79,2018-04-04,-44.177981326163845,-20.065533323053717,-0.0,-62.0,36.0,0.9964764,0.08401511,0.16623512,0.00018862613,32
86,2018-04-04,-44.157130032090976,-20.07235657252393,-0.0,-60.0,36.0,0.99061596,0.13728343,0.15821503,0.00026863083,32
87,2018-04-04,-44.15365481641216,-20.08364117741698,-0.0,-62.0,40.0,0.9950991,0.0991742,0.17583664,0.00029401673,32
92,2018-04-04,-44.15365481641216,-20.08364117741698,-0.0,-62.0,40.0,0.99385124,0.11107637,0.1650057,0.00031562397,32
101,2018-04-04,-44.157130032090976,-20.07235657252393,-0.0,-60.0,36.0,0.98830754,0.15364271,0.16259168,0.0002030594,32
102,2018-04-04,-44.1575161671664,-20.08482212444067,-0.0,-60.0,36.0,0.9933006,0.11592739,0.16052273,0.0002825142,32
106,2018-04-04,-44.158288437317246,-20.066320621069508,-0.0,-60.0,40.0,0.96672195,0.260466,0.17711703,0.00022746764,32
107,2018-04-04,-44.150050889041545,-20.0858718551284,-0.0,-62.0,32.0,0.9972439,0.07430704,0.17113066,0.00025208955,32
108,2018-04-04,-44.095348420023214,-20.095581863989857,-0.0,-26.0,-4.0,0.9112881,0.43588206,0.17609175,0.00035253962,32
109,2018-04-04,-44.15815972562544,-20.068026433437065,-0.0,-60.0,40.0,0.92887574,0.38277623,0.18616179,0.00031713524,32
111,2018-04-04,-44.15558549178928,-20.073143870539724,-0.0,-58.0,40.0,0.9956475,0.093374655,0.16038811,0.00014709214,32
116,2018-04-04,-44.15597162686471,-20.07904860565818,-0.0,-60.0,40.0,0.98307085,0.18469657,0.19299243,0.00018906631,32
120,2018-04-04,-44.15442708656301,-20.0717004908441,-0.0,-60.0,40.0,0.98103976,0.19561706,0.18038051,0.0002138021,32
122,2018-04-04,-44.177981326163845,-20.065402106717748,-0.0,-62.0,36.0,0.9920553,0.12631515,0.16516092,0.00013893403,32
124,2018-04-04,-44.16768439081922,-20.071831707180067,-0.0,-58.0,40.0,0.9844347,0.17712511,0.16961817,0.00019569618,32
125,2018-04-04,-44.09316032126248,-20.103192411475867,-0.0,-30.0,-28.0,0.9221537,0.4055343,0.18537693,0.00026284982,32
135,2018-04-04,-44.1575161671664,-20.08482212444067,-0.0,-60.0,40.0,0.9926844,0.12122337,0.17335667,0.00032299763,32
166,2018-04-04,-44.16227849976329,-20.07301265420376,-0.0,-60.0,40.0,0.9948693,0.10141454,0.17611928,0.0002781563,32
169,2018-04-04,-44.15906070746809,-20.06592697206161,-0.0,-62.0,36.0,0.96458185,0.26856968,0.1896261,7.7959645e-05,32
183,2018-04-04,-44.161892364687866,-20.07721157695466,-0.0,-60.0,40.0,0.98572654,0.16954353,0.20472775,0.00016644613,32
184,2018-04-04,-44.14914990719889,-20.083509961081013,-0.0,-62.0,24.0,0.92275953,0.39962417,0.18632154,0.00019650752,32
192,2018-04-04,-44.15558549178928,-20.073143870539724,-0.0,-58.0,36.0,0.96856844,0.2538515,0.20102504,0.00022607588,32
208,2018-04-04,-44.09547713171502,-20.096631594677586,-0.0,-16.0,-28.0,0.8838611,0.4968438,0.19951294,0.00028506762,32
209,2018-04-04,-44.09573455509864,-20.104242142163592,-0.0,-30.0,-32.0,0.99192834,0.12720996,0.20155519,0.00028709535,32
211,2018-04-04,-44.14824892535624,-20.08482212444067,-0.0,-62.0,36.0,0.97233886,0.23678724,0.1985304,0.00017741922,32
227,2018-04-04,-44.15172414103505,-20.083772393752945,-0.0,-62.0,40.0,0.9442581,0.34013498,0.17343715,0.00015305412,32
230,2018-04-04,-44.1558429151729,-20.078654956650283,-0.0,-58.0,40.0,0.99377,0.11183355,0.20406978,0.00019458176,32
234,2018-04-04,-44.09496228494779,-20.095319431317925,-0.0,-30.0,-20.0,0.933926,0.3708147,0.21000704,0.00035274707,32
235,2018-04-04,-44.1672982557438,-20.07393116855552,-0.0,-60.0,40.0,0.94888365,0.32600248,0.19429739,0.00019437468,32
250,2018-04-04,-44.1558429151729,-20.071831707180067,-0.0,-58.0,36.0,0.9687802,0.25208294,0.20764968,0.00012654542,32
262,2018-04-04,-44.15558549178928,-20.073143870539724,-0.0,-60.0,40.0,0.9888833,0.14947388,0.214402,0.00019721958,32
279,2018-04-04,-44.15378352810397,-20.08390361008891,-0.0,-62.0,40.0,0.9593733,0.28800502,0.1987492,0.00014123438,32
292,2018-04-04,-44.09277418618706,-20.09308875360651,-0.0,-62.0,-40.0,0.94386774,0.3385104,0.2108965,0.00015072811,32
294,2018-04-04,-44.150050889041545,-20.0858718551284,-0.0,-62.0,40.0,0.99573416,0.09243322,0.20145847,0.00022659368,32
297,2018-04-04,-44.1509518708842,-20.07445603389938,-0.0,-62.0,40.0,0.91531914,0.42315394,0.18903947,0.000473964,32
298,2018-04-04,-44.09573455509864,-20.104110925827623,-0.0,-32.0,-32.0,0.9713802,0.24072301,0.20770803,0.00019924583,32
302,2018-04-04,-44.1509518708842,-20.07445603389938,-0.0,-64.0,40.0,0.9010573,0.46399283,0.19030711,0.00030566705,32
307,2018-04-04,-44.15558549178928,-20.073143870539724,-0.0,-60.0,36.0,0.94426954,0.33953795,0.21462357,0.0001921205,32
322,2018-04-04,-44.16150622961244,-20.065533323053717,-0.0,-58.0,32.0,0.9559043,0.30019727,0.20587029,0.00021429466,32
326,2018-04-04,-44.158417149009054,-20.066714270077405,-0.0,-60.0,28.0,0.92922074,0.38275728,0.21405818,0.00021434038,32
334,2018-04-04,-44.14824892535624,-20.08482212444067,-0.0,-64.0,36.0,0.9591197,0.28854805,0.20624818,0.00011566065,32
341,2018-04-04,-44.093417744646096,-20.094138484294238,-0.0,-30.0,0.0,0.9271192,0.38806647,0.20293237,0.00020528595,32
342,2018-04-04,-44.09573455509864,-20.104110925827623,-0.0,-28.0,-32.0,0.967172,0.2586741,0.21095438,0.00017666417,32
343,2018-04-04,-44.094704861564175,-20.094663349638097,-0.0,-30.0,-12.0,0.9320163,0.37439924,0.20520887,0.00024680147,32
350,2018-04-04,-44.15494193333024,-20.07143805817217,-0.0,-60.0,32.0,0.9771433,0.21485306,0.2082436,0.000101412086,32
351,2018-04-04,-44.15365481641216,-20.083509961081013,-0.0,-62.0,40.0,0.99176425,0.12863493,0.1975397,0.00024892512,32
354,2018-04-04,-44.095219708331406,-20.10188024811621,-0.0,-34.0,-40.0,0.85031635,0.56276417,0.19688289,0.0001462547,32
355,2018-04-04,-44.14721923182177,-20.07944225466608,-0.0,-62.0,40.0,0.9097379,0.4362786,0.20008743,0.0001692326,32
358,2018-04-04,-44.161892364687866,-20.076817927946763,-0.0,-60.0,40.0,0.97885114,0.2066355,0.2046915,0.00012147129,32
365,2018-04-04,-44.09483357325598,-20.095975512997757,-0.0,-16.0,-16.0,0.87048537,0.5251366,0.2145026,0.00022786683,32
371,2018-04-04,-44.16150622961244,-20.065533323053717,-0.0,-58.0,36.0,0.96249855,0.27732918,0.21806788,0.00021408769,32
372,2018-04-04,-44.156615185323744,-20.07235657252393,-0.0,-60.0,40.0,0.98747224,0.15874347,0.22571152,0.00016332245,32
376,2018-04-04,-44.177981326163845,-20.065533323053717,-0.0,-64.0,40.0,0.98931545,0.14667082,0.2060611,0.0001226925,32
428,2018-04-04,-44.095348420023214,-20.099255921396896,-0.0,-34.0,-20.0,0.8599175,0.5520587,0.21099286,0.00021701,32
445,2018-04-04,-44.15030831242516,-20.084690908104704,-0.0,-62.0,40.0,0.9537714,0.31028697,0.19998807,0.00011961138,32
451,2018-04-04,-44.095348420023214,-20.09269510459861,-0.0,-50.0,-32.0,0.89500684,0.4699368,0.21193483,0.000103801125,32
452,2018-04-04,-44.1624072114551,-20.06658305374144,-0.0,-60.0,36.0,0.99999905,0.0013166264,0.18705474,0.00012239197,32
454,2018-04-04,-44.161892364687866,-20.07721157695466,-0.0,-60.0,40.0,0.98762494,0.15781839,0.21329112,0.000108521395,32
462,2018-04-04,-44.1492786188907,-20.083772393752945,-0.0,-62.0,36.0,0.9009371,0.45448023,0.21690197,0.00015435196,32
468,2018-04-04,-44.16768439081922,-20.071831707180067,-0.0,-58.0,40.0,0.99912137,0.041926306,0.1979922,0.00025140448,32
469,2018-04-04,-44.156615185323744,-20.07235657252393,-0.0,-62.0,40.0,0.9884701,0.15216252,0.21888806,0.00014295946,32
475,2018-04-04,-44.16150622961244,-20.06684548641337,-0.0,-60.0,40.0,0.9333956,0.37320685,0.20200405,0.00019318266,32
480,2018-04-04,-44.09573455509864,-20.10437335849956,-0.0,-30.0,-28.0,0.97603565,0.21994607,0.22386426,0.00023246644,32
489,2018-04-04,-44.15378352810397,-20.0854782061205,-0.0,-60.0,36.0,0.98614484,0.16707681,0.22113495,0.00015665224,32
498,2018-04-04,-44.16202107637967,-20.07760522596256,-0.0,-60.0,40.0,0.9739393,0.22963941,0.22176117,0.00018630472,32
515,2018-04-04,-44.177981326163845,-20.065533323053717,-0.0,-62.0,40.0,0.99098617,0.13457483,0.22828959,0.00014239682,32
517,2018-04-04,-44.16137751792064,-20.071044409164276,-0.0,-58.0,40.0,0.9873319,0.16011351,0.20574138,0.000113239825,32
518,2018-04-04,-44.16202107637967,-20.07760522596256,-0.0,-60.0,36.0,0.9819957,0.19045453,0.2204059,0.00024409748,32
520,2018-04-04,-44.14992217734974,-20.08692158581612,-0.0,-60.0,32.0,0.9329311,0.37142602,0.22161011,0.00016959709,32
533,2018-04-04,-44.093546456337904,-20.09361361895037,-0.0,-54.0,-36.0,0.92416435,0.39691073,0.22529994,0.00012681105,32
538,2018-04-04,-44.15468450994663,-20.07904860565818,-0.0,-60.0,40.0,0.9603823,0.28433818,0.2098461,7.573011e-05,32
547,2018-04-04,-44.1509518708842,-20.07432481756341,-0.0,-62.0,40.0,0.90768754,0.43956012,0.21304497,0.00048326713,32
551,2018-04-04,-44.09431872648875,-20.09361361895037,-0.0,-60.0,-40.0,0.9269395,0.38688326,0.22368047,8.363042e-05,32
573,2018-04-04,-44.09715038370853,-20.10437335849956,-0.0,-26.0,-40.0,0.981993,0.19041304,0.21994461,0.00020242653,32
591,2018-04-04,-44.09637811355768,-20.10476700750745,-0.0,-28.0,-28.0,0.88030064,0.50150853,0.24380408,0.00016093155,32
595,2018-04-04,-44.09277418618706,-20.09308875360651,-0.0,-60.0,-36.0,0.9506957,0.31798822,0.22435091,0.00015162292,32
597,2018-04-04,-44.094704861564175,-20.09361361895037,-0.0,-56.0,-40.0,0.9236856,0.39662957,0.221461,0.00016114896,32
617,2018-04-04,-44.095348420023214,-20.095581863989857,-0.0,-28.0,-12.0,0.91071886,0.43331236,0.20454994,0.00030632524,32
621,2018-04-04,-44.095348420023214,-20.095581863989857,-0.0,-30.0,-16.0,0.919275,0.40785578,0.221529,0.00037647443,32
631,2018-04-04,-44.150050889041545,-20.08574063879243,-0.0,-62.0,32.0,0.96217763,0.27867618,0.2173203,0.00012443759,32
632,2018-04-04,-44.158417149009054,-20.066714270077405,-0.0,-62.0,32.0,0.9420799,0.3442246,0.21013477,0.0001555898,32
639,2018-04-04,-44.14721923182177,-20.07944225466608,-0.0,-62.0,40.0,0.9141801,0.42269146,0.23625557,0.00014431524,32
642,2018-04-04,-44.093417744646096,-20.09361361895037,-0.0,-50.0,-32.0,0.95720506,0.29472056,0.22483774,0.00017313514,32
659,2018-04-04,-44.09316032126248,-20.093876051622303,-0.0,-26.0,0.0,0.9202357,0.41621837,0.23191184,0.0004714754,32
666,2018-04-04,-44.09612069017406,-20.098599839717068,-0.0,-32.0,-20.0,0.8369649,0.59542996,0.22777635,0.00024879372,32
674,2018-04-04,-44.15803101393363,-20.068026433437065,-0.0,-60.0,40.0,0.9488301,0.32394177,0.21363357,0.00017669244,32
687,2018-04-04,-44.095348420023214,-20.095844296661788,-0.0,-26.0,-12.0,0.9264778,0.39259818,0.2429174,0.0003334301,32
689,2018-04-04,-44.094704861564175,-20.102273897124107,-0.0,-40.0,-24.0,0.8999888,0.45509607,0.22149613,0.00017279296,32
699,2018-04-04,-44.09277418618706,-20.092957537270543,-0.0,-60.0,-36.0,0.8248223,0.62379014,0.22112992,0.00010524349,32
704,2018-04-04,-44.16227849976329,-20.07301265420376,-0.0,-60.0,40.0,0.9730441,0.23360339,0.21389751,0.00015998124,32
738,2018-04-04,-44.16137751792064,-20.071044409164276,-0.0,-58.0,40.0,0.9537537,0.30705687,0.21450779,8.5356805e-05,32
743,2018-04-04,-44.095219708331406,-20.10292997880393,-0.0,-34.0,-32.0,0.963839,0.27309382,0.2487394,0.00023321668,32
748,2018-04-04,-44.1672982557438,-20.073799952219552,-0.0,-60.0,40.0,0.9394868,0.35379896,0.2385987,0.00016835134,32
749,2018-04-04,-44.15970426592713,-20.064614808701958,-0.0,-60.0,36.0,0.9923783,0.1236501,0.23288263,0.00010213836,32
753,2018-04-04,-44.09444743818056,-20.09453213330213,-0.0,-30.0,4.0,0.93633944,0.3616963,0.24223724,0.0002814164,32
772,2018-04-04,-44.093546456337904,-20.094400916966165,-0.0,-26.0,12.0,0.9233013,0.3976936,0.23818585,0.00025641994,32
778,2018-04-04,-44.14824892535624,-20.084690908104704,-0.0,-64.0,40.0,0.993268,0.11620175,0.217038,0.000119338845,32
781,2018-04-04,-44.09277418618706,-20.092957537270543,-0.0,-64.0,-40.0,0.9240293,0.3957767,0.23231132,0.00016137642,32
785,2018-04-04,-44.15648647363194,-20.07655549527483,-0.0,-58.0,32.0,0.947436,0.32984012,0.24211547,8.705073e-05,32
795,2018-04-04,-44.09740780709214,-20.10463579117149,-0.0,-30.0,-40.0,0.8850024,0.53440773,0.22723202,0.0001532011,32
800,2018-04-04,-44.1674269674356,-20.07432481756341,-0.0,-60.0,40.0,0.99912155,0.04192622,0.23580386,0.00012518003,32
809,2018-04-04,-44.16163494130425,-20.076817927946763,-0.0,-60.0,40.0,0.9765173,0.21793333,0.2365612,0.00012580244,32
810,2018-04-04,-44.15906070746809,-20.06566453938968,-0.0,-64.0,40.0,0.9807913,0.19675484,0.22297284,0.00012886837,32
812,2018-04-04,-44.09612069017406,-20.10463579117149,-0.0,-32.0,-28.0,0.9810543,0.19555587,0.24058457,0.00018460231,32
815,2018-04-04,-44.09290289787887,-20.09361361895037,-0.0,-34.0,-32.0,0.9477484,0.3269546,0.24155085,0.00027799365,32
817,2018-04-04,-44.15326868133674,-20.081935365049425,-0.0,-60.0,40.0,0.97455287,0.22695863,0.23753211,0.00013418394,32
819,2018-04-04,-44.15391223979578,-20.07025711114848,-0.0,-58.0,40.0,0.96879125,0.251771,0.22422275,0.00012923428,32
826,2018-04-04,-44.09573455509864,-20.100436868420587,-0.0,-40.0,-32.0,0.85571986,0.5583373,0.24542302,0.00029766848,32
839,2018-04-04,-44.1541696631794,-20.07983590367397,-0.0,-60.0,40.0,0.9838538,0.18029623,0.23935002,0.00027133914,32
842,2018-04-04,-44.161892364687866,-20.07708036061869,-0.0,-62.0,36.0,0.98912096,0.14776096,0.22787876,9.263296e-05,32
843,2018-04-04,-44.09715038370853,-20.098731056053037,-0.0,-42.0,-16.0,0.8399253,0.5894708,0.22958055,0.00012341807,32
849,2018-04-04,-44.09689296032491,-20.098862272389,-0.0,-40.0,-16.0,0.8082655,0.64302075,0.23864205,0.00013250821,32
878,2018-04-04,-44.15532806840567,-20.07944225466608,-0.0,-60.0,40.0,0.98164153,0.19241036,0.24028865,0.00024076854,32
879,2018-04-04,-44.15172414103505,-20.083772393752945,-0.0,-62.0,40.0,0.94224805,0.34635422,0.23466736,0.00017846754,32
881,2018-04-04,-44.09727909540033,-20.098731056053037,-0.0,-40.0,-16.0,0.8462761,0.57560474,0.22890337,7.089602e-05,32
902,2018-04-04,-44.09135835757717,-20.090201994215263,-0.0,-54.0,-32.0,0.9236139,0.3990633,0.23943725,0.00012808619,32
917,2018-04-04,-44.0917444926526,-20.09164537391089,-0.0,-66.0,-28.0,0.8399489,0.58606946,0.23359168,6.524553e-05,32
922,2018-04-04,-44.095863266790445,-20.09702524368548,-0.0,-32.0,-16.0,0.8334973,0.6023138,0.22462654,0.00019463511,32
953,2018-04-04,-44.09715038370853,-20.098862272389,-0.0,-42.0,-12.0,0.81594616,0.6319421,0.22483456,0.00016212075,32
988,2018-04-04,-44.1591894191599,-20.06592697206161,-0.0,-64.0,36.0,0.9466307,0.33186823,0.23593827,9.492854e-05,32
991,2018-04-04,-44.1575161671664,-20.08482212444067,-0.0,-60.0,40.0,0.9994936,0.03182455,0.23950803,0.00027012592,32
1001,2018-04-04,-44.161892364687866,-20.076817927946763,-0.0,-64.0,32.0,0.96615434,0.26191953,0.23441048,8.023096e-05,32
1002,2018-04-04,-44.09444743818056,-20.09492578231003,-0.0,-34.0,-32.0,1.0,0.00039513933,0.22878867,0.00025367626,32
1010,2018-04-04,-44.15365481641216,-20.083509961081013,-0.0,-62.0,40.0,0.99335134,0.11545927,0.23778822,0.00019389139,32
1020,2018-04-04,-44.16292205822233,-20.072094139852,-0.0,-60.0,40.0,0.91512394,0.41756633,0.24028625,0.0001782693,32
1034,2018-04-04,-44.16202107637967,-20.07721157695466,-0.0,-60.0,40.0,0.981273,0.1944176,0.24814238,0.00010865971,32
1040,2018-04-04,-44.161892364687866,-20.07721157695466,-0.0,-60.0,40.0,0.96591824,0.26365894,0.2468073,0.00010343269,32
1050,2018-04-04,-44.09457614987237,-20.102405113460076,-0.0,-38.0,-36.0,0.93953866,0.35215226,0.24512702,0.00030498733,32
1070,2018-04-04,-44.1575161671664,-20.08482212444067,-0.0,-60.0,36.0,0.96219236,0.28010356,0.23884472,0.00017387042,32
1072,2018-04-04,-44.0917444926526,-20.09164537391089,-0.0,-64.0,-36.0,0.91248626,0.42968604,0.23979232,7.8801335e-05,32
1076,2018-04-04,-44.15880328408448,-20.06592697206161,-0.0,-60.0,40.0,0.93656856,0.36525702,0.23667216,7.3392395e-05,32
1079,2018-04-04,-44.15391223979578,-20.07025711114848,-0.0,-60.0,40.0,0.9695847,0.24850449,0.24799877,9.992429e-05,32
1091,2018-04-04,-44.158417149009054,-20.0850845571126,-0.0,-58.0,36.0,0.8887288,0.4815745,0.24550791,0.00012143039,32
1092,2018-04-04,-44.1509518708842,-20.07432481756341,-0.0,-64.0,40.0,0.87775964,0.53542435,0.2352003,0.00030330935,32
1099,2018-04-04,-44.093546456337904,-20.09361361895037,-0.0,-52.0,-36.0,0.8961929,0.46807668,0.23183072,0.00010412827,32
1102,2018-04-04,-44.16292205822233,-20.072094139852,-0.0,-60.0,40.0,0.91454065,0.42063314,0.23443252,0.00013330363,32
1108,2018-04-04,-44.14734794351358,-20.07878617298625,-0.0,-60.0,40.0,0.99970615,0.02424301,0.23583807,8.263391e-05,32
1117,2018-04-04,-44.16768439081922,-20.071831707180067,-0.0,-58.0,36.0,0.981466,0.19336696,0.22862582,0.0001814576,32
1127,2018-04-04,-44.09264547449525,-20.09308875360651,-0.0,-62.0,-40.0,0.8971481,0.47378388,0.23896502,0.00011133063,32
1146,2018-04-04,-44.16034782438617,-20.068813731452856,-0.0,-56.0,40.0,0.9864666,0.1649596,0.24976282,0.00036398857,32
1153,2018-04-04,-44.150050889041545,-20.0858718551284,-0.0,-62.0,36.0,0.99220043,0.1250837,0.2397805,0.00020716414,32
1155,2018-04-04,-44.09444743818056,-20.102011464452172,-0.0,-34.0,-40.0,0.92435986,0.39511356,0.23405898,0.00023943702,32
1159,2018-04-04,-44.093546456337904,-20.09400726795827,-0.0,-28.0,0.0,0.9480586,0.3266401,0.24105251,0.00034425358,32
1163,2018-04-04,-44.09766523047576,-20.105029440179383,-0.0,-28.0,-40.0,0.9311042,0.37839893,0.24166062,0.0001920892,32
1174,2018-04-04,-44.095219708331406,-20.102011464452172,-0.0,-36.0,-40.0,0.9113488,0.42841828,0.24216647,0.00012990848,32
1181,2018-04-04,-44.09161578096079,-20.093219969942474,-0.0,-28.0,-8.0,0.8859077,0.49635297,0.23633368,0.00021885987,32
1189,2018-04-04,-44.09715038370853,-20.098731056053037,-0.0,-42.0,-16.0,0.8359385,0.6007249,0.24258535,0.00012660914,32
1191,2018-04-04,-44.095219708331406,-20.095844296661788,-0.0,-28.0,-12.0,0.8651284,0.5359111,0.24847127,0.00020080352,32
1197,2018-04-04,-44.16214978807148,-20.07616184626693,-0.0,-60.0,40.0,0.9665673,0.26143262,0.24416661,0.00011817686,32
1204,2018-04-04,-44.093546456337904,-20.094400916966165,-0.0,-26.0,0.0,0.93913746,0.35383812,0.24792047,0.0003644777,32
1217,2018-04-04,-44.16202107637967,-20.074718466571312,-0.0,-58.0,40.0,0.9690986,0.2505538,0.24575986,9.5118936e-05,32
1231,2018-04-04,-44.14992217734974,-20.08692158581612,-0.0,-60.0,32.0,0.9371452,0.3654364,0.24572617,0.00011899009,32
1247,2018-04-04,-44.094704861564175,-20.094663349638097,-0.0,-30.0,-12.0,0.9238721,0.39515322,0.2348293,0.00022071703,32
1251,2018-04-04,-44.09251676280344,-20.093219969942474,-0.0,-48.0,-36.0,0.89386845,0.4703759,0.24224225,0.00015514281,32
1256,2018-04-04,-44.09483357325598,-20.093219969942474,-0.0,-52.0,-40.0,0.86129993,0.54238904,0.24783906,0.0001059604,32
1259,2018-04-04,-44.16227849976329,-20.072881437867792,-0.0,-60.0,40.0,0.9829678,0.18534474,0.24443871,0.00014352797,32
1260,2018-04-04,-44.15481322163844,-20.071044409164276,-0.0,-60.0,32.0,0.9734008,0.23258153,0.23211527,0.00010914595,32
1289,2018-04-04,-44.1541696631794,-20.07983590367397,-0.0,-60.0,40.0,0.9900696,0.14119089,0.24933314,0.00012980548,32
1290,2018-04-04,-44.095219708331406,-20.095319431317925,-0.0,-28.0,-4.0,0.9366193,0.3611681,0.23686811,0.0001664893,32
1291,2018-04-04,-44.094704861564175,-20.09361361895037,-0.0,-54.0,-40.0,0.8996914,0.4565308,0.2475767,0.00012423437,32
1292,2018-04-04,-44.09303160957067,-20.09335118627844,-0.0,-52.0,-36.0,0.9403788,0.35013777,0.23605238,0.00015071555,32
1305,2018-04-04,-44.09715038370853,-20.098862272389,-0.0,-42.0,-8.0,0.83434314,0.59625983,0.23497155,0.00011737869,32
1313,2018-04-04,-44.1558429151729,-20.07340630321165,-0.0,-60.0,40.0,0.9211648,0.4038228,0.23622842,0.00013031399,32
1329,2018-04-04,-44.1509518708842,-20.07445603389938,-0.0,-62.0,40.0,0.91050994,0.4318001,0.2425376,0.00029912443,32
25,2018-04-16,-44.177981326163845,-20.065402106717748,-0.0,-62.0,36.0,0.9934322,0.114803776,0.12596866,0.00017885656,32
36,2018-04-16,-44.161892364687866,-20.07708036061869,-0.0,-62.0,40.0,0.9895274,0.14510763,0.16019304,0.00016061729,32
49,2018-04-16,-44.158288437317246,-20.066320621069508,-0.0,-60.0,36.0,0.9677011,0.25603223,0.16889001,0.00021117146,32
51,2018-04-16,-44.1575161671664,-20.08482212444067,-0.0,-60.0,40.0,0.99133533,0.13187632,0.15246536,0.00031897012,32
55,2018-04-16,-44.15597162686471,-20.07904860565818,-0.0,-58.0,40.0,0.99169916,0.12906517,0.17269787,0.00030624378,32
58,2018-04-16,-44.1591894191599,-20.06592697206161,-0.0,-64.0,40.0,0.9866735,0.1637098,0.16357863,0.00016910466,32
60,2018-04-16,-44.158417149009054,-20.066714270077405,-0.0,-60.0,32.0,0.9606683,0.28429142,0.16295098,0.00027915908,32
70,2018-04-16,-44.15558549178928,-20.073143870539724,-0.0,-58.0,40.0,0.98207843,0.1903084,0.16551217,0.00015617402,32
72,2018-04-16,-44.161892364687866,-20.076817927946763,-0.0,-60.0,40.0,0.98664135,0.16406055,0.17289028,0.00018321899,32
77,2018-04-16,-44.15558549178928,-20.073143870539724,-0.0,-60.0,40.0,0.9936751,0.11267752,0.17115304,0.0002308823,32
78,2018-04-16,-44.16176365299606,-20.07708036061869,-0.0,-62.0,40.0,0.98854494,0.15176974,0.17172363,0.0001721688,32
79,2018-04-16,-44.177981326163845,-20.065533323053717,-0.0,-62.0,36.0,0.9964764,0.08401511,0.16623512,0.00018862613,32
86,2018-04-16,-44.157130032090976,-20.07235657252393,-0.0,-60.0,36.0,0.99061596,0.13728343,0.15821503,0.00026863083,32
87,2018-04-16,-44.15365481641216,-20.08364117741698,-0.0,-62.0,40.0,0.9950991,0.0991742,0.17583664,0.00029401673,32
92,2018-04-16,-44.15365481641216,-20.08364117741698,-0.0,-62.0,40.0,0.99385124,0.11107637,0.1650057,0.00031562397,32
101,2018-04-16,-44.157130032090976,-20.07235657252393,-0.0,-60.0,36.0,0.98830754,0.15364271,0.16259168,0.0002030594,32
102,2018-04-16,-44.1575161671664,-20.08482212444067,-0.0,-60.0,36.0,0.9933006,0.11592739,0.16052273,0.0002825142,32
106,2018-04-16,-44.158288437317246,-20.066320621069508,-0.0,-60.0,40.0,0.96672195,0.260466,0.17711703,0.00022746764,32
107,2018-04-16,-44.150050889041545,-20.0858718551284,-0.0,-62.0,32.0,0.9972439,0.07430704,0.17113066,0.00025208955,32
108,2018-04-16,-44.095348420023214,-20.095581863989857,-0.0,-26.0,-4.0,0.9112881,0.43588206,0.17609175,0.00035253962,32
109,2018-04-16,-44.15815972562544,-20.068026433437065,-0.0,-60.0,40.0,0.92887574,0.38277623,0.18616179,0.00031713524,32
111,2018-04-16,-44.15558549178928,-20.073143870539724,-0.0,-58.0,40.0,0.9956475,0.093374655,0.16038811,0.00014709214,32
116,2018-04-16,-44.15597162686471,-20.07904860565818,-0.0,-60.0,40.0,0.98307085,0.18469657,0.19299243,0.00018906631,32
120,2018-04-16,-44.15442708656301,-20.0717004908441,-0.0,-60.0,40.0,0.98103976,0.19561706,0.18038051,0.0002138021,32
122,2018-04-16,-44.177981326163845,-20.065402106717748,-0.0,-62.0,36.0,0.9920553,0.12631515,0.16516092,0.00013893403,32
124,2018-04-16,-44.16768439081922,-20.071831707180067,-0.0,-58.0,40.0,0.9844347,0.17712511,0.16961817,0.00019569618,32
125,2018-04-16,-44.09316032126248,-20.103192411475867,-0.0,-30.0,-28.0,0.9221537,0.4055343,0.18537693,0.00026284982,32
135,2018-04-16,-44.1575161671664,-20.08482212444067,-0.0,-60.0,40.0,0.9926844,0.12122337,0.17335667,0.00032299763,32
166,2018-04-16,-44.16227849976329,-20.07301265420376,-0.0,-60.0,40.0,0.9948693,0.10141454,0.17611928,0.0002781563,32
169,2018-04-16,-44.15906070746809,-20.06592697206161,-0.0,-62.0,36.0,0.96458185,0.26856968,0.1896261,7.7959645e-05,32
183,2018-04-16,-44.161892364687866,-20.07721157695466,-0.0,-60.0,40.0,0.98572654,0.16954353,0.20472775,0.00016644613,32
184,2018-04-16,-44.14914990719889,-20.083509961081013,-0.0,-62.0,24.0,0.92275953,0.39962417,0.18632154,0.00019650752,32
192,2018-04-16,-44.15558549178928,-20.073143870539724,-0.0,-58.0,36.0,0.96856844,0.2538515,0.20102504,0.00022607588,32
208,2018-04-16,-44.09547713171502,-20.096631594677586,-0.0,-16.0,-28.0,0.8838611,0.4968438,0.19951294,0.00028506762,32
209,2018-04-16,-44.09573455509864,-20.104242142163592,-0.0,-30.0,-32.0,0.99192834,0.12720996,0.20155519,0.00028709535,32
211,2018-04-16,-44.14824892535624,-20.08482212444067,-0.0,-62.0,36.0,0.97233886,0.23678724,0.1985304,0.00017741922,32
227,2018-04-16,-44.15172414103505,-20.083772393752945,-0.0,-62.0,40.0,0.9442581,0.34013498,0.17343715,0.00015305412,32
230,2018-04-16,-44.1558429151729,-20.078654956650283,-0.0,-58.0,40.0,0.99377,0.11183355,0.20406978,0.00019458176,32
234,2018-04-16,-44.09496228494779,-20.095319431317925,-0.0,-30.0,-20.0,0.933926,0.3708147,0.21000704,0.00035274707,32
235,2018-04-16,-44.1672982557438,-20.07393116855552,-0.0,-60.0,40.0,0.94888365,0.32600248,0.19429739,0.00019437468,32
250,2018-04-16,-44.1558429151729,-20.071831707180067,-0.0,-58.0,36.0,0.9687802,0.25208294,0.20764968,0.00012654542,32
262,2018-04-16,-44.15558549178928,-20.073143870539724,-0.0,-60.0,40.0,0.9888833,0.14947388,0.214402,0.00019721958,32
279,2018-04-16,-44.15378352810397,-20.08390361008891,-0.0,-62.0,40.0,0.9593733,0.28800502,0.1987492,0.00014123438,32
292,2018-04-16,-44.09277418618706,-20.09308875360651,-0.0,-62.0,-40.0,0.94386774,0.3385104,0.2108965,0.00015072811,32
294,2018-04-16,-44.150050889041545,-20.0858718551284,-0.0,-62.0,40.0,0.99573416,0.09243322,0.20145847,0.00022659368,32
297,2018-04-16,-44.1509518708842,-20.07445603389938,-0.0,-62.0,40.0,0.91531914,0.42315394,0.18903947,0.000473964,32
298,2018-04-16,-44.09573455509864,-20.104110925827623,-0.0,-32.0,-32.0,0.9713802,0.24072301,0.20770803,0.00019924583,32
302,2018-04-16,-44.1509518708842,-20.07445603389938,-0.0,-64.0,40.0,0.9010573,0.46399283,0.19030711,0.00030566705,32
307,2018-04-16,-44.15558549178928,-20.073143870539724,-0.0,-60.0,36.0,0.94426954,0.33953795,0.21462357,0.0001921205,32
322,2018-04-16,-44.16150622961244,-20.065533323053717,-0.0,-58.0,32.0,0.9559043,0.30019727,0.20587029,0.00021429466,32
326,2018-04-16,-44.158417149009054,-20.066714270077405,-0.0,-60.0,28.0,0.92922074,0.38275728,0.21405818,0.00021434038,32
334,2018-04-16,-44.14824892535624,-20.08482212444067,-0.0,-64.0,36.0,0.9591197,0.28854805,0.20624818,0.00011566065,32
341,2018-04-16,-44.093417744646096,-20.094138484294238,-0.0,-30.0,0.0,0.9271192,0.38806647,0.20293237,0.00020528595,32
342,2018-04-16,-44.09573455509864,-20.104110925827623,-0.0,-28.0,-32.0,0.967172,0.2586741,0.21095438,0.00017666417,32
343,2018-04-16,-44.094704861564175,-20.094663349638097,-0.0,-30.0,-12.0,0.9320163,0.37439924,0.20520887,0.00024680147,32
350,2018-04-16,-44.15494193333024,-20.07143805817217,-0.0,-60.0,32.0,0.9771433,0.21485306,0.2082436,0.000101412086,32
351,2018-04-16,-44.15365481641216,-20.083509961081013,-0.0,-62.0,40.0,0.99176425,0.12863493,0.1975397,0.00024892512,32
354,2018-04-16,-44.095219708331406,-20.10188024811621,-0.0,-34.0,-40.0,0.85031635,0.56276417,0.19688289,0.0001462547,32
355,2018-04-16,-44.14721923182177,-20.07944225466608,-0.0,-62.0,40.0,0.9097379,0.4362786,0.20008743,0.0001692326,32
358,2018-04-16,-44.161892364687866,-20.076817927946763,-0.0,-60.0,40.0,0.97885114,0.2066355,0.2046915,0.00012147129,32
365,2018-04-16,-44.09483357325598,-20.095975512997757,-0.0,-16.0,-16.0,0.87048537,0.5251366,0.2145026,0.00022786683,32
371,2018-04-16,-44.16150622961244,-20.065533323053717,-0.0,-58.0,36.0,0.96249855,0.27732918,0.21806788,0.00021408769,32
372,2018-04-16,-44.156615185323744,-20.07235657252393,-0.0,-60.0,40.0,0.98747224,0.15874347,0.22571152,0.00016332245,32
376,2018-04-16,-44.177981326163845,-20.065533323053717,-0.0,-64.0,40.0,0.98931545,0.14667082,0.2060611,0.0001226925,32
428,2018-04-16,-44.095348420023214,-20.099255921396896,-0.0,-34.0,-20.0,0.8599175,0.5520587,0.21099286,0.00021701,32
445,2018-04-16,-44.15030831242516,-20.084690908104704,-0.0,-62.0,40.0,0.9537714,0.31028697,0.19998807,0.00011961138,32
451,2018-04-16,-44.095348420023214,-20.09269510459861,-0.0,-50.0,-32.0,0.89500684,0.4699368,0.21193483,0.000103801125,32
452,2018-04-16,-44.1624072114551,-20.06658305374144,-0.0,-60.0,36.0,0.99999905,0.0013166264,0.18705474,0.00012239197,32
454,2018-04-16,-44.161892364687866,-20.07721157695466,-0.0,-60.0,40.0,0.98762494,0.15781839,0.21329112,0.000108521395,32
462,2018-04-16,-44.1492786188907,-20.083772393752945,-0.0,-62.0,36.0,0.9009371,0.45448023,0.21690197,0.00015435196,32
468,2018-04-16,-44.16768439081922,-20.071831707180067,-0.0,-58.0,40.0,0.99912137,0.041926306,0.1979922,0.00025140448,32
469,2018-04-16,-44.156615185323744,-20.07235657252393,-0.0,-62.0,40.0,0.9884701,0.15216252,0.21888806,0.00014295946,32
475,2018-04-16,-44.16150622961244,-20.06684548641337,-0.0,-60.0,40.0,0.9333956,0.37320685,0.20200405,0.00019318266,32
480,2018-04-16,-44.09573455509864,-20.10437335849956,-0.0,-30.0,-28.0,0.97603565,0.21994607,0.22386426,0.00023246644,32
489,2018-04-16,-44.15378352810397,-20.0854782061205,-0.0,-60.0,36.0,0.98614484,0.16707681,0.22113495,0.00015665224,32
498,2018-04-16,-44.16202107637967,-20.07760522596256,-0.0,-60.0,40.0,0.9739393,0.22963941,0.22176117,0.00018630472,32
515,2018-04-16,-44.177981326163845,-20.065533323053717,-0.0,-62.0,40.0,0.99098617,0.13457483,0.22828959,0.00014239682,32
517,2018-04-16,-44.16137751792064,-20.071044409164276,-0.0,-58.0,40.0,0.9873319,0.16011351,0.20574138,0.000113239825,32
518,2018-04-16,-44.16202107637967,-20.07760522596256,-0.0,-60.0,36.0,0.9819957,0.19045453,0.2204059,0.00024409748,32
520,2018-04-16,-44.14992217734974,-20.08692158581612,-0.0,-60.0,32.0,0.9329311,0.37142602,0.22161011,0.00016959709,32
533,2018-04-16,-44.093546456337904,-20.09361361895037,-0.0,-54.0,-36.0,0.92416435,0.39691073,0.22529994,0.00012681105,32
538,2018-04-16,-44.15468450994663,-20.07904860565818,-0.0,-60.0,40.0,0.9603823,0.28433818,0.2098461,7.573011e-05,32
547,2018-04-16,-44.1509518708842,-20.07432481756341,-0.0,-62.0,40.0,0.90768754,0.43956012,0.21304497,0.00048326713,32
551,2018-04-16,-44.09431872648875,-20.09361361895037,-0.0,-60.0,-40.0,0.9269395,0.38688326,0.22368047,8.363042e-05,32
573,2018-04-16,-44.09715038370853,-20.10437335849956,-0.0,-26.0,-40.0,0.981993,0.19041304,0.21994461,0.00020242653,32
591,2018-04-16,-44.09637811355768,-20.10476700750745,-0.0,-28.0,-28.0,0.88030064,0.50150853,0.24380408,0.00016093155,32
595,2018-04-16,-44.09277418618706,-20.09308875360651,-0.0,-60.0,-36.0,0.9506957,0.31798822,0.22435091,0.00015162292,32
597,2018-04-16,-44.094704861564175,-20.09361361895037,-0.0,-56.0,-40.0,0.9236856,0.39662957,0.221461,0.00016114896,32
617,2018-04-16,-44.095348420023214,-20.095581863989857,-0.0,-28.0,-12.0,0.91071886,0.43331236,0.20454994,0.00030632524,32
621,2018-04-16,-44.095348420023214,-20.095581863989857,-0.0,-30.0,-16.0,0.919275,0.40785578,0.221529,0.00037647443,32
631,2018-04-16,-44.150050889041545,-20.08574063879243,-0.0,-62.0,32.0,0.96217763,0.27867618,0.2173203,0.00012443759,32
632,2018-04-16,-44.158417149009054,-20.066714270077405,-0.0,-62.0,32.0,0.9420799,0.3442246,0.21013477,0.0001555898,32
639,2018-04-16,-44.14721923182177,-20.07944225466608,-0.0,-62.0,40.0,0.9141801,0.42269146,0.23625557,0.00014431524,32
642,2018-04-16,-44.093417744646096,-20.09361361895037,-0.0,-50.0,-32.0,0.95720506,0.29472056,0.22483774,0.00017313514,32
659,2018-04-16,-44.09316032126248,-20.093876051622303,-0.0,-26.0,0.0,0.9202357,0.41621837,0.23191184,0.0004714754,32
666,2018-04-16,-44.09612069017406,-20.098599839717068,-0.0,-32.0,-20.0,0.8369649,0.59542996,0.22777635,0.00024879372,32
674,2018-04-16,-44.15803101393363,-20.068026433437065,-0.0,-60.0,40.0,0.9488301,0.32394177,0.21363357,0.00017669244,32
687,2018-04-16,-44.095348420023214,-20.095844296661788,-0.0,-26.0,-12.0,0.9264778,0.39259818,0.2429174,0.0003334301,32
689,2018-04-16,-44.094704861564175,-20.102273897124107,-0.0,-40.0,-24.0,0.8999888,0.45509607,0.22149613,0.00017279296,32
699,2018-04-16,-44.09277418618706,-20.092957537270543,-0.0,-60.0,-36.0,0.8248223,0.62379014,0.22112992,0.00010524349,32
704,2018-04-16,-44.16227849976329,-20.07301265420376,-0.0,-60.0,40.0,0.9730441,0.23360339,0.21389751,0.00015998124,32
738,2018-04-16,-44.16137751792064,-20.071044409164276,-0.0,-58.0,40.0,0.9537537,0.30705687,0.21450779,8.5356805e-05,32
743,2018-04-16,-44.095219708331406,-20.10292997880393,-0.0,-34.0,-32.0,0.963839,0.27309382,0.2487394,0.00023321668,32
748,2018-04-16,-44.1672982557438,-20.073799952219552,-0.0,-60.0,40.0,0.9394868,0.35379896,0.2385987,0.00016835134,32
749,2018-04-16,-44.15970426592713,-20.064614808701958,-0.0,-60.0,36.0,0.9923783,0.1236501,0.23288263,0.00010213836,32
753,2018-04-16,-44.09444743818056,-20.09453213330213,-0.0,-30.0,4.0,0.93633944,0.3616963,0.24223724,0.0002814164,32
772,2018-04-16,-44.093546456337904,-20.094400916966165,-0.0,-26.0,12.0,0.9233013,0.3976936,0.23818585,0.00025641994,32
778,2018-04-16,-44.14824892535624,-20.084690908104704,-0.0,-64.0,40.0,0.993268,0.11620175,0.217038,0.000119338845,32
781,2018-04-16,-44.09277418618706,-20.092957537270543,-0.0,-64.0,-40.0,0.9240293,0.3957767,0.23231132,0.00016137642,32
785,2018-04-16,-44.15648647363194,-20.07655549527483,-0.0,-58.0,32.0,0.947436,0.32984012,0.24211547,8.705073e-05,32
795,2018-04-16,-44.09740780709214,-20.10463579117149,-0.0,-30.0,-40.0,0.8850024,0.53440773,0.22723202,0.0001532011,32
800,2018-04-16,-44.1674269674356,-20.07432481756341,-0.0,-60.0,40.0,0.99912155,0.04192622,0.23580386,0.00012518003,32
809,2018-04-16,-44.16163494130425,-20.076817927946763,-0.0,-60.0,40.0,0.9765173,0.21793333,0.2365612,0.00012580244,32
810,2018-04-16,-44.15906070746809,-20.06566453938968,-0.0,-64.0,40.0,0.9807913,0.19675484,0.22297284,0.00012886837,32
812,2018-04-16,-44.09612069017406,-20.10463579117149,-0.0,-32.0,-28.0,0.9810543,0.19555587,0.24058457,0.00018460231,32
815,2018-04-16,-44.09290289787887,-20.09361361895037,-0.0,-34.0,-32.0,0.9477484,0.3269546,0.24155085,0.00027799365,32
817,2018-04-16,-44.15326868133674,-20.081935365049425,-0.0,-60.0,40.0,0.97455287,0.22695863,0.23753211,0.00013418394,32
819,2018-04-16,-44.15391223979578,-20.07025711114848,-0.0,-58.0,40.0,0.96879125,0.251771,0.22422275,0.00012923428,32
826,2018-04-16,-44.09573455509864,-20.100436868420587,-0.0,-40.0,-32.0,0.85571986,0.5583373,0.24542302,0.00029766848,32
839,2018-04-16,-44.1541696631794,-20.07983590367397,-0.0,-60.0,40.0,0.9838538,0.18029623,0.23935002,0.00027133914,32
842,2018-04-16,-44.161892364687866,-20.07708036061869,-0.0,-62.0,36.0,0.98912096,0.14776096,0.22787876,9.263296e-05,32
843,2018-04-16,-44.09715038370853,-20.098731056053037,-0.0,-42.0,-16.0,0.8399253,0.5894708,0.22958055,0.00012341807,32
849,2018-04-16,-44.09689296032491,-20.098862272389,-0.0,-40.0,-16.0,0.8082655,0.64302075,0.23864205,0.00013250821,32
878,2018-04-16,-44.15532806840567,-20.07944225466608,-0.0,-60.0,40.0,0.98164153,0.19241036,0.24028865,0.00024076854,32
879,2018-04-16,-44.15172414103505,-20.083772393752945,-0.0,-62.0,40.0,0.94224805,0.34635422,0.23466736,0.00017846754,32
881,2018-04-16,-44.09727909540033,-20.098731056053037,-0.0,-40.0,-16.0,0.8462761,0.57560474,0.22890337,7.089602e-05,32
902,2018-04-16,-44.09135835757717,-20.090201994215263,-0.0,-54.0,-32.0,0.9236139,0.3990633,0.23943725,0.00012808619,32
917,2018-04-16,-44.0917444926526,-20.09164537391089,-0.0,-66.0,-28.0,0.8399489,0.58606946,0.23359168,6.524553e-05,32
922,2018-04-16,-44.095863266790445,-20.09702524368548,-0.0,-32.0,-16.0,0.8334973,0.6023138,0.22462654,0.00019463511,32
953,2018-04-16,-44.09715038370853,-20.098862272389,-0.0,-42.0,-12.0,0.81594616,0.6319421,0.22483456,0.00016212075,32
988,2018-04-16,-44.1591894191599,-20.06592697206161,-0.0,-64.0,36.0,0.9466307,0.33186823,0.23593827,9.492854e-05,32
991,2018-04-16,-44.1575161671664,-20.08482212444067,-0.0,-60.0,40.0,0.9994936,0.03182455,0.23950803,0.00027012592,32
1001,2018-04-16,-44.161892364687866,-20.076817927946763,-0.0,-64.0,32.0,0.96615434,0.26191953,0.23441048,8.023096e-05,32
1002,2018-04-16,-44.09444743818056,-20.09492578231003,-0.0,-34.0,-32.0,1.0,0.00039513933,0.22878867,0.00025367626,32
1010,2018-04-16,-44.15365481641216,-20.083509961081013,-0.0,-62.0,40.0,0.99335134,0.11545927,0.23778822,0.00019389139,32
1020,2018-04-16,-44.16292205822233,-20.072094139852,-0.0,-60.0,40.0,0.91512394,0.41756633,0.24028625,0.0001782693,32
1034,2018-04-16,-44.16202107637967,-20.07721157695466,-0.0,-60.0,40.0,0.981273,0.1944176,0.24814238,0.00010865971,32
1040,2018-04-16,-44.161892364687866,-20.07721157695466,-0.0,-60.0,40.0,0.96591824,0.26365894,0.2468073,0.00010343269,32
1050,2018-04-16,-44.09457614987237,-20.102405113460076,-0.0,-38.0,-36.0,0.93953866,0.35215226,0.24512702,0.00030498733,32
1070,2018-04-16,-44.1575161671664,-20.08482212444067,-0.0,-60.0,36.0,0.96219236,0.28010356,0.23884472,0.00017387042,32
1072,2018-04-16,-44.0917444926526,-20.09164537391089,-0.0,-64.0,-36.0,0.91248626,0.42968604,0.23979232,7.8801335e-05,32
1076,2018-04-16,-44.15880328408448,-20.06592697206161,-0.0,-60.0,40.0,0.93656856,0.36525702,0.23667216,7.3392395e-05,32
1079,2018-04-16,-44.15391223979578,-20.07025711114848,-0.0,-60.0,40.0,0.9695847,0.24850449,0.24799877,9.992429e-05,32
1091,2018-04-16,-44.158417149009054,-20.0850845571126,-0.0,-58.0,36.0,0.8887288,0.4815745,0.24550791,0.00012143039,32
1092,2018-04-16,-44.1509518708842,-20.07432481756341,-0.0,-64.0,40.0,0.87775964,0.53542435,0.2352003,0.00030330935,32
1099,2018-04-16,-44.093546456337904,-20.09361361895037,-0.0,-52.0,-36.0,0.8961929,0.46807668,0.23183072,0.00010412827,32
1102,2018-04-16,-44.16292205822233,-20.072094139852,-0.0,-60.0,40.0,0.91454065,0.42063314,0.23443252,0.00013330363,32
1108,2018-04-16,-44.14734794351358,-20.07878617298625,-0.0,-60.0,40.0,0.99970615,0.02424301,0.23583807,8.263391e-05,32
1117,2018-04-16,-44.16768439081922,-20.071831707180067,-0.0,-58.0,36.0,0.981466,0.19336696,0.22862582,0.0001814576,32
1127,2018-04-16,-44.09264547449525,-20.09308875360651,-0.0,-62.0,-40.0,0.8971481,0.47378388,0.23896502,0.00011133063,32
1146,2018-04-16,-44.16034782438617,-20.068813731452856,-0.0,-56.0,40.0,0.9864666,0.1649596,0.24976282,0.00036398857,32
1153,2018-04-16,-44.150050889041545,-20.0858718551284,-0.0,-62.0,36.0,0.99220043,0.1250837,0.2397805,0.00020716414,32
1155,2018-04-16,-44.09444743818056,-20.102011464452172,-0.0,-34.0,-40.0,0.92435986,0.39511356,0.23405898,0.00023943702,32
1159,2018-04-16,-44.093546456337904,-20.09400726795827,-0.0,-28.0,0.0,0.9480586,0.3266401,0.24105251,0.00034425358,32
1163,2018-04-16,-44.09766523047576,-20.105029440179383,-0.0,-28.0,-40.0,0.9311042,0.37839893,0.24166062,0.0001920892,32
1174,2018-04-16,-44.095219708331406,-20.102011464452172,-0.0,-36.0,-40.0,0.9113488,0.42841828,0.24216647,0.00012990848,32
1181,2018-04-16,-44.09161578096079,-20.093219969942474,-0.0,-28.0,-8.0,0.8859077,0.49635297,0.23633368,0.00021885987,32
1189,2018-04-16,-44.09715038370853,-20.098731056053037,-0.0,-42.0,-16.0,0.8359385,0.6007249,0.24258535,0.00012660914,32
1191,2018-04-16,-44.095219708331406,-20.095844296661788,-0.0,-28.0,-12.0,0.8651284,0.5359111,0.24847127,0.00020080352,32
1197,2018-04-16,-44.16214978807148,-20.07616184626693,-0.0,-60.0,40.0,0.9665673,0.26143262,0.24416661,0.00011817686,32
1204,2018-04-16,-44.093546456337904,-20.094400916966165,-0.0,-26.0,0.0,0.93913746,0.35383812,0.24792047,0.0003644777,32
1217,2018-04-16,-44.16202107637967,-20.074718466571312,-0.0,-58.0,40.0,0.9690986,0.2505538,0.24575986,9.5118936e-05,32
1231,2018-04-16,-44.14992217734974,-20.08692158581612,-0.0,-60.0,32.0,0.9371452,0.3654364,0.24572617,0.00011899009,32
1247,2018-04-16,-44.094704861564175,-20.094663349638097,-0.0,-30.0,-12.0,0.9238721,0.39515322,0.2348293,0.00022071703,32
1251,2018-04-16,-44.09251676280344,-20.093219969942474,-0.0,-48.0,-36.0,0.89386845,0.4703759,0.24224225,0.00015514281,32
1256,2018-04-16,-44.09483357325598,-20.093219969942474,-0.0,-52.0,-40.0,0.86129993,0.54238904,0.24783906,0.0001059604,32
1259,2018-04-16,-44.16227849976329,-20.072881437867792,-0.0,-60.0,40.0,0.9829678,0.18534474,0.24443871,0.00014352797,32
1260,2018-04-16,-44.15481322163844,-20.071044409164276,-0.0,-60.0,32.0,0.9734008,0.23258153,0.23211527,0.00010914595,32
1289,2018-04-16,-44.1541696631794,-20.07983590367397,-0.0,-60.0,40.0,0.9900696,0.14119089,0.24933314,0.00012980548,32
1290,2018-04-16,-44.095219708331406,-20.095319431317925,-0.0,-28.0,-4.0,0.9366193,0.3611681,0.23686811,0.0001664893,32
1291,2018-04-16,-44.094704861564175,-20.09361361895037,-0.0,-54.0,-40.0,0.8996914,0.4565308,0.2475767,0.00012423437,32
1292,2018-04-16,-44.09303160957067,-20.09335118627844,-0.0,-52.0,-36.0,0.9403788,0.35013777,0.23605238,0.00015071555,32
1305,2018-04-16,-44.09715038370853,-20.098862272389,-0.0,-42.0,-8.0,0.83434314,0.59625983,0.23497155,0.00011737869,32
1313,2018-04-16,-44.1558429151729,-20.07340630321165,-0.0,-60.0,40.0,0.9211648,0.4038228,0.23622842,0.00013031399,32
1329,2018-04-16,-44.1509518708842,-20.07445603389938,-0.0,-62.0,40.0,0.91050994,0.4318001,0.2425376,0.00029912443,32
25,2018-04-28,-44.177981326163845,-20.065402106717748,-0.0,-62.0,36.0,0.9934322,0.114803776,0.12596866,0.00017885656,32
36,2018-04-28,-44.161892364687866,-20.07708036061869,-0.0,-62.0,40.0,0.9895274,0.14510763,0.16019304,0.00016061729,32
49,2018-04-28,-44.158288437317246,-20.066320621069508,-0.0,-60.0,36.0,0.9677011,0.25603223,0.16889001,0.00021117146,32
51,2018-04-28,-44.1575161671664,-20.08482212444067,-0.0,-60.0,40.0,0.99133533,0.13187632,0.15246536,0.00031897012,32
55,2018-04-28,-44.15597162686471,-20.07904860565818,-0.0,-58.0,40.0,0.99169916,0.12906517,0.17269787,0.00030624378,32
58,2018-04-28,-44.1591894191599,-20.06592697206161,-0.0,-64.0,40.0,0.9866735,0.1637098,0.16357863,0.00016910466,32
60,2018-04-28,-44.158417149009054,-20.066714270077405,-0.0,-60.0,32.0,0.9606683,0.28429142,0.16295098,0.00027915908,32
70,2018-04-28,-44.15558549178928,-20.073143870539724,-0.0,-58.0,40.0,0.98207843,0.1903084,0.16551217,0.00015617402,32
72,2018-04-28,-44.161892364687866,-20.076817927946763,-0.0,-60.0,40.0,0.98664135,0.16406055,0.17289028,0.00018321899,32
77,2018-04-28,-44.15558549178928,-20.073143870539724,-0.0,-60.0,40.0,0.9936751,0.11267752,0.17115304,0.0002308823,32
78,2018-04-28,-44.16176365299606,-20.07708036061869,-0.0,-62.0,40.0,0.98854494,0.15176974,0.17172363,0.0001721688,32
79,2018-04-28,-44.177981326163845,-20.065533323053717,-0.0,-62.0,36.0,0.9964764,0.08401511,0.16623512,0.00018862613,32
86,2018-04-28,-44.157130032090976,-20.07235657252393,-0.0,-60.0,36.0,0.99061596,0.13728343,0.15821503,0.00026863083,32
87,2018-04-28,-44.15365481641216,-20.08364117741698,-0.0,-62.0,40.0,0.9950991,0.0991742,0.17583664,0.00029401673,32
92,2018-04-28,-44.15365481641216,-20.08364117741698,-0.0,-62.0,40.0,0.99385124,0.11107637,0.1650057,0.00031562397,32
101,2018-04-28,-44.157130032090976,-20.07235657252393,-0.0,-60.0,36.0,0.98830754,0.15364271,0.16259168,0.0002030594,32
102,2018-04-28,-44.1575161671664,-20.08482212444067,-0.0,-60.0,36.0,0.9933006,0.11592739,0.16052273,0.0002825142,32
106,2018-04-28,-44.158288437317246,-20.066320621069508,-0.0,-60.0,40.0,0.96672195,0.260466,0.17711703,0.00022746764,32
107,2018-04-28,-44.150050889041545,-20.0858718551284,-0.0,-62.0,32.0,0.9972439,0.07430704,0.17113066,0.00025208955,32
108,2018-04-28,-44.095348420023214,-20.095581863989857,-0.0,-26.0,-4.0,0.9112881,0.43588206,0.17609175,0.00035253962,32
109,2018-04-28,-44.15815972562544,-20.068026433437065,-0.0,-60.0,40.0,0.92887574,0.38277623,0.18616179,0.00031713524,32
111,2018-04-28,-44.15558549178928,-20.073143870539724,-0.0,-58.0,40.0,0.9956475,0.093374655,0.16038811,0.00014709214,32
116,2018-04-28,-44.15597162686471,-20.07904860565818,-0.0,-60.0,40.0,0.98307085,0.18469657,0.19299243,0.00018906631,32
120,2018-04-28,-44.15442708656301,-20.0717004908441,-0.0,-60.0,40.0,0.98103976,0.19561706,0.18038051,0.0002138021,32
122,2018-04-28,-44.177981326163845,-20.065402106717748,-0.0,-62.0,36.0,0.9920553,0.12631515,0.16516092,0.00013893403,32
124,2018-04-28,-44.16768439081922,-20.071831707180067,-0.0,-58.0,40.0,0.9844347,0.17712511,0.16961817,0.00019569618,32
125,2018-04-28,-44.09316032126248,-20.103192411475867,-0.0,-30.0,-28.0,0.9221537,0.4055343,0.18537693,0.00026284982,32
135,2018-04-28,-44.1575161671664,-20.08482212444067,-0.0,-60.0,40.0,0.9926844,0.12122337,0.17335667,0.00032299763,32
166,2018-04-28,-44.16227849976329,-20.07301265420376,-0.0,-60.0,40.0,0.9948693,0.10141454,0.17611928,0.0002781563,32
169,2018-04-28,-44.15906070746809,-20.06592697206161,-0.0,-62.0,36.0,0.96458185,0.26856968,0.1896261,7.7959645e-05,32
183,2018-04-28,-44.161892364687866,-20.07721157695466,-0.0,-60.0,40.0,0.98572654,0.16954353,0.20472775,0.00016644613,32
184,2018-04-28,-44.14914990719889,-20.083509961081013,-0.0,-62.0,24.0,0.92275953,0.39962417,0.18632154,0.00019650752,32
192,2018-04-28,-44.15558549178928,-20.073143870539724,-0.0,-58.0,36.0,0.96856844,0.2538515,0.20102504,0.00022607588,32
208,2018-04-28,-44.09547713171502,-20.096631594677586,-0.0,-16.0,-28.0,0.8838611,0.4968438,0.19951294,0.00028506762,32
209,2018-04-28,-44.09573455509864,-20.104242142163592,-0.0,-30.0,-32.0,0.99192834,0.12720996,0.20155519,0.00028709535,32
211,2018-04-28,-44.14824892535624,-20.08482212444067,-0.0,-62.0,36.0,0.97233886,0.23678724,0.1985304,0.00017741922,32
227,2018-04-28,-44.15172414103505,-20.083772393752945,-0.0,-62.0,40.0,0.9442581,0.34013498,0.17343715,0.00015305412,32
230,2018-04-28,-44.1558429151729,-20.078654956650283,-0.0,-58.0,40.0,0.99377,0.11183355,0.20406978,0.00019458176,32
234,2018-04-28,-44.09496228494779,-20.095319431317925,-0.0,-30.0,-20.0,0.933926,0.3708147,0.21000704,0.00035274707,32
235,2018-04-28,-44.1672982557438,-20.07393116855552,-0.0,-60.0,40.0,0.94888365,0.32600248,0.19429739,0.00019437468,32
250,2018-04-28,-44.1558429151729,-20.071831707180067,-0.0,-58.0,36.0,0.9687802,0.25208294,0.20764968,0.00012654542,32
262,2018-04-28,-44.15558549178928,-20.073143870539724,-0.0,-60.0,40.0,0.9888833,0.14947388,0.214402,0.00019721958,32
279,2018-04-28,-44.15378352810397,-20.08390361008891,-0.0,-62.0,40.0,0.9593733,0.28800502,0.1987492,0.00014123438,32
292,2018-04-28,-44.09277418618706,-20.09308875360651,-0.0,-62.0,-40.0,0.94386774,0.3385104,0.2108965,0.00015072811,32
294,2018-04-28,-44.150050889041545,-20.0858718551284,-0.0,-62.0,40.0,0.99573416,0.09243322,0.20145847,0.00022659368,32
297,2018-04-28,-44.1509518708842,-20.07445603389938,-0.0,-62.0,40.0,0.91531914,0.42315394,0.18903947,0.000473964,32
298,2018-04-28,-44.09573455509864,-20.104110925827623,-0.0,-32.0,-32.0,0.9713802,0.24072301,0.20770803,0.00019924583,32
302,2018-04-28,-44.1509518708842,-20.07445603389938,-0.0,-64.0,40.0,0.9010573,0.46399283,0.19030711,0.00030566705,32
307,2018-04-28,-44.15558549178928,-20.073143870539724,-0.0,-60.0,36.0,0.94426954,0.33953795,0.21462357,0.0001921205,32
322,2018-04-28,-44.16150622961244,-20.065533323053717,-0.0,-58.0,32.0,0.9559043,0.30019727,0.20587029,0.00021429466,32
326,2018-04-28,-44.158417149009054,-20.066714270077405,-0.0,-60.0,28.0,0.92922074,0.38275728,0.21405818,0.00021434038,32
334,2018-04-28,-44.14824892535624,-20.08482212444067,-0.0,-64.0,36.0,0.9591197,0.28854805,0.20624818,0.00011566065,32
341,2018-04-28,-44.093417744646096,-20.094138484294238,-0.0,-30.0,0.0,0.9271192,0.38806647,0.20293237,0.00020528595,32
342,2018-04-28,-44.09573455509864,-20.104110925827623,-0.0,-28.0,-32.0,0.967172,0.2586741,0.21095438,0.00017666417,32
343,2018-04-28,-44.094704861564175,-20.094663349638097,-0.0,-30.0,-12.0,0.9320163,0.37439924,0.20520887,0.00024680147,32
350,2018-04-28,-44.15494193333024,-20.07143805817217,-0.0,-60.0,32.0,0.9771433,0.21485306,0.2082436,0.000101412086,32
351,2018-04-28,-44.15365481641216,-20.083509961081013,-0.0,-62.0,40.0,0.99176425,0.12863493,0.1975397,0.00024892512,32
354,2018-04-28,-44.095219708331406,-20.10188024811621,-0.0,-34.0,-40.0,0.85031635,0.56276417,0.19688289,0.0001462547,32
355,2018-04-28,-44.14721923182177,-20.07944225466608,-0.0,-62.0,40.0,0.9097379,0.4362786,0.20008743,0.0001692326,32
358,2018-04-28,-44.161892364687866,-20.076817927946763,-0.0,-60.0,40.0,0.97885114,0.2066355,0.2046915,0.00012147129,32
365,2018-04-28,-44.09483357325598,-20.095975512997757,-0.0,-16.0,-16.0,0.87048537,0.5251366,0.2145026,0.00022786683,32
371,2018-04-28,-44.16150622961244,-20.065533323053717,-0.0,-58.0,36.0,0.96249855,0.27732918,0.21806788,0.00021408769,32
372,2018-04-28,-44.156615185323744,-20.07235657252393,-0.0,-60.0,40.0,0.98747224,0.15874347,0.22571152,0.00016332245,32
376,2018-04-28,-44.177981326163845,-20.065533323053717,-0.0,-64.0,40.0,0.98931545,0.14667082,0.2060611,0.0001226925,32
428,2018-04-28,-44.095348420023214,-20.099255921396896,-0.0,-34.0,-20.0,0.8599175,0.5520587,0.21099286,0.00021701,32
445,2018-04-28,-44.15030831242516,-20.084690908104704,-0.0,-62.0,40.0,0.9537714,0.31028697,0.19998807,0.00011961138,32
451,2018-04-28,-44.095348420023214,-20.09269510459861,-0.0,-50.0,-32.0,0.89500684,0.4699368,0.21193483,0.000103801125,32
452,2018-04-28,-44.1624072114551,-20.06658305374144,-0.0,-60.0,36.0,0.99999905,0.0013166264,0.18705474,0.00012239197,32
454,2018-04-28,-44.161892364687866,-20.07721157695466,-0.0,-60.0,40.0,0.98762494,0.15781839,0.21329112,0.000108521395,32
462,2018-04-28,-44.1492786188907,-20.083772393752945,-0.0,-62.0,36.0,0.9009371,0.45448023,0.21690197,0.00015435196,32
468,2018-04-28,-44.16768439081922,-20.071831707180067,-0.0,-58.0,40.0,0.99912137,0.041926306,0.1979922,0.00025140448,32
469,2018-04-28,-44.156615185323744,-20.07235657252393,-0.0,-62.0,40.0,0.9884701,0.15216252,0.21888806,0.00014295946,32
475,2018-04-28,-44.16150622961244,-20.06684548641337,-0.0,-60.0,40.0,0.9333956,0.37320685,0.20200405,0.00019318266,32
480,2018-04-28,-44.09573455509864,-20.10437335849956,-0.0,-30.0,-28.0,0.97603565,0.21994607,0.22386426,0.00023246644,32
489,2018-04-28,-44.15378352810397,-20.0854782061205,-0.0,-60.0,36.0,0.98614484,0.16707681,0.22113495,0.00015665224,32
498,2018-04-28,-44.16202107637967,-20.07760522596256,-0.0,-60.0,40.0,0.9739393,0.22963941,0.22176117,0.00018630472,32
515,2018-04-28,-44.177981326163845,-20.065533323053717,-0.0,-62.0,40.0,0.99098617,0.13457483,0.22828959,0.00014239682,32
517,2018-04-28,-44.16137751792064,-20.071044409164276,-0.0,-58.0,40.0,0.9873319,0.16011351,0.20574138,0.000113239825,32
518,2018-04-28,-44.16202107637967,-20.07760522596256,-0.0,-60.0,36.0,0.9819957,0.19045453,0.2204059,0.00024409748,32
520,2018-04-28,-44.14992217734974,-20.08692158581612,-0.0,-60.0,32.0,0.9329311,0.37142602,0.22161011,0.00016959709,32
533,2018-04-28,-44.093546456337904,-20.09361361895037,-0.0,-54.0,-36.0,0.92416435,0.39691073,0.22529994,0.00012681105,32
538,2018-04-28,-44.15468450994663,-20.07904860565818,-0.0,-60.0,40.0,0.9603823,0.28433818,0.2098461,7.573011e-05,32
547,2018-04-28,-44.1509518708842,-20.07432481756341,-0.0,-62.0,40.0,0.90768754,0.43956012,0.21304497,0.00048326713,32
551,2018-04-28,-44.09431872648875,-20.09361361895037,-0.0,-60.0,-40.0,0.9269395,0.38688326,0.22368047,8.363042e-05,32
573,2018-04-28,-44.09715038370853,-20.10437335849956,-0.0,-26.0,-40.0,0.981993,0.19041304,0.21994461,0.00020242653,32
591,2018-04-28,-44.09637811355768,-20.10476700750745,-0.0,-28.0,-28.0,0.88030064,0.50150853,0.24380408,0.00016093155,32
595,2018-04-28,-44.09277418618706,-20.09308875360651,-0.0,-60.0,-36.0,0.9506957,0.31798822,0.22435091,0.00015162292,32
597,2018-04-28,-44.094704861564175,-20.09361361895037,-0.0,-56.0,-40.0,0.9236856,0.39662957,0.221461,0.00016114896,32
617,2018-04-28,-44.095348420023214,-20.095581863989857,-0.0,-28.0,-12.0,0.91071886,0.43331236,0.20454994,0.00030632524,32
621,2018-04-28,-44.095348420023214,-20.095581863989857,-0.0,-30.0,-16.0,0.919275,0.40785578,0.221529,0.00037647443,32
631,2018-04-28,-44.150050889041545,-20.08574063879243,-0.0,-62.0,32.0,0.96217763,0.27867618,0.2173203,0.00012443759,32
632,2018-04-28,-44.158417149009054,-20.066714270077405,-0.0,-62.0,32.0,0.9420799,0.3442246,0.21013477,0.0001555898,32
639,2018-04-28,-44.14721923182177,-20.07944225466608,-0.0,-62.0,40.0,0.9141801,0.42269146,0.23625557,0.00014431524,32
642,2018-04-28,-44.093417744646096,-20.09361361895037,-0.0,-50.0,-32.0,0.95720506,0.29472056,0.22483774,0.00017313514,32
659,2018-04-28,-44.09316032126248,-20.093876051622303,-0.0,-26.0,0.0,0.9202357,0.41621837,0.23191184,0.0004714754,32
666,2018-04-28,-44.09612069017406,-20.098599839717068,-0.0,-32.0,-20.0,0.8369649,0.59542996,0.22777635,0.00024879372,32
674,2018-04-28,-44.15803101393363,-20.068026433437065,-0.0,-60.0,40.0,0.9488301,0.32394177,0.21363357,0.00017669244,32
687,2018-04-28,-44.095348420023214,-20.095844296661788,-0.0,-26.0,-12.0,0.9264778,0.39259818,0.2429174,0.0003334301,32
689,2018-04-28,-44.094704861564175,-20.102273897124107,-0.0,-40.0,-24.0,0.8999888,0.45509607,0.22149613,0.00017279296,32
699,2018-04-28,-44.09277418618706,-20.092957537270543,-0.0,-60.0,-36.0,0.8248223,0.62379014,0.22112992,0.00010524349,32
704,2018-04-28,-44.16227849976329,-20.07301265420376,-0.0,-60.0,40.0,0.9730441,0.23360339,0.21389751,0.00015998124,32
738,2018-04-28,-44.16137751792064,-20.071044409164276,-0.0,-58.0,40.0,0.9537537,0.30705687,0.21450779,8.5356805e-05,32
743,2018-04-28,-44.095219708331406,-20.10292997880393,-0.0,-34.0,-32.0,0.963839,0.27309382,0.2487394,0.00023321668,32
748,2018-04-28,-44.1672982557438,-20.073799952219552,-0.0,-60.0,40.0,0.9394868,0.35379896,0.2385987,0.00016835134,32
749,2018-04-28,-44.15970426592713,-20.064614808701958,-0.0,-60.0,36.0,0.9923783,0.1236501,0.23288263,0.00010213836,32
753,2018-04-28,-44.09444743818056,-20.09453213330213,-0.0,-30.0,4.0,0.93633944,0.3616963,0.24223724,0.0002814164,32
772,2018-04-28,-44.093546456337904,-20.094400916966165,-0.0,-26.0,12.0,0.9233013,0.3976936,0.23818585,0.00025641994,32
778,2018-04-28,-44.14824892535624,-20.084690908104704,-0.0,-64.0,40.0,0.993268,0.11620175,0.217038,0.000119338845,32
781,2018-04-28,-44.09277418618706,-20.092957537270543,-0.0,-64.0,-40.0,0.9240293,0.3957767,0.23231132,0.00016137642,32
785,2018-04-28,-44.15648647363194,-20.07655549527483,-0.0,-58.0,32.0,0.947436,0.32984012,0.24211547,8.705073e-05,32
795,2018-04-28,-44.09740780709214,-20.10463579117149,-0.0,-30.0,-40.0,0.8850024,0.53440773,0.22723202,0.0001532011,32
800,2018-04-28,-44.1674269674356,-20.07432481756341,-0.0,-60.0,40.0,0.99912155,0.04192622,0.23580386,0.00012518003,32
809,2018-04-28,-44.16163494130425,-20.076817927946763,-0.0,-60.0,40.0,0.9765173,0.21793333,0.2365612,0.00012580244,32
810,2018-04-28,-44.15906070746809,-20.06566453938968,-0.0,-64.0,40.0,0.9807913,0.19675484,0.22297284,0.00012886837,32
812,2018-04-28,-44.09612069017406,-20.10463579117149,-0.0,-32.0,-28.0,0.9810543,0.19555587,0.24058457,0.00018460231,32
815,2018-04-28,-44.09290289787887,-20.09361361895037,-0.0,-34.0,-32.0,0.9477484,0.3269546,0.24155085,0.00027799365,32
817,2018-04-28,-44.15326868133674,-20.081935365049425,-0.0,-60.0,40.0,0.97455287,0.22695863,0.23753211,0.00013418394,32
819,2018-04-28,-44.15391223979578,-20.07025711114848,-0.0,-58.0,40.0,0.96879125,0.251771,0.22422275,0.00012923428,32
826,2018-04-28,-44.09573455509864,-20.100436868420587,-0.0,-40.0,-32.0,0.85571986,0.5583373,0.24542302,0.00029766848,32
839,2018-04-28,-44.1541696631794,-20.07983590367397,-0.0,-60.0,40.0,0.9838538,0.18029623,0.23935002,0.00027133914,32
842,2018-04-28,-44.161892364687866,-20.07708036061869,-0.0,-62.0,36.0,0.98912096,0.14776096,0.22787876,9.263296e-05,32
843,2018-04-28,-44.09715038370853,-20.098731056053037,-0.0,-42.0,-16.0,0.8399253,0.5894708,0.22958055,0.00012341807,32
849,2018-04-28,-44.09689296032491,-20.098862272389,-0.0,-40.0,-16.0,0.8082655,0.64302075,0.23864205,0.00013250821,32
878,2018-04-28,-44.15532806840567,-20.07944225466608,-0.0,-60.0,40.0,0.98164153,0.19241036,0.24028865,0.00024076854,32
879,2018-04-28,-44.15172414103505,-20.083772393752945,-0.0,-62.0,40.0,0.94224805,0.34635422,0.23466736,0.00017846754,32
881,2018-04-28,-44.09727909540033,-20.098731056053037,-0.0,-40.0,-16.0,0.8462761,0.57560474,0.22890337,7.089602e-05,32
902,2018-04-28,-44.09135835757717,-20.090201994215263,-0.0,-54.0,-32.0,0.9236139,0.3990633,0.23943725,0.00012808619,32
917,2018-04-28,-44.0917444926526,-20.09164537391089,-0.0,-66.0,-28.0,0.8399489,0.58606946,0.23359168,6.524553e-05,32
922,2018-04-28,-44.095863266790445,-20.09702524368548,-0.0,-32.0,-16.0,0.8334973,0.6023138,0.22462654,0.00019463511,32
953,2018-04-28,-44.09715038370853,-20.098862272389,-0.0,-42.0,-12.0,0.81594616,0.6319421,0.22483456,0.00016212075,32
988,2018-04-28,-44.1591894191599,-20.06592697206161,-0.0,-64.0,36.0,0.9466307,0.33186823,0.23593827,9.492854e-05,32
991,2018-04-28,-44.1575161671664,-20.08482212444067,-0.0,-60.0,40.0,0.9994936,0.03182455,0.23950803,0.00027012592,32
1001,2018-04-28,-44.161892364687866,-20.076817927946763,-0.0,-64.0,32.0,0.96615434,0.26191953,0.23441048,8.023096e-05,32
1002,2018-04-28,-44.09444743818056,-20.09492578231003,-0.0,-34.0,-32.0,1.0,0.00039513933,0.22878867,0.00025367626,32
1010,2018-04-28,-44.15365481641216,-20.083509961081013,-0.0,-62.0,40.0,0.99335134,0.11545927,0.23778822,0.00019389139,32
1020,2018-04-28,-44.16292205822233,-20.072094139852,-0.0,-60.0,40.0,0.91512394,0.41756633,0.24028625,0.0001782693,32
1034,2018-04-28,-44.16202107637967,-20.07721157695466,-0.0,-60.0,40.0,0.981273,0.1944176,0.24814238,0.00010865971,32
1040,2018-04-28,-44.161892364687866,-20.07721157695466,-0.0,-60.0,40.0,0.96591824,0.26365894,0.2468073,0.00010343269,32
1050,2018-04-28,-44.09457614987237,-20.102405113460076,-0.0,-38.0,-36.0,0.93953866,0.35215226,0.24512702,0.00030498733,32
1070,2018-04-28,-44.1575161671664,-20.08482212444067,-0.0,-60.0,36.0,0.96219236,0.28010356,0.23884472,0.00017387042,32
1072,2018-04-28,-44.0917444926526,-20.09164537391089,-0.0,-64.0,-36.0,0.91248626,0.42968604,0.23979232,7.8801335e-05,32
1076,2018-04-28,-44.15880328408448,-20.06592697206161,-0.0,-60.0,40.0,0.93656856,0.36525702,0.23667216,7.3392395e-05,32
1079,2018-04-28,-44.15391223979578,-20.07025711114848,-0.0,-60.0,40.0,0.9695847,0.24850449,0.24799877,9.992429e-05,32
1091,2018-04-28,-44.158417149009054,-20.0850845571126,-0.0,-58.0,36.0,0.8887288,0.4815745,0.24550791,0.00012143039,32
1092,2018-04-28,-44.1509518708842,-20.07432481756341,-0.0,-64.0,40.0,0.87775964,0.53542435,0.2352003,0.00030330935,32
1099,2018-04-28,-44.093546456337904,-20.09361361895037,-0.0,-52.0,-36.0,0.8961929,0.46807668,0.23183072,0.00010412827,32
1102,2018-04-28,-44.16292205822233,-20.072094139852,-0.0,-60.0,40.0,0.91454065,0.42063314,0.23443252,0.00013330363,32
1108,2018-04-28,-44.14734794351358,-20.07878617298625,-0.0,-60.0,40.0,0.99970615,0.02424301,0.23583807,8.263391e-05,32
1117,2018-04-28,-44.16768439081922,-20.071831707180067,-0.0,-58.0,36.0,0.981466,0.19336696,0.22862582,0.0001814576,32
1127,2018-04-28,-44.09264547449525,-20.09308875360651,-0.0,-62.0,-40.0,0.8971481,0.47378388,0.23896502,0.00011133063,32
1146,2018-04-28,-44.16034782438617,-20.068813731452856,-0.0,-56.0,40.0,0.9864666,0.1649596,0.24976282,0.00036398857,32
1153,2018-04-28,-44.150050889041545,-20.0858718551284,-0.0,-62.0,36.0,0.99220043,0.1250837,0.2397805,0.00020716414,32
1155,2018-04-28,-44.09444743818056,-20.102011464452172,-0.0,-34.0,-40.0,0.92435986,0.39511356,0.23405898,0.00023943702,32
1159,2018-04-28,-44.093546456337904,-20.09400726795827,-0.0,-28.0,0.0,0.9480586,0.3266401,0.24105251,0.00034425358,32
1163,2018-04-28,-44.09766523047576,-20.105029440179383,-0.0,-28.0,-40.0,0.9311042,0.37839893,0.24166062,0.0001920892,32
1174,2018-04-28,-44.095219708331406,-20.102011464452172,-0.0,-36.0,-40.0,0.9113488,0.42841828,0.24216647,0.00012990848,32
1181,2018-04-28,-44.09161578096079,-20.093219969942474,-0.0,-28.0,-8.0,0.8859077,0.49635297,0.23633368,0.00021885987,32
1189,2018-04-28,-44.09715038370853,-20.098731056053037,-0.0,-42.0,-16.0,0.8359385,0.6007249,0.24258535,0.00012660914,32
1191,2018-04-28,-44.095219708331406,-20.095844296661788,-0.0,-28.0,-12.0,0.8651284,0.5359111,0.24847127,0.00020080352,32
1197,2018-04-28,-44.16214978807148,-20.07616184626693,-0.0,-60.0,40.0,0.9665673,0.26143262,0.24416661,0.00011817686,32
1204,2018-04-28,-44.093546456337904,-20.094400916966165,-0.0,-26.0,0.0,0.93913746,0.35383812,0.24792047,0.0003644777,32
1217,2018-04-28,-44.16202107637967,-20.074718466571312,-0.0,-58.0,40.0,0.9690986,0.2505538,0.24575986,9.5118936e-05,32
1231,2018-04-28,-44.14992217734974,-20.08692158581612,-0.0,-60.0,32.0,0.9371452,0.3654364,0.24572617,0.00011899009,32
1247,2018-04-28,-44.094704861564175,-20.094663349638097,-0.0,-30.0,-12.0,0.9238721,0.39515322,0.2348293,0.00022071703,32
1251,2018-04-28,-44.09251676280344,-20.093219969942474,-0.0,-48.0,-36.0,0.89386845,0.4703759,0.24224225,0.00015514281,32
1256,2018-04-28,-44.09483357325598,-20.093219969942474,-0.0,-52.0,-40.0,0.86129993,0.54238904,0.24783906,0.0001059604,32
1259,2018-04-28,-44.16227849976329,-20.072881437867792,-0.0,-60.0,40.0,0.9829678,0.18534474,0.24443871,0.00014352797,32
1260,2018-04-28,-44.15481322163844,-20.071044409164276,-0.0,-60.0,32.0,0.9734008,0.23258153,0.23211527,0.00010914595,32
1289,2018-04-28,-44.1541696631794,-20.07983590367397,-0.0,-60.0,40.0,0.9900696,0.14119089,0.24933314,0.00012980548,32
1290,2018-04-28,-44.095219708331406,-20.095319431317925,-0.0,-28.0,-4.0,0.9366193,0.3611681,0.23686811,0.0001664893,32
1291,2018-04-28,-44.094704861564175,-20.09361361895037,-0.0,-54.0,-40.0,0.8996914,0.4565308,0.2475767,0.00012423437,32
1292,2018-04-28,-44.09303160957067,-20.09335118627844,-0.0,-52.0,-36.0,0.9403788,0.35013777,0.23605238,0.00015071555,32
1305,2018-04-28,-44.09715038370853,-20.098862272389,-0.0,-42.0,-8.0,0.83434314,0.59625983,0.23497155,0.00011737869,32
1313,2018-04-28,-44.1558429151729,-20.07340630321165,-0.0,-60.0,40.0,0.9211648,0.4038228,0.23622842,0.00013031399,32
1329,2018-04-28,-44.1509518708842,-20.07445603389938,-0.0,-62.0,40.0,0.91050994,0.4318001,0.2425376,0.00029912443,32
25,2018-05-10,-44.177981326163845,-20.065402106717748,-0.0,-62.0,36.0,0.9934322,0.114803776,0.12596866,0.00017885656,32
36,2018-05-10,-44.161892364687866,-20.07708036061869,-0.0,-62.0,40.0,0.9895274,0.14510763,0.16019304,0.00016061729,32
49,2018-05-10,-44.158288437317246,-20.066320621069508,-0.0,-60.0,36.0,0.9677011,0.25603223,0.16889001,0.00021117146,32
51,2018-05-10,-44.1575161671664,-20.08482212444067,-0.0,-60.0,40.0,0.99133533,0.13187632,0.15246536,0.00031897012,32
55,2018-05-10,-44.15597162686471,-20.07904860565818,-0.0,-58.0,40.0,0.99169916,0.12906517,0.17269787,0.00030624378,32
58,2018-05-10,-44.1591894191599,-20.06592697206161,-0.0,-64.0,40.0,0.9866735,0.1637098,0.16357863,0.00016910466,32
60,2018-05-10,-44.158417149009054,-20.066714270077405,-0.0,-60.0,32.0,0.9606683,0.28429142,0.16295098,0.00027915908,32
70,2018-05-10,-44.15558549178928,-20.073143870539724,-0.0,-58.0,40.0,0.98207843,0.1903084,0.16551217,0.00015617402,32
72,2018-05-10,-44.161892364687866,-20.076817927946763,-0.0,-60.0,40.0,0.98664135,0.16406055,0.17289028,0.00018321899,32
77,2018-05-10,-44.15558549178928,-20.073143870539724,-0.0,-60.0,40.0,0.9936751,0.11267752,0.17115304,0.0002308823,32
78,2018-05-10,-44.16176365299606,-20.07708036061869,-0.0,-62.0,40.0,0.98854494,0.15176974,0.17172363,0.0001721688,32
79,2018-05-10,-44.177981326163845,-20.065533323053717,-0.0,-62.0,36.0,0.9964764,0.08401511,0.16623512,0.00018862613,32
86,2018-05-10,-44.157130032090976,-20.07235657252393,-0.0,-60.0,36.0,0.99061596,0.13728343,0.15821503,0.00026863083,32
87,2018-05-10,-44.15365481641216,-20.08364117741698,-0.0,-62.0,40.0,0.9950991,0.0991742,0.17583664,0.00029401673,32
92,2018-05-10,-44.15365481641216,-20.08364117741698,-0.0,-62.0,40.0,0.99385124,0.11107637,0.1650057,0.00031562397,32
101,2018-05-10,-44.157130032090976,-20.07235657252393,-0.0,-60.0,36.0,0.98830754,0.15364271,0.16259168,0.0002030594,32
102,2018-05-10,-44.1575161671664,-20.08482212444067,-0.0,-60.0,36.0,0.9933006,0.11592739,0.16052273,0.0002825142,32
106,2018-05-10,-44.158288437317246,-20.066320621069508,-0.0,-60.0,40.0,0.96672195,0.260466,0.17711703,0.00022746764,32
107,2018-05-10,-44.150050889041545,-20.0858718551284,-0.0,-62.0,32.0,0.9972439,0.07430704,0.17113066,0.00025208955,32
108,2018-05-10,-44.095348420023214,-20.095581863989857,-0.0,-26.0,-4.0,0.9112881,0.43588206,0.17609175,0.00035253962,32
109,2018-05-10,-44.15815972562544,-20.068026433437065,-0.0,-60.0,40.0,0.92887574,0.38277623,0.18616179,0.00031713524,32
111,2018-05-10,-44.15558549178928,-20.073143870539724,-0.0,-58.0,40.0,0.9956475,0.093374655,0.16038811,0.00014709214,32
116,2018-05-10,-44.15597162686471,-20.07904860565818,-0.0,-60.0,40.0,0.98307085,0.18469657,0.19299243,0.00018906631,32
120,2018-05-10,-44.15442708656301,-20.0717004908441,-0.0,-60.0,40.0,0.98103976,0.19561706,0.18038051,0.0002138021,32
122,2018-05-10,-44.177981326163845,-20.065402106717748,-0.0,-62.0,36.0,0.9920553,0.12631515,0.16516092,0.00013893403,32
124,2018-05-10,-44.16768439081922,-20.071831707180067,-0.0,-58.0,40.0,0.9844347,0.17712511,0.16961817,0.00019569618,32
125,2018-05-10,-44.09316032126248,-20.103192411475867,-0.0,-30.0,-28.0,0.9221537,0.4055343,0.18537693,0.00026284982,32
135,2018-05-10,-44.1575161671664,-20.08482212444067,-0.0,-60.0,40.0,0.9926844,0.12122337,0.17335667,0.00032299763,32
166,2018-05-10,-44.16227849976329,-20.07301265420376,-0.0,-60.0,40.0,0.9948693,0.10141454,0.17611928,0.0002781563,32
169,2018-05-10,-44.15906070746809,-20.06592697206161,-0.0,-62.0,36.0,0.96458185,0.26856968,0.1896261,7.7959645e-05,32
183,2018-05-10,-44.161892364687866,-20.07721157695466,-0.0,-60.0,40.0,0.98572654,0.16954353,0.20472775,0.00016644613,32
184,2018-05-10,-44.14914990719889,-20.083509961081013,-0.0,-62.0,24.0,0.92275953,0.39962417,0.18632154,0.00019650752,32
192,2018-05-10,-44.15558549178928,-20.073143870539724,-0.0,-58.0,36.0,0.96856844,0.2538515,0.20102504,0.00022607588,32
208,2018-05-10,-44.09547713171502,-20.096631594677586,-0.0,-16.0,-28.0,0.8838611,0.4968438,0.19951294,0.00028506762,32
209,2018-05-10,-44.09573455509864,-20.104242142163592,-0.0,-30.0,-32.0,0.99192834,0.12720996,0.20155519,0.00028709535,32
211,2018-05-10,-44.14824892535624,-20.08482212444067,-0.0,-62.0,36.0,0.97233886,0.23678724,0.1985304,0.00017741922,32
227,2018-05-10,-44.15172414103505,-20.083772393752945,-0.0,-62.0,40.0,0.9442581,0.34013498,0.17343715,0.00015305412,32
230,2018-05-10,-44.1558429151729,-20.078654956650283,-0.0,-58.0,40.0,0.99377,0.11183355,0.20406978,0.00019458176,32
234,2018-05-10,-44.09496228494779,-20.095319431317925,-0.0,-30.0,-20.0,0.933926,0.3708147,0.21000704,0.00035274707,32
235,2018-05-10,-44.1672982557438,-20.07393116855552,-0.0,-60.0,40.0,0.94888365,0.32600248,0.19429739,0.00019437468,32
250,2018-05-10,-44.1558429151729,-20.071831707180067,-0.0,-58.0,36.0,0.9687802,0.25208294,0.20764968,0.00012654542,32
262,2018-05-10,-44.15558549178928,-20.073143870539724,-0.0,-60.0,40.0,0.9888833,0.14947388,0.214402,0.00019721958,32
279,2018-05-10,-44.15378352810397,-20.08390361008891,-0.0,-62.0,40.0,0.9593733,0.28800502,0.1987492,0.00014123438,32
292,2018-05-10,-44.09277418618706,-20.09308875360651,-0.0,-62.0,-40.0,0.94386774,0.3385104,0.2108965,0.00015072811,32
294,2018-05-10,-44.150050889041545,-20.0858718551284,-0.0,-62.0,40.0,0.99573416,0.09243322,0.20145847,0.00022659368,32
297,2018-05-10,-44.1509518708842,-20.07445603389938,-0.0,-62.0,40.0,0.91531914,0.42315394,0.18903947,0.000473964,32
298,2018-05-10,-44.09573455509864,-20.104110925827623,-0.0,-32.0,-32.0,0.9713802,0.24072301,0.20770803,0.00019924583,32
302,2018-05-10,-44.1509518708842,-20.07445603389938,-0.0,-64.0,40.0,0.9010573,0.46399283,0.19030711,0.00030566705,32
307,2018-05-10,-44.15558549178928,-20.073143870539724,-0.0,-60.0,36.0,0.94426954,0.33953795,0.21462357,0.0001921205,32
322,2018-05-10,-44.16150622961244,-20.065533323053717,-0.0,-58.0,32.0,0.9559043,0.30019727,0.20587029,0.00021429466,32
326,2018-05-10,-44.158417149009054,-20.066714270077405,-0.0,-60.0,28.0,0.92922074,0.38275728,0.21405818,0.00021434038,32
334,2018-05-10,-44.14824892535624,-20.08482212444067,-0.0,-64.0,36.0,0.9591197,0.28854805,0.20624818,0.00011566065,32
341,2018-05-10,-44.093417744646096,-20.094138484294238,-0.0,-30.0,0.0,0.9271192,0.38806647,0.20293237,0.00020528595,32
342,2018-05-10,-44.09573455509864,-20.104110925827623,-0.0,-28.0,-32.0,0.967172,0.2586741,0.21095438,0.00017666417,32
343,2018-05-10,-44.094704861564175,-20.094663349638097,-0.0,-30.0,-12.0,0.9320163,0.37439924,0.20520887,0.00024680147,32
350,2018-05-10,-44.15494193333024,-20.07143805817217,-0.0,-60.0,32.0,0.9771433,0.21485306,0.2082436,0.000101412086,32
351,2018-05-10,-44.15365481641216,-20.083509961081013,-0.0,-62.0,40.0,0.99176425,0.12863493,0.1975397,0.00024892512,32
354,2018-05-10,-44.095219708331406,-20.10188024811621,-0.0,-34.0,-40.0,0.85031635,0.56276417,0.19688289,0.0001462547,32
355,2018-05-10,-44.14721923182177,-20.07944225466608,-0.0,-62.0,40.0,0.9097379,0.4362786,0.20008743,0.0001692326,32
358,2018-05-10,-44.161892364687866,-20.076817927946763,-0.0,-60.0,40.0,0.97885114,0.2066355,0.2046915,0.00012147129,32
365,2018-05-10,-44.09483357325598,-20.095975512997757,-0.0,-16.0,-16.0,0.87048537,0.5251366,0.2145026,0.00022786683,32
371,2018-05-10,-44.16150622961244,-20.065533323053717,-0.0,-58.0,36.0,0.96249855,0.27732918,0.21806788,0.00021408769,32
372,2018-05-10,-44.156615185323744,-20.07235657252393,-0.0,-60.0,40.0,0.98747224,0.15874347,0.22571152,0.00016332245,32
376,2018-05-10,-44.177981326163845,-20.065533323053717,-0.0,-64.0,40.0,0.98931545,0.14667082,0.2060611,0.0001226925,32
428,2018-05-10,-44.095348420023214,-20.099255921396896,-0.0,-34.0,-20.0,0.8599175,0.5520587,0.21099286,0.00021701,32
445,2018-05-10,-44.15030831242516,-20.084690908104704,-0.0,-62.0,40.0,0.9537714,0.31028697,0.19998807,0.00011961138,32
451,2018-05-10,-44.095348420023214,-20.09269510459861,-0.0,-50.0,-32.0,0.89500684,0.4699368,0.21193483,0.000103801125,32
452,2018-05-10,-44.1624072114551,-20.06658305374144,-0.0,-60.0,36.0,0.99999905,0.0013166264,0.18705474,0.00012239197,32
454,2018-05-10,-44.161892364687866,-20.07721157695466,-0.0,-60.0,40.0,0.98762494,0.15781839,0.21329112,0.000108521395,32
462,2018-05-10,-44.1492786188907,-20.083772393752945,-0.0,-62.0,36.0,0.9009371,0.45448023,0.21690197,0.00015435196,32
468,2018-05-10,-44.16768439081922,-20.071831707180067,-0.0,-58.0,40.0,0.99912137,0.041926306,0.1979922,0.00025140448,32
469,2018-05-10,-44.156615185323744,-20.07235657252393,-0.0,-62.0,40.0,0.9884701,0.15216252,0.21888806,0.00014295946,32
475,2018-05-10,-44.16150622961244,-20.06684548641337,-0.0,-60.0,40.0,0.9333956,0.37320685,0.20200405,0.00019318266,32
480,2018-05-10,-44.09573455509864,-20.10437335849956,-0.0,-30.0,-28.0,0.97603565,0.21994607,0.22386426,0.00023246644,32
489,2018-05-10,-44.15378352810397,-20.0854782061205,-0.0,-60.0,36.0,0.98614484,0.16707681,0.22113495,0.00015665224,32
498,2018-05-10,-44.16202107637967,-20.07760522596256,-0.0,-60.0,40.0,0.9739393,0.22963941,0.22176117,0.00018630472,32
515,2018-05-10,-44.177981326163845,-20.065533323053717,-0.0,-62.0,40.0,0.99098617,0.13457483,0.22828959,0.00014239682,32
517,2018-05-10,-44.16137751792064,-20.071044409164276,-0.0,-58.0,40.0,0.9873319,0.16011351,0.20574138,0.000113239825,32
518,2018-05-10,-44.16202107637967,-20.07760522596256,-0.0,-60.0,36.0,0.9819957,0.19045453,0.2204059,0.00024409748,32
520,2018-05-10,-44.14992217734974,-20.08692158581612,-0.0,-60.0,32.0,0.9329311,0.37142602,0.22161011,0.00016959709,32
533,2018-05-10,-44.093546456337904,-20.09361361895037,-0.0,-54.0,-36.0,0.92416435,0.39691073,0.22529994,0.00012681105,32
538,2018-05-10,-44.15468450994663,-20.07904860565818,-0.0,-60.0,40.0,0.9603823,0.28433818,0.2098461,7.573011e-05,32
547,2018-05-10,-44.1509518708842,-20.07432481756341,-0.0,-62.0,40.0,0.90768754,0.43956012,0.21304497,0.00048326713,32
551,2018-05-10,-44.09431872648875,-20.09361361895037,-0.0,-60.0,-40.0,0.9269395,0.38688326,0.22368047,8.363042e-05,32
573,2018-05-10,-44.09715038370853,-20.10437335849956,-0.0,-26.0,-40.0,0.981993,0.19041304,0.21994461,0.00020242653,32
591,2018-05-10,-44.09637811355768,-20.10476700750745,-0.0,-28.0,-28.0,0.88030064,0.50150853,0.24380408,0.00016093155,32
595,2018-05-10,-44.09277418618706,-20.09308875360651,-0.0,-60.0,-36.0,0.9506957,0.31798822,0.22435091,0.00015162292,32
597,2018-05-10,-44.094704861564175,-20.09361361895037,-0.0,-56.0,-40.0,0.9236856,0.39662957,0.221461,0.00016114896,32
617,2018-05-10,-44.095348420023214,-20.095581863989857,-0.0,-28.0,-12.0,0.91071886,0.43331236,0.20454994,0.00030632524,32
621,2018-05-10,-44.095348420023214,-20.095581863989857,-0.0,-30.0,-16.0,0.919275,0.40785578,0.221529,0.00037647443,32
631,2018-05-10,-44.150050889041545,-20.08574063879243,-0.0,-62.0,32.0,0.96217763,0.27867618,0.2173203,0.00012443759,32
632,2018-05-10,-44.158417149009054,-20.066714270077405,-0.0,-62.0,32.0,0.9420799,0.3442246,0.21013477,0.0001555898,32
639,2018-05-10,-44.14721923182177,-20.07944225466608,-0.0,-62.0,40.0,0.9141801,0.42269146,0.23625557,0.00014431524,32
642,2018-05-10,-44.093417744646096,-20.09361361895037,-0.0,-50.0,-32.0,0.95720506,0.29472056,0.22483774,0.00017313514,32
659,2018-05-10,-44.09316032126248,-20.093876051622303,-0.0,-26.0,0.0,0.9202357,0.41621837,0.23191184,0.0004714754,32
666,2018-05-10,-44.09612069017406,-20.098599839717068,-0.0,-32.0,-20.0,0.8369649,0.59542996,0.22777635,0.00024879372,32
674,2018-05-10,-44.15803101393363,-20.068026433437065,-0.0,-60.0,40.0,0.9488301,0.32394177,0.21363357,0.00017669244,32
687,2018-05-10,-44.095348420023214,-20.095844296661788,-0.0,-26.0,-12.0,0.9264778,0.39259818,0.2429174,0.0003334301,32
689,2018-05-10,-44.094704861564175,-20.102273897124107,-0.0,-40.0,-24.0,0.8999888,0.45509607,0.22149613,0.00017279296,32
699,2018-05-10,-44.09277418618706,-20.092957537270543,-0.0,-60.0,-36.0,0.8248223,0.62379014,0.22112992,0.00010524349,32
704,2018-05-10,-44.16227849976329,-20.07301265420376,-0.0,-60.0,40.0,0.9730441,0.23360339,0.21389751,0.00015998124,32
738,2018-05-10,-44.16137751792064,-20.071044409164276,-0.0,-58.0,40.0,0.9537537,0.30705687,0.21450779,8.5356805e-05,32
743,2018-05-10,-44.095219708331406,-20.10292997880393,-0.0,-34.0,-32.0,0.963839,0.27309382,0.2487394,0.00023321668,32
748,2018-05-10,-44.1672982557438,-20.073799952219552,-0.0,-60.0,40.0,0.9394868,0.35379896,0.2385987,0.00016835134,32
749,2018-05-10,-44.15970426592713,-20.064614808701958,-0.0,-60.0,36.0,0.9923783,0.1236501,0.23288263,0.00010213836,32
753,2018-05-10,-44.09444743818056,-20.09453213330213,-0.0,-30.0,4.0,0.93633944,0.3616963,0.24223724,0.0002814164,32
772,2018-05-10,-44.093546456337904,-20.094400916966165,-0.0,-26.0,12.0,0.9233013,0.3976936,0.23818585,0.00025641994,32
778,2018-05-10,-44.14824892535624,-20.084690908104704,-0.0,-64.0,40.0,0.993268,0.11620175,0.217038,0.000119338845,32
781,2018-05-10,-44.09277418618706,-20.092957537270543,-0.0,-64.0,-40.0,0.9240293,0.3957767,0.23231132,0.00016137642,32
785,2018-05-10,-44.15648647363194,-20.07655549527483,-0.0,-58.0,32.0,0.947436,0.32984012,0.24211547,8.705073e-05,32
795,2018-05-10,-44.09740780709214,-20.10463579117149,-0.0,-30.0,-40.0,0.8850024,0.53440773,0.22723202,0.0001532011,32
800,2018-05-10,-44.1674269674356,-20.07432481756341,-0.0,-60.0,40.0,0.99912155,0.04192622,0.23580386,0.00012518003,32
809,2018-05-10,-44.16163494130425,-20.076817927946763,-0.0,-60.0,40.0,0.9765173,0.21793333,0.2365612,0.00012580244,32
810,2018-05-10,-44.15906070746809,-20.06566453938968,-0.0,-64.0,40.0,0.9807913,0.19675484,0.22297284,0.00012886837,32
812,2018-05-10,-44.09612069017406,-20.10463579117149,-0.0,-32.0,-28.0,0.9810543,0.19555587,0.24058457,0.00018460231,32
815,2018-05-10,-44.09290289787887,-20.09361361895037,-0.0,-34.0,-32.0,0.9477484,0.3269546,0.24155085,0.00027799365,32
817,2018-05-10,-44.15326868133674,-20.081935365049425,-0.0,-60.0,40.0,0.97455287,0.22695863,0.23753211,0.00013418394,32
819,2018-05-10,-44.15391223979578,-20.07025711114848,-0.0,-58.0,40.0,0.96879125,0.251771,0.22422275,0.00012923428,32
826,2018-05-10,-44.09573455509864,-20.100436868420587,-0.0,-40.0,-32.0,0.85571986,0.5583373,0.24542302,0.00029766848,32
839,2018-05-10,-44.1541696631794,-20.07983590367397,-0.0,-60.0,40.0,0.9838538,0.18029623,0.23935002,0.00027133914,32
842,2018-05-10,-44.161892364687866,-20.07708036061869,-0.0,-62.0,36.0,0.98912096,0.14776096,0.22787876,9.263296e-05,32
843,2018-05-10,-44.09715038370853,-20.098731056053037,-0.0,-42.0,-16.0,0.8399253,0.5894708,0.22958055,0.00012341807,32
849,2018-05-10,-44.09689296032491,-20.098862272389,-0.0,-40.0,-16.0,0.8082655,0.64302075,0.23864205,0.00013250821,32
878,2018-05-10,-44.15532806840567,-20.07944225466608,-0.0,-60.0,40.0,0.98164153,0.19241036,0.24028865,0.00024076854,32
879,2018-05-10,-44.15172414103505,-20.083772393752945,-0.0,-62.0,40.0,0.94224805,0.34635422,0.23466736,0.00017846754,32
881,2018-05-10,-44.09727909540033,-20.098731056053037,-0.0,-40.0,-16.0,0.8462761,0.57560474,0.22890337,7.089602e-05,32
902,2018-05-10,-44.09135835757717,-20.090201994215263,-0.0,-54.0,-32.0,0.9236139,0.3990633,0.23943725,0.00012808619,32
917,2018-05-10,-44.0917444926526,-20.09164537391089,-0.0,-66.0,-28.0,0.8399489,0.58606946,0.23359168,6.524553e-05,32
922,2018-05-10,-44.095863266790445,-20.09702524368548,-0.0,-32.0,-16.0,0.8334973,0.6023138,0.22462654,0.00019463511,32
953,2018-05-10,-44.09715038370853,-20.098862272389,-0.0,-42.0,-12.0,0.81594616,0.6319421,0.22483456,0.00016212075,32
988,2018-05-10,-44.1591894191599,-20.06592697206161,-0.0,-64.0,36.0,0.9466307,0.33186823,0.23593827,9.492854e-05,32
991,2018-05-10,-44.1575161671664,-20.08482212444067,-0.0,-60.0,40.0,0.9994936,0.03182455,0.23950803,0.00027012592,32
1001,2018-05-10,-44.161892364687866,-20.076817927946763,-0.0,-64.0,32.0,0.96615434,0.26191953,0.23441048,8.023096e-05,32
1002,2018-05-10,-44.09444743818056,-20.09492578231003,-0.0,-34.0,-32.0,1.0,0.00039513933,0.22878867,0.00025367626,32
1010,2018-05-10,-44.15365481641216,-20.083509961081013,-0.0,-62.0,40.0,0.99335134,0.11545927,0.23778822,0.00019389139,32
1020,2018-05-10,-44.16292205822233,-20.072094139852,-0.0,-60.0,40.0,0.91512394,0.41756633,0.24028625,0.0001782693,32
1034,2018-05-10,-44.16202107637967,-20.07721157695466,-0.0,-60.0,40.0,0.981273,0.1944176,0.24814238,0.00010865971,32
1040,2018-05-10,-44.161892364687866,-20.07721157695466,-0.0,-60.0,40.0,0.96591824,0.26365894,0.2468073,0.00010343269,32
1050,2018-05-10,-44.09457614987237,-20.102405113460076,-0.0,-38.0,-36.0,0.93953866,0.35215226,0.24512702,0.00030498733,32
1070,2018-05-10,-44.1575161671664,-20.08482212444067,-0.0,-60.0,36.0,0.96219236,0.28010356,0.23884472,0.00017387042,32
1072,2018-05-10,-44.0917444926526,-20.09164537391089,-0.0,-64.0,-36.0,0.91248626,0.42968604,0.23979232,7.8801335e-05,32
1076,2018-05-10,-44.15880328408448,-20.06592697206161,-0.0,-60.0,40.0,0.93656856,0.36525702,0.23667216,7.3392395e-05,32
1079,2018-05-10,-44.15391223979578,-20.07025711114848,-0.0,-60.0,40.0,0.9695847,0.24850449,0.24799877,9.992429e-05,32
1091,2018-05-10,-44.158417149009054,-20.0850845571126,-0.0,-58.0,36.0,0.8887288,0.4815745,0.24550791,0.00012143039,32
1092,2018-05-10,-44.1509518708842,-20.07432481756341,-0.0,-64.0,40.0,0.87775964,0.53542435,0.2352003,0.00030330935,32
1099,2018-05-10,-44.093546456337904,-20.09361361895037,-0.0,-52.0,-36.0,0.8961929,0.46807668,0.23183072,0.00010412827,32
1102,2018-05-10,-44.16292205822233,-20.072094139852,-0.0,-60.0,40.0,0.91454065,0.42063314,0.23443252,0.00013330363,32
1108,2018-05-10,-44.14734794351358,-20.07878617298625,-0.0,-60.0,40.0,0.99970615,0.02424301,0.23583807,8.263391e-05,32
1117,2018-05-10,-44.16768439081922,-20.071831707180067,-0.0,-58.0,36.0,0.981466,0.19336696,0.22862582,0.0001814576,32
1127,2018-05-10,-44.09264547449525,-20.09308875360651,-0.0,-62.0,-40.0,0.8971481,0.47378388,0.23896502,0.00011133063,32
1146,2018-05-10,-44.16034782438617,-20.068813731452856,-0.0,-56.0,40.0,0.9864666,0.1649596,0.24976282,0.00036398857,32
1153,2018-05-10,-44.150050889041545,-20.0858718551284,-0.0,-62.0,36.0,0.99220043,0.1250837,0.2397805,0.00020716414,32
1155,2018-05-10,-44.09444743818056,-20.102011464452172,-0.0,-34.0,-40.0,0.92435986,0.39511356,0.23405898,0.00023943702,32
1159,2018-05-10,-44.093546456337904,-20.09400726795827,-0.0,-28.0,0.0,0.9480586,0.3266401,0.24105251,0.00034425358,32
1163,2018-05-10,-44.09766523047576,-20.105029440179383,-0.0,-28.0,-40.0,0.9311042,0.37839893,0.24166062,0.0001920892,32
1174,2018-05-10,-44.095219708331406,-20.102011464452172,-0.0,-36.0,-40.0,0.9113488,0.42841828,0.24216647,0.00012990848,32
1181,2018-05-10,-44.09161578096079,-20.093219969942474,-0.0,-28.0,-8.0,0.8859077,0.49635297,0.23633368,0.00021885987,32
1189,2018-05-10,-44.09715038370853,-20.098731056053037,-0.0,-42.0,-16.0,0.8359385,0.6007249,0.24258535,0.00012660914,32
1191,2018-05-10,-44.095219708331406,-20.095844296661788,-0.0,-28.0,-12.0,0.8651284,0.5359111,0.24847127,0.00020080352,32
1197,2018-05-10,-44.16214978807148,-20.07616184626693,-0.0,-60.0,40.0,0.9665673,0.26143262,0.24416661,0.00011817686,32
1204,2018-05-10,-44.093546456337904,-20.094400916966165,-0.0,-26.0,0.0,0.93913746,0.35383812,0.24792047,0.0003644777,32
1217,2018-05-10,-44.16202107637967,-20.074718466571312,-0.0,-58.0,40.0,0.9690986,0.2505538,0.24575986,9.5118936e-05,32
1231,2018-05-10,-44.14992217734974,-20.08692158581612,-0.0,-60.0,32.0,0.9371452,0.3654364,0.24572617,0.00011899009,32
1247,2018-05-10,-44.094704861564175,-20.094663349638097,-0.0,-30.0,-12.0,0.9238721,0.39515322,0.2348293,0.00022071703,32
1251,2018-05-10,-44.09251676280344,-20.093219969942474,-0.0,-48.0,-36.0,0.89386845,0.4703759,0.24224225,0.00015514281,32
1256,2018-05-10,-44.09483357325598,-20.093219969942474,-0.0,-52.0,-40.0,0.86129993,0.54238904,0.24783906,0.0001059604,32
1259,2018-05-10,-44.16227849976329,-20.072881437867792,-0.0,-60.0,40.0,0.9829678,0.18534474,0.24443871,0.00014352797,32
1260,2018-05-10,-44.15481322163844,-20.071044409164276,-0.0,-60.0,32.0,0.9734008,0.23258153,0.23211527,0.00010914595,32
1289,2018-05-10,-44.1541696631794,-20.07983590367397,-0.0,-60.0,40.0,0.9900696,0.14119089,0.24933314,0.00012980548,32
1290,2018-05-10,-44.095219708331406,-20.095319431317925,-0.0,-28.0,-4.0,0.9366193,0.3611681,0.23686811,0.0001664893,32
1291,2018-05-10,-44.094704861564175,-20.09361361895037,-0.0,-54.0,-40.0,0.8996914,0.4565308,0.2475767,0.00012423437,32
1292,2018-05-10,-44.09303160957067,-20.09335118627844,-0.0,-52.0,-36.0,0.9403788,0.35013777,0.23605238,0.00015071555,32
1305,2018-05-10,-44.09715038370853,-20.098862272389,-0.0,-42.0,-8.0,0.83434314,0.59625983,0.23497155,0.00011737869,32
1313,2018-05-10,-44.1558429151729,-20.07340630321165,-0.0,-60.0,40.0,0.9211648,0.4038228,0.23622842,0.00013031399,32
1329,2018-05-10,-44.1509518708842,-20.07445603389938,-0.0,-62.0,40.0,0.91050994,0.4318001,0.2425376,0.00029912443,32
25,2018-05-22,-44.177981326163845,-20.065402106717748,-0.0,-62.0,36.0,0.9934322,0.114803776,0.12596866,0.00017885656,32
36,2018-05-22,-44.161892364687866,-20.07708036061869,-0.0,-62.0,40.0,0.9895274,0.14510763,0.16019304,0.00016061729,32
49,2018-05-22,-44.158288437317246,-20.066320621069508,-0.0,-60.0,36.0,0.9677011,0.25603223,0.16889001,0.00021117146,32
51,2018-05-22,-44.1575161671664,-20.08482212444067,-0.0,-60.0,40.0,0.99133533,0.13187632,0.15246536,0.00031897012,32
55,2018-05-22,-44.15597162686471,-20.07904860565818,-0.0,-58.0,40.0,0.99169916,0.12906517,0.17269787,0.00030624378,32
58,2018-05-22,-44.1591894191599,-20.06592697206161,-0.0,-64.0,40.0,0.9866735,0.1637098,0.16357863,0.00016910466,32
60,2018-05-22,-44.158417149009054,-20.066714270077405,-0.0,-60.0,32.0,0.9606683,0.28429142,0.16295098,0.00027915908,32
70,2018-05-22,-44.15558549178928,-20.073143870539724,-0.0,-58.0,40.0,0.98207843,0.1903084,0.16551217,0.00015617402,32
72,2018-05-22,-44.161892364687866,-20.076817927946763,-0.0,-60.0,40.0,0.98664135,0.16406055,0.17289028,0.00018321899,32
77,2018-05-22,-44.15558549178928,-20.073143870539724,-0.0,-60.0,40.0,0.9936751,0.11267752,0.17115304,0.0002308823,32
78,2018-05-22,-44.16176365299606,-20.07708036061869,-0.0,-62.0,40.0,0.98854494,0.15176974,0.17172363,0.0001721688,32
79,2018-05-22,-44.177981326163845,-20.065533323053717,-0.0,-62.0,36.0,0.9964764,0.08401511,0.16623512,0.00018862613,32
86,2018-05-22,-44.157130032090976,-20.07235657252393,-0.0,-60.0,36.0,0.99061596,0.13728343,0.15821503,0.00026863083,32
87,2018-05-22,-44.15365481641216,-20.08364117741698,-0.0,-62.0,40.0,0.9950991,0.0991742,0.17583664,0.00029401673,32
92,2018-05-22,-44.15365481641216,-20.08364117741698,-0.0,-62.0,40.0,0.99385124,0.11107637,0.1650057,0.00031562397,32
101,2018-05-22,-44.157130032090976,-20.07235657252393,-0.0,-60.0,36.0,0.98830754,0.15364271,0.16259168,0.0002030594,32
102,2018-05-22,-44.1575161671664,-20.08482212444067,-0.0,-60.0,36.0,0.9933006,0.11592739,0.16052273,0.0002825142,32
106,2018-05-22,-44.158288437317246,-20.066320621069508,-0.0,-60.0,40.0,0.96672195,0.260466,0.17711703,0.00022746764,32
107,2018-05-22,-44.150050889041545,-20.0858718551284,-0.0,-62.0,32.0,0.9972439,0.07430704,0.17113066,0.00025208955,32
108,2018-05-22,-44.095348420023214,-20.095581863989857,-0.0,-26.0,-4.0,0.9112881,0.43588206,0.17609175,0.00035253962,32
109,2018-05-22,-44.15815972562544,-20.068026433437065,-0.0,-60.0,40.0,0.92887574,0.38277623,0.18616179,0.00031713524,32
111,2018-05-22,-44.15558549178928,-20.073143870539724,-0.0,-58.0,40.0,0.9956475,0.093374655,0.16038811,0.00014709214,32
116,2018-05-22,-44.15597162686471,-20.07904860565818,-0.0,-60.0,40.0,0.98307085,0.18469657,0.19299243,0.00018906631,32
120,2018-05-22,-44.15442708656301,-20.0717004908441,-0.0,-60.0,40.0,0.98103976,0.19561706,0.18038051,0.0002138021,32
122,2018-05-22,-44.177981326163845,-20.065402106717748,-0.0,-62.0,36.0,0.9920553,0.12631515,0.16516092,0.00013893403,32
124,2018-05-22,-44.16768439081922,-20.071831707180067,-0.0,-58.0,40.0,0.9844347,0.17712511,0.16961817,0.00019569618,32
125,2018-05-22,-44.09316032126248,-20.103192411475867,-0.0,-30.0,-28.0,0.9221537,0.4055343,0.18537693,0.00026284982,32
135,2018-05-22,-44.1575161671664,-20.08482212444067,-0.0,-60.0,40.0,0.9926844,0.12122337,0.17335667,0.00032299763,32
166,2018-05-22,-44.16227849976329,-20.07301265420376,-0.0,-60.0,40.0,0.9948693,0.10141454,0.17611928,0.0002781563,32
169,2018-05-22,-44.15906070746809,-20.06592697206161,-0.0,-62.0,36.0,0.96458185,0.26856968,0.1896261,7.7959645e-05,32
183,2018-05-22,-44.161892364687866,-20.07721157695466,-0.0,-60.0,40.0,0.98572654,0.16954353,0.20472775,0.00016644613,32
184,2018-05-22,-44.14914990719889,-20.083509961081013,-0.0,-62.0,24.0,0.92275953,0.39962417,0.18632154,0.00019650752,32
192,2018-05-22,-44.15558549178928,-20.073143870539724,-0.0,-58.0,36.0,0.96856844,0.2538515,0.20102504,0.00022607588,32
208,2018-05-22,-44.09547713171502,-20.096631594677586,-0.0,-16.0,-28.0,0.8838611,0.4968438,0.19951294,0.00028506762,32
209,2018-05-22,-44.09573455509864,-20.104242142163592,-0.0,-30.0,-32.0,0.99192834,0.12720996,0.20155519,0.00028709535,32
211,2018-05-22,-44.14824892535624,-20.08482212444067,-0.0,-62.0,36.0,0.97233886,0.23678724,0.1985304,0.00017741922,32
227,2018-05-22,-44.15172414103505,-20.083772393752945,-0.0,-62.0,40.0,0.9442581,0.34013498,0.17343715,0.00015305412,32
230,2018-05-22,-44.1558429151729,-20.078654956650283,-0.0,-58.0,40.0,0.99377,0.11183355,0.20406978,0.00019458176,32
234,2018-05-22,-44.09496228494779,-20.095319431317925,-0.0,-30.0,-20.0,0.933926,0.3708147,0.21000704,0.00035274707,32
235,2018-05-22,-44.1672982557438,-20.07393116855552,-0.0,-60.0,40.0,0.94888365,0.32600248,0.19429739,0.00019437468,32
250,2018-05-22,-44.1558429151729,-20.071831707180067,-0.0,-58.0,36.0,0.9687802,0.25208294,0.20764968,0.00012654542,32
262,2018-05-22,-44.15558549178928,-20.073143870539724,-0.0,-60.0,40.0,0.9888833,0.14947388,0.214402,0.00019721958,32
279,2018-05-22,-44.15378352810397,-20.08390361008891,-0.0,-62.0,40.0,0.9593733,0.28800502,0.1987492,0.00014123438,32
292,2018-05-22,-44.09277418618706,-20.09308875360651,-0.0,-62.0,-40.0,0.94386774,0.3385104,0.2108965,0.00015072811,32
294,2018-05-22,-44.150050889041545,-20.0858718551284,-0.0,-62.0,40.0,0.99573416,0.09243322,0.20145847,0.00022659368,32
297,2018-05-22,-44.1509518708842,-20.07445603389938,-0.0,-62.0,40.0,0.91531914,0.42315394,0.18903947,0.000473964,32
298,2018-05-22,-44.09573455509864,-20.104110925827623,-0.0,-32.0,-32.0,0.9713802,0.24072301,0.20770803,0.00019924583,32
302,2018-05-22,-44.1509518708842,-20.07445603389938,-0.0,-64.0,40.0,0.9010573,0.46399283,0.19030711,0.00030566705,32
307,2018-05-22,-44.15558549178928,-20.073143870539724,-0.0,-60.0,36.0,0.94426954,0.33953795,0.21462357,0.0001921205,32
322,2018-05-22,-44.16150622961244,-20.065533323053717,-0.0,-58.0,32.0,0.9559043,0.30019727,0.20587029,0.00021429466,32
326,2018-05-22,-44.158417149009054,-20.066714270077405,-0.0,-60.0,28.0,0.92922074,0.38275728,0.21405818,0.00021434038,32
334,2018-05-22,-44.14824892535624,-20.08482212444067,-0.0,-64.0,36.0,0.9591197,0.28854805,0.20624818,0.00011566065,32
341,2018-05-22,-44.093417744646096,-20.094138484294238,-0.0,-30.0,0.0,0.9271192,0.38806647,0.20293237,0.00020528595,32
342,2018-05-22,-44.09573455509864,-20.104110925827623,-0.0,-28.0,-32.0,0.967172,0.2586741,0.21095438,0.00017666417,32
343,2018-05-22,-44.094704861564175,-20.094663349638097,-0.0,-30.0,-12.0,0.9320163,0.37439924,0.20520887,0.00024680147,32
350,2018-05-22,-44.15494193333024,-20.07143805817217,-0.0,-60.0,32.0,0.9771433,0.21485306,0.2082436,0.000101412086,32
351,2018-05-22,-44.15365481641216,-20.083509961081013,-0.0,-62.0,40.0,0.99176425,0.12863493,0.1975397,0.00024892512,32
354,2018-05-22,-44.095219708331406,-20.10188024811621,-0.0,-34.0,-40.0,0.85031635,0.56276417,0.19688289,0.0001462547,32
355,2018-05-22,-44.14721923182177,-20.07944225466608,-0.0,-62.0,40.0,0.9097379,0.4362786,0.20008743,0.0001692326,32
358,2018-05-22,-44.161892364687866,-20.076817927946763,-0.0,-60.0,40.0,0.97885114,0.2066355,0.2046915,0.00012147129,32
365,2018-05-22,-44.09483357325598,-20.095975512997757,-0.0,-16.0,-16.0,0.87048537,0.5251366,0.2145026,0.00022786683,32
371,2018-05-22,-44.16150622961244,-20.065533323053717,-0.0,-58.0,36.0,0.96249855,0.27732918,0.21806788,0.00021408769,32
372,2018-05-22,-44.156615185323744,-20.07235657252393,-0.0,-60.0,40.0,0.98747224,0.15874347,0.22571152,0.00016332245,32
376,2018-05-22,-44.177981326163845,-20.065533323053717,-0.0,-64.0,40.0,0.98931545,0.14667082,0.2060611,0.0001226925,32
428,2018-05-22,-44.095348420023214,-20.099255921396896,-0.0,-34.0,-20.0,0.8599175,0.5520587,0.21099286,0.00021701,32
445,2018-05-22,-44.15030831242516,-20.084690908104704,-0.0,-62.0,40.0,0.9537714,0.31028697,0.19998807,0.00011961138,32
451,2018-05-22,-44.095348420023214,-20.09269510459861,-0.0,-50.0,-32.0,0.89500684,0.4699368,0.21193483,0.000103801125,32
452,2018-05-22,-44.1624072114551,-20.06658305374144,-0.0,-60.0,36.0,0.99999905,0.0013166264,0.18705474,0.00012239197,32
454,2018-05-22,-44.161892364687866,-20.07721157695466,-0.0,-60.0,40.0,0.98762494,0.15781839,0.21329112,0.000108521395,32
462,2018-05-22,-44.1492786188907,-20.083772393752945,-0.0,-62.0,36.0,0.9009371,0.45448023,0.21690197,0.00015435196,32
468,2018-05-22,-44.16768439081922,-20.071831707180067,-0.0,-58.0,40.0,0.99912137,0.041926306,0.1979922,0.00025140448,32
469,2018-05-22,-44.156615185323744,-20.07235657252393,-0.0,-62.0,40.0,0.9884701,0.15216252,0.21888806,0.00014295946,32
475,2018-05-22,-44.16150622961244,-20.06684548641337,-0.0,-60.0,40.0,0.9333956,0.37320685,0.20200405,0.00019318266,32
480,2018-05-22,-44.09573455509864,-20.10437335849956,-0.0,-30.0,-28.0,0.97603565,0.21994607,0.22386426,0.00023246644,32
489,2018-05-22,-44.15378352810397,-20.0854782061205,-0.0,-60.0,36.0,0.98614484,0.16707681,0.22113495,0.00015665224,32
498,2018-05-22,-44.16202107637967,-20.07760522596256,-0.0,-60.0,40.0,0.9739393,0.22963941,0.22176117,0.00018630472,32
515,2018-05-22,-44.177981326163845,-20.065533323053717,-0.0,-62.0,40.0,0.99098617,0.13457483,0.22828959,0.00014239682,32
517,2018-05-22,-44.16137751792064,-20.071044409164276,-0.0,-58.0,40.0,0.9873319,0.16011351,0.20574138,0.000113239825,32
518,2018-05-22,-44.16202107637967,-20.07760522596256,-0.0,-60.0,36.0,0.9819957,0.19045453,0.2204059,0.00024409748,32
520,2018-05-22,-44.14992217734974,-20.08692158581612,-0.0,-60.0,32.0,0.9329311,0.37142602,0.22161011,0.00016959709,32
533,2018-05-22,-44.093546456337904,-20.09361361895037,-0.0,-54.0,-36.0,0.92416435,0.39691073,0.22529994,0.00012681105,32
538,2018-05-22,-44.15468450994663,-20.07904860565818,-0.0,-60.0,40.0,0.9603823,0.28433818,0.2098461,7.573011e-05,32
547,2018-05-22,-44.1509518708842,-20.07432481756341,-0.0,-62.0,40.0,0.90768754,0.43956012,0.21304497,0.00048326713,32
551,2018-05-22,-44.09431872648875,-20.09361361895037,-0.0,-60.0,-40.0,0.9269395,0.38688326,0.22368047,8.363042e-05,32
573,2018-05-22,-44.09715038370853,-20.10437335849956,-0.0,-26.0,-40.0,0.981993,0.19041304,0.21994461,0.00020242653,32
591,2018-05-22,-44.09637811355768,-20.10476700750745,-0.0,-28.0,-28.0,0.88030064,0.50150853,0.24380408,0.00016093155,32
595,2018-05-22,-44.09277418618706,-20.09308875360651,-0.0,-60.0,-36.0,0.9506957,0.31798822,0.22435091,0.00015162292,32
597,2018-05-22,-44.094704861564175,-20.09361361895037,-0.0,-56.0,-40.0,0.9236856,0.39662957,0.221461,0.00016114896,32
617,2018-05-22,-44.095348420023214,-20.095581863989857,-0.0,-28.0,-12.0,0.91071886,0.43331236,0.20454994,0.00030632524,32
621,2018-05-22,-44.095348420023214,-20.095581863989857,-0.0,-30.0,-16.0,0.919275,0.40785578,0.221529,0.00037647443,32
631,2018-05-22,-44.150050889041545,-20.08574063879243,-0.0,-62.0,32.0,0.96217763,0.27867618,0.2173203,0.00012443759,32
632,2018-05-22,-44.158417149009054,-20.066714270077405,-0.0,-62.0,32.0,0.9420799,0.3442246,0.21013477,0.0001555898,32
639,2018-05-22,-44.14721923182177,-20.07944225466608,-0.0,-62.0,40.0,0.9141801,0.42269146,0.23625557,0.00014431524,32
642,2018-05-22,-44.093417744646096,-20.09361361895037,-0.0,-50.0,-32.0,0.95720506,0.29472056,0.22483774,0.00017313514,32
659,2018-05-22,-44.09316032126248,-20.093876051622303,-0.0,-26.0,0.0,0.9202357,0.41621837,0.23191184,0.0004714754,32
666,2018-05-22,-44.09612069017406,-20.098599839717068,-0.0,-32.0,-20.0,0.8369649,0.59542996,0.22777635,0.00024879372,32
674,2018-05-22,-44.15803101393363,-20.068026433437065,-0.0,-60.0,40.0,0.9488301,0.32394177,0.21363357,0.00017669244,32
687,2018-05-22,-44.095348420023214,-20.095844296661788,-0.0,-26.0,-12.0,0.9264778,0.39259818,0.2429174,0.0003334301,32
689,2018-05-22,-44.094704861564175,-20.102273897124107,-0.0,-40.0,-24.0,0.8999888,0.45509607,0.22149613,0.00017279296,32
699,2018-05-22,-44.09277418618706,-20.092957537270543,-0.0,-60.0,-36.0,0.8248223,0.62379014,0.22112992,0.00010524349,32
704,2018-05-22,-44.16227849976329,-20.07301265420376,-0.0,-60.0,40.0,0.9730441,0.23360339,0.21389751,0.00015998124,32
738,2018-05-22,-44.16137751792064,-20.071044409164276,-0.0,-58.0,40.0,0.9537537,0.30705687,0.21450779,8.5356805e-05,32
743,2018-05-22,-44.095219708331406,-20.10292997880393,-0.0,-34.0,-32.0,0.963839,0.27309382,0.2487394,0.00023321668,32
748,2018-05-22,-44.1672982557438,-20.073799952219552,-0.0,-60.0,40.0,0.9394868,0.35379896,0.2385987,0.00016835134,32
749,2018-05-22,-44.15970426592713,-20.064614808701958,-0.0,-60.0,36.0,0.9923783,0.1236501,0.23288263,0.00010213836,32
753,2018-05-22,-44.09444743818056,-20.09453213330213,-0.0,-30.0,4.0,0.93633944,0.3616963,0.24223724,0.0002814164,32
772,2018-05-22,-44.093546456337904,-20.094400916966165,-0.0,-26.0,12.0,0.9233013,0.3976936,0.23818585,0.00025641994,32
778,2018-05-22,-44.14824892535624,-20.084690908104704,-0.0,-64.0,40.0,0.993268,0.11620175,0.217038,0.000119338845,32
781,2018-05-22,-44.09277418618706,-20.092957537270543,-0.0,-64.0,-40.0,0.9240293,0.3957767,0.23231132,0.00016137642,32
785,2018-05-22,-44.15648647363194,-20.07655549527483,-0.0,-58.0,32.0,0.947436,0.32984012,0.24211547,8.705073e-05,32
795,2018-05-22,-44.09740780709214,-20.10463579117149,-0.0,-30.0,-40.0,0.8850024,0.53440773,0.22723202,0.0001532011,32
800,2018-05-22,-44.1674269674356,-20.07432481756341,-0.0,-60.0,40.0,0.99912155,0.04192622,0.23580386,0.00012518003,32
809,2018-05-22,-44.16163494130425,-20.076817927946763,-0.0,-60.0,40.0,0.9765173,0.21793333,0.2365612,0.00012580244,32
810,2018-05-22,-44.15906070746809,-20.06566453938968,-0.0,-64.0,40.0,0.9807913,0.19675484,0.22297284,0.00012886837,32
812,2018-05-22,-44.09612069017406,-20.10463579117149,-0.0,-32.0,-28.0,0.9810543,0.19555587,0.24058457,0.00018460231,32
815,2018-05-22,-44.09290289787887,-20.09361361895037,-0.0,-34.0,-32.0,0.9477484,0.3269546,0.24155085,0.00027799365,32
817,2018-05-22,-44.15326868133674,-20.081935365049425,-0.0,-60.0,40.0,0.97455287,0.22695863,0.23753211,0.00013418394,32
819,2018-05-22,-44.15391223979578,-20.07025711114848,-0.0,-58.0,40.0,0.96879125,0.251771,0.22422275,0.00012923428,32
826,2018-05-22,-44.09573455509864,-20.100436868420587,-0.0,-40.0,-32.0,0.85571986,0.5583373,0.24542302,0.00029766848,32
839,2018-05-22,-44.1541696631794,-20.07983590367397,-0.0,-60.0,40.0,0.9838538,0.18029623,0.23935002,0.00027133914,32
842,2018-05-22,-44.161892364687866,-20.07708036061869,-0.0,-62.0,36.0,0.98912096,0.14776096,0.22787876,9.263296e-05,32
843,2018-05-22,-44.09715038370853,-20.098731056053037,-0.0,-42.0,-16.0,0.8399253,0.5894708,0.22958055,0.00012341807,32
849,2018-05-22,-44.09689296032491,-20.098862272389,-0.0,-40.0,-16.0,0.8082655,0.64302075,0.23864205,0.00013250821,32
878,2018-05-22,-44.15532806840567,-20.07944225466608,-0.0,-60.0,40.0,0.98164153,0.19241036,0.24028865,0.00024076854,32
879,2018-05-22,-44.15172414103505,-20.083772393752945,-0.0,-62.0,40.0,0.94224805,0.34635422,0.23466736,0.00017846754,32
881,2018-05-22,-44.09727909540033,-20.098731056053037,-0.0,-40.0,-16.0,0.8462761,0.57560474,0.22890337,7.089602e-05,32
902,2018-05-22,-44.09135835757717,-20.090201994215263,-0.0,-54.0,-32.0,0.9236139,0.3990633,0.23943725,0.00012808619,32
917,2018-05-22,-44.0917444926526,-20.09164537391089,-0.0,-66.0,-28.0,0.8399489,0.58606946,0.23359168,6.524553e-05,32
922,2018-05-22,-44.095863266790445,-20.09702524368548,-0.0,-32.0,-16.0,0.8334973,0.6023138,0.22462654,0.00019463511,32
953,2018-05-22,-44.09715038370853,-20.098862272389,-0.0,-42.0,-12.0,0.81594616,0.6319421,0.22483456,0.00016212075,32
988,2018-05-22,-44.1591894191599,-20.06592697206161,-0.0,-64.0,36.0,0.9466307,0.33186823,0.23593827,9.492854e-05,32
991,2018-05-22,-44.1575161671664,-20.08482212444067,-0.0,-60.0,40.0,0.9994936,0.03182455,0.23950803,0.00027012592,32
1001,2018-05-22,-44.161892364687866,-20.076817927946763,-0.0,-64.0,32.0,0.96615434,0.26191953,0.23441048,8.023096e-05,32
1002,2018-05-22,-44.09444743818056,-20.09492578231003,-0.0,-34.0,-32.0,1.0,0.00039513933,0.22878867,0.00025367626,32
1010,2018-05-22,-44.15365481641216,-20.083509961081013,-0.0,-62.0,40.0,0.99335134,0.11545927,0.23778822,0.00019389139,32
1020,2018-05-22,-44.16292205822233,-20.072094139852,-0.0,-60.0,40.0,0.91512394,0.41756633,0.24028625,0.0001782693,32
1034,2018-05-22,-44.16202107637967,-20.07721157695466,-0.0,-60.0,40.0,0.981273,0.1944176,0.24814238,0.00010865971,32
1040,2018-05-22,-44.161892364687866,-20.07721157695466,-0.0,-60.0,40.0,0.96591824,0.26365894,0.2468073,0.00010343269,32
1050,2018-05-22,-44.09457614987237,-20.102405113460076,-0.0,-38.0,-36.0,0.93953866,0.35215226,0.24512702,0.00030498733,32
1070,2018-05-22,-44.1575161671664,-20.08482212444067,-0.0,-60.0,36.0,0.96219236,0.28010356,0.23884472,0.00017387042,32
1072,2018-05-22,-44.0917444926526,-20.09164537391089,-0.0,-64.0,-36.0,0.91248626,0.42968604,0.23979232,7.8801335e-05,32
1076,2018-05-22,-44.15880328408448,-20.06592697206161,-0.0,-60.0,40.0,0.93656856,0.36525702,0.23667216,7.3392395e-05,32
1079,2018-05-22,-44.15391223979578,-20.07025711114848,-0.0,-60.0,40.0,0.9695847,0.24850449,0.24799877,9.992429e-05,32
1091,2018-05-22,-44.158417149009054,-20.0850845571126,-0.0,-58.0,36.0,0.8887288,0.4815745,0.24550791,0.00012143039,32
1092,2018-05-22,-44.1509518708842,-20.07432481756341,-0.0,-64.0,40.0,0.87775964,0.53542435,0.2352003,0.00030330935,32
1099,2018-05-22,-44.093546456337904,-20.09361361895037,-0.0,-52.0,-36.0,0.8961929,0.46807668,0.23183072,0.00010412827,32
1102,2018-05-22,-44.16292205822233,-20.072094139852,-0.0,-60.0,40.0,0.91454065,0.42063314,0.23443252,0.00013330363,32
1108,2018-05-22,-44.14734794351358,-20.07878617298625,-0.0,-60.0,40.0,0.99970615,0.02424301,0.23583807,8.263391e-05,32
1117,2018-05-22,-44.16768439081922,-20.071831707180067,-0.0,-58.0,36.0,0.981466,0.19336696,0.22862582,0.0001814576,32
1127,2018-05-22,-44.09264547449525,-20.09308875360651,-0.0,-62.0,-40.0,0.8971481,0.47378388,0.23896502,0.00011133063,32
1146,2018-05-22,-44.16034782438617,-20.068813731452856,-0.0,-56.0,40.0,0.9864666,0.1649596,0.24976282,0.00036398857,32
1153,2018-05-22,-44.150050889041545,-20.0858718551284,-0.0,-62.0,36.0,0.99220043,0.1250837,0.2397805,0.00020716414,32
1155,2018-05-22,-44.09444743818056,-20.102011464452172,-0.0,-34.0,-40.0,0.92435986,0.39511356,0.23405898,0.00023943702,32
1159,2018-05-22,-44.093546456337904,-20.09400726795827,-0.0,-28.0,0.0,0.9480586,0.3266401,0.24105251,0.00034425358,32
1163,2018-05-22,-44.09766523047576,-20.105029440179383,-0.0,-28.0,-40.0,0.9311042,0.37839893,0.24166062,0.0001920892,32
1174,2018-05-22,-44.095219708331406,-20.102011464452172,-0.0,-36.0,-40.0,0.9113488,0.42841828,0.24216647,0.00012990848,32
1181,2018-05-22,-44.09161578096079,-20.093219969942474,-0.0,-28.0,-8.0,0.8859077,0.49635297,0.23633368,0.00021885987,32
1189,2018-05-22,-44.09715038370853,-20.098731056053037,-0.0,-42.0,-16.0,0.8359385,0.6007249,0.24258535,0.00012660914,32
1191,2018-05-22,-44.095219708331406,-20.095844296661788,-0.0,-28.0,-12.0,0.8651284,0.5359111,0.24847127,0.00020080352,32
1197,2018-05-22,-44.16214978807148,-20.07616184626693,-0.0,-60.0,40.0,0.9665673,0.26143262,0.24416661,0.00011817686,32
1204,2018-05-22,-44.093546456337904,-20.094400916966165,-0.0,-26.0,0.0,0.93913746,0.35383812,0.24792047,0.0003644777,32
1217,2018-05-22,-44.16202107637967,-20.074718466571312,-0.0,-58.0,40.0,0.9690986,0.2505538,0.24575986,9.5118936e-05,32
1231,2018-05-22,-44.14992217734974,-20.08692158581612,-0.0,-60.0,32.0,0.9371452,0.3654364,0.24572617,0.00011899009,32
1247,2018-05-22,-44.094704861564175,-20.094663349638097,-0.0,-30.0,-12.0,0.9238721,0.39515322,0.2348293,0.00022071703,32
1251,2018-05-22,-44.09251676280344,-20.093219969942474,-0.0,-48.0,-36.0,0.89386845,0.4703759,0.24224225,0.00015514281,32
1256,2018-05-22,-44.09483357325598,-20.093219969942474,-0.0,-52.0,-40.0,0.86129993,0.54238904,0.24783906,0.0001059604,32
1259,2018-05-22,-44.16227849976329,-20.072881437867792,-0.0,-60.0,40.0,0.9829678,0.18534474,0.24443871,0.00014352797,32
1260,2018-05-22,-44.15481322163844,-20.071044409164276,-0.0,-60.0,32.0,0.9734008,0.23258153,0.23211527,0.00010914595,32
1289,2018-05-22,-44.1541696631794,-20.07983590367397,-0.0,-60.0,40.0,0.9900696,0.14119089,0.24933314,0.00012980548,32
1290,2018-05-22,-44.095219708331406,-20.095319431317925,-0.0,-28.0,-4.0,0.9366193,0.3611681,0.23686811,0.0001664893,32
1291,2018-05-22,-44.094704861564175,-20.09361361895037,-0.0,-54.0,-40.0,0.8996914,0.4565308,0.2475767,0.00012423437,32
1292,2018-05-22,-44.09303160957067,-20.09335118627844,-0.0,-52.0,-36.0,0.9403788,0.35013777,0.23605238,0.00015071555,32
1305,2018-05-22,-44.09715038370853,-20.098862272389,-0.0,-42.0,-8.0,0.83434314,0.59625983,0.23497155,0.00011737869,32
1313,2018-05-22,-44.1558429151729,-20.07340630321165,-0.0,-60.0,40.0,0.9211648,0.4038228,0.23622842,0.00013031399,32
1329,2018-05-22,-44.1509518708842,-20.07445603389938,-0.0,-62.0,40.0,0.91050994,0.4318001,0.2425376,0.00029912443,32
25,2018-06-03,-44.177981326163845,-20.065402106717748,-0.0,-62.0,36.0,0.9934322,0.114803776,0.12596866,0.00017885656,32
36,2018-06-03,-44.161892364687866,-20.07708036061869,-0.0,-62.0,40.0,0.9895274,0.14510763,0.16019304,0.00016061729,32
49,2018-06-03,-44.158288437317246,-20.066320621069508,-0.0,-60.0,36.0,0.9677011,0.25603223,0.16889001,0.00021117146,32
51,2018-06-03,-44.1575161671664,-20.08482212444067,-0.0,-60.0,40.0,0.99133533,0.13187632,0.15246536,0.00031897012,32
55,2018-06-03,-44.15597162686471,-20.07904860565818,-0.0,-58.0,40.0,0.99169916,0.12906517,0.17269787,0.00030624378,32
58,2018-06-03,-44.1591894191599,-20.06592697206161,-0.0,-64.0,40.0,0.9866735,0.1637098,0.16357863,0.00016910466,32
60,2018-06-03,-44.158417149009054,-20.066714270077405,-0.0,-60.0,32.0,0.9606683,0.28429142,0.16295098,0.00027915908,32
70,2018-06-03,-44.15558549178928,-20.073143870539724,-0.0,-58.0,40.0,0.98207843,0.1903084,0.16551217,0.00015617402,32
72,2018-06-03,-44.161892364687866,-20.076817927946763,-0.0,-60.0,40.0,0.98664135,0.16406055,0.17289028,0.00018321899,32
77,2018-06-03,-44.15558549178928,-20.073143870539724,-0.0,-60.0,40.0,0.9936751,0.11267752,0.17115304,0.0002308823,32
78,2018-06-03,-44.16176365299606,-20.07708036061869,-0.0,-62.0,40.0,0.98854494,0.15176974,0.17172363,0.0001721688,32
79,2018-06-03,-44.177981326163845,-20.065533323053717,-0.0,-62.0,36.0,0.9964764,0.08401511,0.16623512,0.00018862613,32
86,2018-06-03,-44.157130032090976,-20.07235657252393,-0.0,-60.0,36.0,0.99061596,0.13728343,0.15821503,0.00026863083,32
87,2018-06-03,-44.15365481641216,-20.08364117741698,-0.0,-62.0,40.0,0.9950991,0.0991742,0.17583664,0.00029401673,32
92,2018-06-03,-44.15365481641216,-20.08364117741698,-0.0,-62.0,40.0,0.99385124,0.11107637,0.1650057,0.00031562397,32
101,2018-06-03,-44.157130032090976,-20.07235657252393,-0.0,-60.0,36.0,0.98830754,0.15364271,0.16259168,0.0002030594,32
102,2018-06-03,-44.1575161671664,-20.08482212444067,-0.0,-60.0,36.0,0.9933006,0.11592739,0.16052273,0.0002825142,32
106,2018-06-03,-44.158288437317246,-20.066320621069508,-0.0,-60.0,40.0,0.96672195,0.260466,0.17711703,0.00022746764,32
107,2018-06-03,-44.150050889041545,-20.0858718551284,-0.0,-62.0,32.0,0.9972439,0.07430704,0.17113066,0.00025208955,32
108,2018-06-03,-44.095348420023214,-20.095581863989857,-0.0,-26.0,-4.0,0.9112881,0.43588206,0.17609175,0.00035253962,32
109,2018-06-03,-44.15815972562544,-20.068026433437065,-0.0,-60.0,40.0,0.92887574,0.38277623,0.18616179,0.00031713524,32
111,2018-06-03,-44.15558549178928,-20.073143870539724,-0.0,-58.0,40.0,0.9956475,0.093374655,0.16038811,0.00014709214,32
116,2018-06-03,-44.15597162686471,-20.07904860565818,-0.0,-60.0,40.0,0.98307085,0.18469657,0.19299243,0.00018906631,32
120,2018-06-03,-44.15442708656301,-20.0717004908441,-0.0,-60.0,40.0,0.98103976,0.19561706,0.18038051,0.0002138021,32
122,2018-06-03,-44.177981326163845,-20.065402106717748,-0.0,-62.0,36.0,0.9920553,0.12631515,0.16516092,0.00013893403,32
124,2018-06-03,-44.16768439081922,-20.071831707180067,-0.0,-58.0,40.0,0.9844347,0.17712511,0.16961817,0.00019569618,32
125,2018-06-03,-44.09316032126248,-20.103192411475867,-0.0,-30.0,-28.0,0.9221537,0.4055343,0.18537693,0.00026284982,32
135,2018-06-03,-44.1575161671664,-20.08482212444067,-0.0,-60.0,40.0,0.9926844,0.12122337,0.17335667,0.00032299763,32
166,2018-06-03,-44.16227849976329,-20.07301265420376,-0.0,-60.0,40.0,0.9948693,0.10141454,0.17611928,0.0002781563,32
169,2018-06-03,-44.15906070746809,-20.06592697206161,-0.0,-62.0,36.0,0.96458185,0.26856968,0.1896261,7.7959645e-05,32
183,2018-06-03,-44.161892364687866,-20.07721157695466,-0.0,-60.0,40.0,0.98572654,0.16954353,0.20472775,0.00016644613,32
184,2018-06-03,-44.14914990719889,-20.083509961081013,-0.0,-62.0,24.0,0.92275953,0.39962417,0.18632154,0.00019650752,32
192,2018-06-03,-44.15558549178928,-20.073143870539724,-0.0,-58.0,36.0,0.96856844,0.2538515,0.20102504,0.00022607588,32
208,2018-06-03,-44.09547713171502,-20.096631594677586,-0.0,-16.0,-28.0,0.8838611,0.4968438,0.19951294,0.00028506762,32
209,2018-06-03,-44.09573455509864,-20.104242142163592,-0.0,-30.0,-32.0,0.99192834,0.12720996,0.20155519,0.00028709535,32
211,2018-06-03,-44.14824892535624,-20.08482212444067,-0.0,-62.0,36.0,0.97233886,0.23678724,0.1985304,0.00017741922,32
227,2018-06-03,-44.15172414103505,-20.083772393752945,-0.0,-62.0,40.0,0.9442581,0.34013498,0.17343715,0.00015305412,32
230,2018-06-03,-44.1558429151729,-20.078654956650283,-0.0,-58.0,40.0,0.99377,0.11183355,0.20406978,0.00019458176,32
234,2018-06-03,-44.09496228494779,-20.095319431317925,-0.0,-30.0,-20.0,0.933926,0.3708147,0.21000704,0.00035274707,32
235,2018-06-03,-44.1672982557438,-20.07393116855552,-0.0,-60.0,40.0,0.94888365,0.32600248,0.19429739,0.00019437468,32
250,2018-06-03,-44.1558429151729,-20.071831707180067,-0.0,-58.0,36.0,0.9687802,0.25208294,0.20764968,0.00012654542,32
262,2018-06-03,-44.15558549178928,-20.073143870539724,-0.0,-60.0,40.0,0.9888833,0.14947388,0.214402,0.00019721958,32
279,2018-06-03,-44.15378352810397,-20.08390361008891,-0.0,-62.0,40.0,0.9593733,0.28800502,0.1987492,0.00014123438,32
292,2018-06-03,-44.09277418618706,-20.09308875360651,-0.0,-62.0,-40.0,0.94386774,0.3385104,0.2108965,0.00015072811,32
294,2018-06-03,-44.150050889041545,-20.0858718551284,-0.0,-62.0,40.0,0.99573416,0.09243322,0.20145847,0.00022659368,32
297,2018-06-03,-44.1509518708842,-20.07445603389938,-0.0,-62.0,40.0,0.91531914,0.42315394,0.18903947,0.000473964,32
298,2018-06-03,-44.09573455509864,-20.104110925827623,-0.0,-32.0,-32.0,0.9713802,0.24072301,0.20770803,0.00019924583,32
302,2018-06-03,-44.1509518708842,-20.07445603389938,-0.0,-64.0,40.0,0.9010573,0.46399283,0.19030711,0.00030566705,32
307,2018-06-03,-44.15558549178928,-20.073143870539724,-0.0,-60.0,36.0,0.94426954,0.33953795,0.21462357,0.0001921205,32
322,2018-06-03,-44.16150622961244,-20.065533323053717,-0.0,-58.0,32.0,0.9559043,0.30019727,0.20587029,0.00021429466,32
326,2018-06-03,-44.158417149009054,-20.066714270077405,-0.0,-60.0,28.0,0.92922074,0.38275728,0.21405818,0.00021434038,32
334,2018-06-03,-44.14824892535624,-20.08482212444067,-0.0,-64.0,36.0,0.9591197,0.28854805,0.20624818,0.00011566065,32
341,2018-06-03,-44.093417744646096,-20.094138484294238,-0.0,-30.0,0.0,0.9271192,0.38806647,0.20293237,0.00020528595,32
342,2018-06-03,-44.09573455509864,-20.104110925827623,-0.0,-28.0,-32.0,0.967172,0.2586741,0.21095438,0.00017666417,32
343,2018-06-03,-44.094704861564175,-20.094663349638097,-0.0,-30.0,-12.0,0.9320163,0.37439924,0.20520887,0.00024680147,32
350,2018-06-03,-44.15494193333024,-20.07143805817217,-0.0,-60.0,32.0,0.9771433,0.21485306,0.2082436,0.000101412086,32
351,2018-06-03,-44.15365481641216,-20.083509961081013,-0.0,-62.0,40.0,0.99176425,0.12863493,0.1975397,0.00024892512,32
354,2018-06-03,-44.095219708331406,-20.10188024811621,-0.0,-34.0,-40.0,0.85031635,0.56276417,0.19688289,0.0001462547,32
355,2018-06-03,-44.14721923182177,-20.07944225466608,-0.0,-62.0,40.0,0.9097379,0.4362786,0.20008743,0.0001692326,32
358,2018-06-03,-44.161892364687866,-20.076817927946763,-0.0,-60.0,40.0,0.97885114,0.2066355,0.2046915,0.00012147129,32
365,2018-06-03,-44.09483357325598,-20.095975512997757,-0.0,-16.0,-16.0,0.87048537,0.5251366,0.2145026,0.00022786683,32
371,2018-06-03,-44.16150622961244,-20.065533323053717,-0.0,-58.0,36.0,0.96249855,0.27732918,0.21806788,0.00021408769,32
372,2018-06-03,-44.156615185323744,-20.07235657252393,-0.0,-60.0,40.0,0.98747224,0.15874347,0.22571152,0.00016332245,32
376,2018-06-03,-44.177981326163845,-20.065533323053717,-0.0,-64.0,40.0,0.98931545,0.14667082,0.2060611,0.0001226925,32
428,2018-06-03,-44.095348420023214,-20.099255921396896,-0.0,-34.0,-20.0,0.8599175,0.5520587,0.21099286,0.00021701,32
445,2018-06-03,-44.15030831242516,-20.084690908104704,-0.0,-62.0,40.0,0.9537714,0.31028697,0.19998807,0.00011961138,32
451,2018-06-03,-44.095348420023214,-20.09269510459861,-0.0,-50.0,-32.0,0.89500684,0.4699368,0.21193483,0.000103801125,32
452,2018-06-03,-44.1624072114551,-20.06658305374144,-0.0,-60.0,36.0,0.99999905,0.0013166264,0.18705474,0.00012239197,32
454,2018-06-03,-44.161892364687866,-20.07721157695466,-0.0,-60.0,40.0,0.98762494,0.15781839,0.21329112,0.000108521395,32
462,2018-06-03,-44.1492786188907,-20.083772393752945,-0.0,-62.0,36.0,0.9009371,0.45448023,0.21690197,0.00015435196,32
468,2018-06-03,-44.16768439081922,-20.071831707180067,-0.0,-58.0,40.0,0.99912137,0.041926306,0.1979922,0.00025140448,32
469,2018-06-03,-44.156615185323744,-20.07235657252393,-0.0,-62.0,40.0,0.9884701,0.15216252,0.21888806,0.00014295946,32
475,2018-06-03,-44.16150622961244,-20.06684548641337,-0.0,-60.0,40.0,0.9333956,0.37320685,0.20200405,0.00019318266,32
480,2018-06-03,-44.09573455509864,-20.10437335849956,-0.0,-30.0,-28.0,0.97603565,0.21994607,0.22386426,0.00023246644,32
489,2018-06-03,-44.15378352810397,-20.0854782061205,-0.0,-60.0,36.0,0.98614484,0.16707681,0.22113495,0.00015665224,32
498,2018-06-03,-44.16202107637967,-20.07760522596256,-0.0,-60.0,40.0,0.9739393,0.22963941,0.22176117,0.00018630472,32
515,2018-06-03,-44.177981326163845,-20.065533323053717,-0.0,-62.0,40.0,0.99098617,0.13457483,0.22828959,0.00014239682,32
517,2018-06-03,-44.16137751792064,-20.071044409164276,-0.0,-58.0,40.0,0.9873319,0.16011351,0.20574138,0.000113239825,32
518,2018-06-03,-44.16202107637967,-20.07760522596256,-0.0,-60.0,36.0,0.9819957,0.19045453,0.2204059,0.00024409748,32
520,2018-06-03,-44.14992217734974,-20.08692158581612,-0.0,-60.0,32.0,0.9329311,0.37142602,0.22161011,0.00016959709,32
533,2018-06-03,-44.093546456337904,-20.09361361895037,-0.0,-54.0,-36.0,0.92416435,0.39691073,0.22529994,0.00012681105,32
538,2018-06-03,-44.15468450994663,-20.07904860565818,-0.0,-60.0,40.0,0.9603823,0.28433818,0.2098461,7.573011e-05,32
547,2018-06-03,-44.1509518708842,-20.07432481756341,-0.0,-62.0,40.0,0.90768754,0.43956012,0.21304497,0.00048326713,32
551,2018-06-03,-44.09431872648875,-20.09361361895037,-0.0,-60.0,-40.0,0.9269395,0.38688326,0.22368047,8.363042e-05,32
573,2018-06-03,-44.09715038370853,-20.10437335849956,-0.0,-26.0,-40.0,0.981993,0.19041304,0.21994461,0.00020242653,32
591,2018-06-03,-44.09637811355768,-20.10476700750745,-0.0,-28.0,-28.0,0.88030064,0.50150853,0.24380408,0.00016093155,32
595,2018-06-03,-44.09277418618706,-20.09308875360651,-0.0,-60.0,-36.0,0.9506957,0.31798822,0.22435091,0.00015162292,32
597,2018-06-03,-44.094704861564175,-20.09361361895037,-0.0,-56.0,-40.0,0.9236856,0.39662957,0.221461,0.00016114896,32
617,2018-06-03,-44.095348420023214,-20.095581863989857,-0.0,-28.0,-12.0,0.91071886,0.43331236,0.20454994,0.00030632524,32
621,2018-06-03,-44.095348420023214,-20.095581863989857,-0.0,-30.0,-16.0,0.919275,0.40785578,0.221529,0.00037647443,32
631,2018-06-03,-44.150050889041545,-20.08574063879243,-0.0,-62.0,32.0,0.96217763,0.27867618,0.2173203,0.00012443759,32
632,2018-06-03,-44.158417149009054,-20.066714270077405,-0.0,-62.0,32.0,0.9420799,0.3442246,0.21013477,0.0001555898,32
639,2018-06-03,-44.14721923182177,-20.07944225466608,-0.0,-62.0,40.0,0.9141801,0.42269146,0.23625557,0.00014431524,32
642,2018-06-03,-44.093417744646096,-20.09361361895037,-0.0,-50.0,-32.0,0.95720506,0.29472056,0.22483774,0.00017313514,32
659,2018-06-03,-44.09316032126248,-20.093876051622303,-0.0,-26.0,0.0,0.9202357,0.41621837,0.23191184,0.0004714754,32
666,2018-06-03,-44.09612069017406,-20.098599839717068,-0.0,-32.0,-20.0,0.8369649,0.59542996,0.22777635,0.00024879372,32
674,2018-06-03,-44.15803101393363,-20.068026433437065,-0.0,-60.0,40.0,0.9488301,0.32394177,0.21363357,0.00017669244,32
687,2018-06-03,-44.095348420023214,-20.095844296661788,-0.0,-26.0,-12.0,0.9264778,0.39259818,0.2429174,0.0003334301,32
689,2018-06-03,-44.094704861564175,-20.102273897124107,-0.0,-40.0,-24.0,0.8999888,0.45509607,0.22149613,0.00017279296,32
699,2018-06-03,-44.09277418618706,-20.092957537270543,-0.0,-60.0,-36.0,0.8248223,0.62379014,0.22112992,0.00010524349,32
704,2018-06-03,-44.16227849976329,-20.07301265420376,-0.0,-60.0,40.0,0.9730441,0.23360339,0.21389751,0.00015998124,32
738,2018-06-03,-44.16137751792064,-20.071044409164276,-0.0,-58.0,40.0,0.9537537,0.30705687,0.21450779,8.5356805e-05,32
743,2018-06-03,-44.095219708331406,-20.10292997880393,-0.0,-34.0,-32.0,0.963839,0.27309382,0.2487394,0.00023321668,32
748,2018-06-03,-44.1672982557438,-20.073799952219552,-0.0,-60.0,40.0,0.9394868,0.35379896,0.2385987,0.00016835134,32
749,2018-06-03,-44.15970426592713,-20.064614808701958,-0.0,-60.0,36.0,0.9923783,0.1236501,0.23288263,0.00010213836,32
753,2018-06-03,-44.09444743818056,-20.09453213330213,-0.0,-30.0,4.0,0.93633944,0.3616963,0.24223724,0.0002814164,32
772,2018-06-03,-44.093546456337904,-20.094400916966165,-0.0,-26.0,12.0,0.9233013,0.3976936,0.23818585,0.00025641994,32
778,2018-06-03,-44.14824892535624,-20.084690908104704,-0.0,-64.0,40.0,0.993268,0.11620175,0.217038,0.000119338845,32
781,2018-06-03,-44.09277418618706,-20.092957537270543,-0.0,-64.0,-40.0,0.9240293,0.3957767,0.23231132,0.00016137642,32
785,2018-06-03,-44.15648647363194,-20.07655549527483,-0.0,-58.0,32.0,0.947436,0.32984012,0.24211547,8.705073e-05,32
795,2018-06-03,-44.09740780709214,-20.10463579117149,-0.0,-30.0,-40.0,0.8850024,0.53440773,0.22723202,0.0001532011,32
800,2018-06-03,-44.1674269674356,-20.07432481756341,-0.0,-60.0,40.0,0.99912155,0.04192622,0.23580386,0.00012518003,32
809,2018-06-03,-44.16163494130425,-20.076817927946763,-0.0,-60.0,40.0,0.9765173,0.21793333,0.2365612,0.00012580244,32
810,2018-06-03,-44.15906070746809,-20.06566453938968,-0.0,-64.0,40.0,0.9807913,0.19675484,0.22297284,0.00012886837,32
812,2018-06-03,-44.09612069017406,-20.10463579117149,-0.0,-32.0,-28.0,0.9810543,0.19555587,0.24058457,0.00018460231,32
815,2018-06-03,-44.09290289787887,-20.09361361895037,-0.0,-34.0,-32.0,0.9477484,0.3269546,0.24155085,0.00027799365,32
817,2018-06-03,-44.15326868133674,-20.081935365049425,-0.0,-60.0,40.0,0.97455287,0.22695863,0.23753211,0.00013418394,32
819,2018-06-03,-44.15391223979578,-20.07025711114848,-0.0,-58.0,40.0,0.96879125,0.251771,0.22422275,0.00012923428,32
826,2018-06-03,-44.09573455509864,-20.100436868420587,-0.0,-40.0,-32.0,0.85571986,0.5583373,0.24542302,0.00029766848,32
839,2018-06-03,-44.1541696631794,-20.07983590367397,-0.0,-60.0,40.0,0.9838538,0.18029623,0.23935002,0.00027133914,32
842,2018-06-03,-44.161892364687866,-20.07708036061869,-0.0,-62.0,36.0,0.98912096,0.14776096,0.22787876,9.263296e-05,32
843,2018-06-03,-44.09715038370853,-20.098731056053037,-0.0,-42.0,-16.0,0.8399253,0.5894708,0.22958055,0.00012341807,32
849,2018-06-03,-44.09689296032491,-20.098862272389,-0.0,-40.0,-16.0,0.8082655,0.64302075,0.23864205,0.00013250821,32
878,2018-06-03,-44.15532806840567,-20.07944225466608,-0.0,-60.0,40.0,0.98164153,0.19241036,0.24028865,0.00024076854,32
879,2018-06-03,-44.15172414103505,-20.083772393752945,-0.0,-62.0,40.0,0.94224805,0.34635422,0.23466736,0.00017846754,32
881,2018-06-03,-44.09727909540033,-20.098731056053037,-0.0,-40.0,-16.0,0.8462761,0.57560474,0.22890337,7.089602e-05,32
902,2018-06-03,-44.09135835757717,-20.090201994215263,-0.0,-54.0,-32.0,0.9236139,0.3990633,0.23943725,0.00012808619,32
917,2018-06-03,-44.0917444926526,-20.09164537391089,-0.0,-66.0,-28.0,0.8399489,0.58606946,0.23359168,6.524553e-05,32
922,2018-06-03,-44.095863266790445,-20.09702524368548,-0.0,-32.0,-16.0,0.8334973,0.6023138,0.22462654,0.00019463511,32
953,2018-06-03,-44.09715038370853,-20.098862272389,-0.0,-42.0,-12.0,0.81594616,0.6319421,0.22483456,0.00016212075,32
988,2018-06-03,-44.1591894191599,-20.06592697206161,-0.0,-64.0,36.0,0.9466307,0.33186823,0.23593827,9.492854e-05,32
991,2018-06-03,-44.1575161671664,-20.08482212444067,-0.0,-60.0,40.0,0.9994936,0.03182455,0.23950803,0.00027012592,32
1001,2018-06-03,-44.161892364687866,-20.076817927946763,-0.0,-64.0,32.0,0.96615434,0.26191953,0.23441048,8.023096e-05,32
1002,2018-06-03,-44.09444743818056,-20.09492578231003,-0.0,-34.0,-32.0,1.0,0.00039513933,0.22878867,0.00025367626,32
1010,2018-06-03,-44.15365481641216,-20.083509961081013,-0.0,-62.0,40.0,0.99335134,0.11545927,0.23778822,0.00019389139,32
1020,2018-06-03,-44.16292205822233,-20.072094139852,-0.0,-60.0,40.0,0.91512394,0.41756633,0.24028625,0.0001782693,32
1034,2018-06-03,-44.16202107637967,-20.07721157695466,-0.0,-60.0,40.0,0.981273,0.1944176,0.24814238,0.00010865971,32
1040,2018-06-03,-44.161892364687866,-20.07721157695466,-0.0,-60.0,40.0,0.96591824,0.26365894,0.2468073,0.00010343269,32
1050,2018-06-03,-44.09457614987237,-20.102405113460076,-0.0,-38.0,-36.0,0.93953866,0.35215226,0.24512702,0.00030498733,32
1070,2018-06-03,-44.1575161671664,-20.08482212444067,-0.0,-60.0,36.0,0.96219236,0.28010356,0.23884472,0.00017387042,32
1072,2018-06-03,-44.0917444926526,-20.09164537391089,-0.0,-64.0,-36.0,0.91248626,0.42968604,0.23979232,7.8801335e-05,32
1076,2018-06-03,-44.15880328408448,-20.06592697206161,-0.0,-60.0,40.0,0.93656856,0.36525702,0.23667216,7.3392395e-05,32
1079,2018-06-03,-44.15391223979578,-20.07025711114848,-0.0,-60.0,40.0,0.9695847,0.24850449,0.24799877,9.992429e-05,32
1091,2018-06-03,-44.158417149009054,-20.0850845571126,-0.0,-58.0,36.0,0.8887288,0.4815745,0.24550791,0.00012143039,32
1092,2018-06-03,-44.1509518708842,-20.07432481756341,-0.0,-64.0,40.0,0.87775964,0.53542435,0.2352003,0.00030330935,32
1099,2018-06-03,-44.093546456337904,-20.09361361895037,-0.0,-52.0,-36.0,0.8961929,0.46807668,0.23183072,0.00010412827,32
1102,2018-06-03,-44.16292205822233,-20.072094139852,-0.0,-60.0,40.0,0.91454065,0.42063314,0.23443252,0.00013330363,32
1108,2018-06-03,-44.14734794351358,-20.07878617298625,-0.0,-60.0,40.0,0.99970615,0.02424301,0.23583807,8.263391e-05,32
1117,2018-06-03,-44.16768439081922,-20.071831707180067,-0.0,-58.0,36.0,0.981466,0.19336696,0.22862582,0.0001814576,32
1127,2018-06-03,-44.09264547449525,-20.09308875360651,-0.0,-62.0,-40.0,0.8971481,0.47378388,0.23896502,0.00011133063,32
1146,2018-06-03,-44.16034782438617,-20.068813731452856,-0.0,-56.0,40.0,0.9864666,0.1649596,0.24976282,0.00036398857,32
1153,2018-06-03,-44.150050889041545,-20.0858718551284,-0.0,-62.0,36.0,0.99220043,0.1250837,0.2397805,0.00020716414,32
1155,2018-06-03,-44.09444743818056,-20.102011464452172,-0.0,-34.0,-40.0,0.92435986,0.39511356,0.23405898,0.00023943702,32
1159,2018-06-03,-44.093546456337904,-20.09400726795827,-0.0,-28.0,0.0,0.9480586,0.3266401,0.24105251,0.00034425358,32
1163,2018-06-03,-44.09766523047576,-20.105029440179383,-0.0,-28.0,-40.0,0.9311042,0.37839893,0.24166062,0.0001920892,32
1174,2018-06-03,-44.095219708331406,-20.102011464452172,-0.0,-36.0,-40.0,0.9113488,0.42841828,0.24216647,0.00012990848,32
1181,2018-06-03,-44.09161578096079,-20.093219969942474,-0.0,-28.0,-8.0,0.8859077,0.49635297,0.23633368,0.00021885987,32
1189,2018-06-03,-44.09715038370853,-20.098731056053037,-0.0,-42.0,-16.0,0.8359385,0.6007249,0.24258535,0.00012660914,32
1191,2018-06-03,-44.095219708331406,-20.095844296661788,-0.0,-28.0,-12.0,0.8651284,0.5359111,0.24847127,0.00020080352,32
1197,2018-06-03,-44.16214978807148,-20.07616184626693,-0.0,-60.0,40.0,0.9665673,0.26143262,0.24416661,0.00011817686,32
1204,2018-06-03,-44.093546456337904,-20.094400916966165,-0.0,-26.0,0.0,0.93913746,0.35383812,0.24792047,0.0003644777,32
1217,2018-06-03,-44.16202107637967,-20.074718466571312,-0.0,-58.0,40.0,0.9690986,0.2505538,0.24575986,9.5118936e-05,32
1231,2018-06-03,-44.14992217734974,-20.08692158581612,-0.0,-60.0,32.0,0.9371452,0.3654364,0.24572617,0.00011899009,32
1247,2018-06-03,-44.094704861564175,-20.094663349638097,-0.0,-30.0,-12.0,0.9238721,0.39515322,0.2348293,0.00022071703,32
1251,2018-06-03,-44.09251676280344,-20.093219969942474,-0.0,-48.0,-36.0,0.89386845,0.4703759,0.24224225,0.00015514281,32
1256,2018-06-03,-44.09483357325598,-20.093219969942474,-0.0,-52.0,-40.0,0.86129993,0.54238904,0.24783906,0.0001059604,32
1259,2018-06-03,-44.16227849976329,-20.072881437867792,-0.0,-60.0,40.0,0.9829678,0.18534474,0.24443871,0.00014352797,32
1260,2018-06-03,-44.15481322163844,-20.071044409164276,-0.0,-60.0,32.0,0.9734008,0.23258153,0.23211527,0.00010914595,32
1289,2018-06-03,-44.1541696631794,-20.07983590367397,-0.0,-60.0,40.0,0.9900696,0.14119089,0.24933314,0.00012980548,32
1290,2018-06-03,-44.095219708331406,-20.095319431317925,-0.0,-28.0,-4.0,0.9366193,0.3611681,0.23686811,0.0001664893,32
1291,2018-06-03,-44.094704861564175,-20.09361361895037,-0.0,-54.0,-40.0,0.8996914,0.4565308,0.2475767,0.00012423437,32
1292,2018-06-03,-44.09303160957067,-20.09335118627844,-0.0,-52.0,-36.0,0.9403788,0.35013777,0.23605238,0.00015071555,32
1305,2018-06-03,-44.09715038370853,-20.098862272389,-0.0,-42.0,-8.0,0.83434314,0.59625983,0.23497155,0.00011737869,32
1313,2018-06-03,-44.1558429151729,-20.07340630321165,-0.0,-60.0,40.0,0.9211648,0.4038228,0.23622842,0.00013031399,32
1329,2018-06-03,-44.1509518708842,-20.07445603389938,-0.0,-62.0,40.0,0.91050994,0.4318001,0.2425376,0.00029912443,32
25,2018-06-15,-44.177981326163845,-20.065402106717748,-0.0,-62.0,36.0,0.9934322,0.114803776,0.12596866,0.00017885656,32
36,2018-06-15,-44.161892364687866,-20.07708036061869,-0.0,-62.0,40.0,0.9895274,0.14510763,0.16019304,0.00016061729,32
49,2018-06-15,-44.158288437317246,-20.066320621069508,-0.0,-60.0,36.0,0.9677011,0.25603223,0.16889001,0.00021117146,32
51,2018-06-15,-44.1575161671664,-20.08482212444067,-0.0,-60.0,40.0,0.99133533,0.13187632,0.15246536,0.00031897012,32
55,2018-06-15,-44.15597162686471,-20.07904860565818,-0.0,-58.0,40.0,0.99169916,0.12906517,0.17269787,0.00030624378,32
58,2018-06-15,-44.1591894191599,-20.06592697206161,-0.0,-64.0,40.0,0.9866735,0.1637098,0.16357863,0.00016910466,32
60,2018-06-15,-44.158417149009054,-20.066714270077405,-0.0,-60.0,32.0,0.9606683,0.28429142,0.16295098,0.00027915908,32
70,2018-06-15,-44.15558549178928,-20.073143870539724,-0.0,-58.0,40.0,0.98207843,0.1903084,0.16551217,0.00015617402,32
72,2018-06-15,-44.161892364687866,-20.076817927946763,-0.0,-60.0,40.0,0.98664135,0.16406055,0.17289028,0.00018321899,32
77,2018-06-15,-44.15558549178928,-20.073143870539724,-0.0,-60.0,40.0,0.9936751,0.11267752,0.17115304,0.0002308823,32
78,2018-06-15,-44.16176365299606,-20.07708036061869,-0.0,-62.0,40.0,0.98854494,0.15176974,0.17172363,0.0001721688,32
79,2018-06-15,-44.177981326163845,-20.065533323053717,-0.0,-62.0,36.0,0.9964764,0.08401511,0.16623512,0.00018862613,32
86,2018-06-15,-44.157130032090976,-20.07235657252393,-0.0,-60.0,36.0,0.99061596,0.13728343,0.15821503,0.00026863083,32
87,2018-06-15,-44.15365481641216,-20.08364117741698,-0.0,-62.0,40.0,0.9950991,0.0991742,0.17583664,0.00029401673,32
92,2018-06-15,-44.15365481641216,-20.08364117741698,-0.0,-62.0,40.0,0.99385124,0.11107637,0.1650057,0.00031562397,32
101,2018-06-15,-44.157130032090976,-20.07235657252393,-0.0,-60.0,36.0,0.98830754,0.15364271,0.16259168,0.0002030594,32
102,2018-06-15,-44.1575161671664,-20.08482212444067,-0.0,-60.0,36.0,0.9933006,0.11592739,0.16052273,0.0002825142,32
106,2018-06-15,-44.158288437317246,-20.066320621069508,-0.0,-60.0,40.0,0.96672195,0.260466,0.17711703,0.00022746764,32
107,2018-06-15,-44.150050889041545,-20.0858718551284,-0.0,-62.0,32.0,0.9972439,0.07430704,0.17113066,0.00025208955,32
108,2018-06-15,-44.095348420023214,-20.095581863989857,-0.0,-26.0,-4.0,0.9112881,0.43588206,0.17609175,0.00035253962,32
109,2018-06-15,-44.15815972562544,-20.068026433437065,-0.0,-60.0,40.0,0.92887574,0.38277623,0.18616179,0.00031713524,32
111,2018-06-15,-44.15558549178928,-20.073143870539724,-0.0,-58.0,40.0,0.9956475,0.093374655,0.16038811,0.00014709214,32
116,2018-06-15,-44.15597162686471,-20.07904860565818,-0.0,-60.0,40.0,0.98307085,0.18469657,0.19299243,0.00018906631,32
120,2018-06-15,-44.15442708656301,-20.0717004908441,-0.0,-60.0,40.0,0.98103976,0.19561706,0.18038051,0.0002138021,32
122,2018-06-15,-44.177981326163845,-20.065402106717748,-0.0,-62.0,36.0,0.9920553,0.12631515,0.16516092,0.00013893403,32
124,2018-06-15,-44.16768439081922,-20.071831707180067,-0.0,-58.0,40.0,0.9844347,0.17712511,0.16961817,0.00019569618,32
125,2018-06-15,-44.09316032126248,-20.103192411475867,-0.0,-30.0,-28.0,0.9221537,0.4055343,0.18537693,0.00026284982,32
135,2018-06-15,-44.1575161671664,-20.08482212444067,-0.0,-60.0,40.0,0.9926844,0.12122337,0.17335667,0.00032299763,32
166,2018-06-15,-44.16227849976329,-20.07301265420376,-0.0,-60.0,40.0,0.9948693,0.10141454,0.17611928,0.0002781563,32
169,2018-06-15,-44.15906070746809,-20.06592697206161,-0.0,-62.0,36.0,0.96458185,0.26856968,0.1896261,7.7959645e-05,32
183,2018-06-15,-44.161892364687866,-20.07721157695466,-0.0,-60.0,40.0,0.98572654,0.16954353,0.20472775,0.00016644613,32
184,2018-06-15,-44.14914990719889,-20.083509961081013,-0.0,-62.0,24.0,0.92275953,0.39962417,0.18632154,0.00019650752,32
192,2018-06-15,-44.15558549178928,-20.073143870539724,-0.0,-58.0,36.0,0.96856844,0.2538515,0.20102504,0.00022607588,32
208,2018-06-15,-44.09547713171502,-20.096631594677586,-0.0,-16.0,-28.0,0.8838611,0.4968438,0.19951294,0.00028506762,32
209,2018-06-15,-44.09573455509864,-20.104242142163592,-0.0,-30.0,-32.0,0.99192834,0.12720996,0.20155519,0.00028709535,32
211,2018-06-15,-44.14824892535624,-20.08482212444067,-0.0,-62.0,36.0,0.97233886,0.23678724,0.1985304,0.00017741922,32
227,2018-06-15,-44.15172414103505,-20.083772393752945,-0.0,-62.0,40.0,0.9442581,0.34013498,0.17343715,0.00015305412,32
230,2018-06-15,-44.1558429151729,-20.078654956650283,-0.0,-58.0,40.0,0.99377,0.11183355,0.20406978,0.00019458176,32
234,2018-06-15,-44.09496228494779,-20.095319431317925,-0.0,-30.0,-20.0,0.933926,0.3708147,0.21000704,0.00035274707,32
235,2018-06-15,-44.1672982557438,-20.07393116855552,-0.0,-60.0,40.0,0.94888365,0.32600248,0.19429739,0.00019437468,32
250,2018-06-15,-44.1558429151729,-20.071831707180067,-0.0,-58.0,36.0,0.9687802,0.25208294,0.20764968,0.00012654542,32
262,2018-06-15,-44.15558549178928,-20.073143870539724,-0.0,-60.0,40.0,0.9888833,0.14947388,0.214402,0.00019721958,32
279,2018-06-15,-44.15378352810397,-20.08390361008891,-0.0,-62.0,40.0,0.9593733,0.28800502,0.1987492,0.00014123438,32
292,2018-06-15,-44.09277418618706,-20.09308875360651,-0.0,-62.0,-40.0,0.94386774,0.3385104,0.2108965,0.00015072811,32
294,2018-06-15,-44.150050889041545,-20.0858718551284,-0.0,-62.0,40.0,0.99573416,0.09243322,0.20145847,0.00022659368,32
297,2018-06-15,-44.1509518708842,-20.07445603389938,-0.0,-62.0,40.0,0.91531914,0.42315394,0.18903947,0.000473964,32
298,2018-06-15,-44.09573455509864,-20.104110925827623,-0.0,-32.0,-32.0,0.9713802,0.24072301,0.20770803,0.00019924583,32
302,2018-06-15,-44.1509518708842,-20.07445603389938,-0.0,-64.0,40.0,0.9010573,0.46399283,0.19030711,0.00030566705,32
307,2018-06-15,-44.15558549178928,-20.073143870539724,-0.0,-60.0,36.0,0.94426954,0.33953795,0.21462357,0.0001921205,32
322,2018-06-15,-44.16150622961244,-20.065533323053717,-0.0,-58.0,32.0,0.9559043,0.30019727,0.20587029,0.00021429466,32
326,2018-06-15,-44.158417149009054,-20.066714270077405,-0.0,-60.0,28.0,0.92922074,0.38275728,0.21405818,0.00021434038,32
334,2018-06-15,-44.14824892535624,-20.08482212444067,-0.0,-64.0,36.0,0.9591197,0.28854805,0.20624818,0.00011566065,32
341,2018-06-15,-44.093417744646096,-20.094138484294238,-0.0,-30.0,0.0,0.9271192,0.38806647,0.20293237,0.00020528595,32
342,2018-06-15,-44.09573455509864,-20.104110925827623,-0.0,-28.0,-32.0,0.967172,0.2586741,0.21095438,0.00017666417,32
343,2018-06-15,-44.094704861564175,-20.094663349638097,-0.0,-30.0,-12.0,0.9320163,0.37439924,0.20520887,0.00024680147,32
350,2018-06-15,-44.15494193333024,-20.07143805817217,-0.0,-60.0,32.0,0.9771433,0.21485306,0.2082436,0.000101412086,32
351,2018-06-15,-44.15365481641216,-20.083509961081013,-0.0,-62.0,40.0,0.99176425,0.12863493,0.1975397,0.00024892512,32
354,2018-06-15,-44.095219708331406,-20.10188024811621,-0.0,-34.0,-40.0,0.85031635,0.56276417,0.19688289,0.0001462547,32
355,2018-06-15,-44.14721923182177,-20.07944225466608,-0.0,-62.0,40.0,0.9097379,0.4362786,0.20008743,0.0001692326,32
358,2018-06-15,-44.161892364687866,-20.076817927946763,-0.0,-60.0,40.0,0.97885114,0.2066355,0.2046915,0.00012147129,32
365,2018-06-15,-44.09483357325598,-20.095975512997757,-0.0,-16.0,-16.0,0.87048537,0.5251366,0.2145026,0.00022786683,32
371,2018-06-15,-44.16150622961244,-20.065533323053717,-0.0,-58.0,36.0,0.96249855,0.27732918,0.21806788,0.00021408769,32
372,2018-06-15,-44.156615185323744,-20.07235657252393,-0.0,-60.0,40.0,0.98747224,0.15874347,0.22571152,0.00016332245,32
376,2018-06-15,-44.177981326163845,-20.065533323053717,-0.0,-64.0,40.0,0.98931545,0.14667082,0.2060611,0.0001226925,32
428,2018-06-15,-44.095348420023214,-20.099255921396896,-0.0,-34.0,-20.0,0.8599175,0.5520587,0.21099286,0.00021701,32
445,2018-06-15,-44.15030831242516,-20.084690908104704,-0.0,-62.0,40.0,0.9537714,0.31028697,0.19998807,0.00011961138,32
451,2018-06-15,-44.095348420023214,-20.09269510459861,-0.0,-50.0,-32.0,0.89500684,0.4699368,0.21193483,0.000103801125,32
452,2018-06-15,-44.1624072114551,-20.06658305374144,-0.0,-60.0,36.0,0.99999905,0.0013166264,0.18705474,0.00012239197,32
454,2018-06-15,-44.161892364687866,-20.07721157695466,-0.0,-60.0,40.0,0.98762494,0.15781839,0.21329112,0.000108521395,32
462,2018-06-15,-44.1492786188907,-20.083772393752945,-0.0,-62.0,36.0,0.9009371,0.45448023,0.21690197,0.00015435196,32
468,2018-06-15,-44.16768439081922,-20.071831707180067,-0.0,-58.0,40.0,0.99912137,0.041926306,0.1979922,0.00025140448,32
469,2018-06-15,-44.156615185323744,-20.07235657252393,-0.0,-62.0,40.0,0.9884701,0.15216252,0.21888806,0.00014295946,32
475,2018-06-15,-44.16150622961244,-20.06684548641337,-0.0,-60.0,40.0,0.9333956,0.37320685,0.20200405,0.00019318266,32
480,2018-06-15,-44.09573455509864,-20.10437335849956,-0.0,-30.0,-28.0,0.97603565,0.21994607,0.22386426,0.00023246644,32
489,2018-06-15,-44.15378352810397,-20.0854782061205,-0.0,-60.0,36.0,0.98614484,0.16707681,0.22113495,0.00015665224,32
498,2018-06-15,-44.16202107637967,-20.07760522596256,-0.0,-60.0,40.0,0.9739393,0.22963941,0.22176117,0.00018630472,32
515,2018-06-15,-44.177981326163845,-20.065533323053717,-0.0,-62.0,40.0,0.99098617,0.13457483,0.22828959,0.00014239682,32
517,2018-06-15,-44.16137751792064,-20.071044409164276,-0.0,-58.0,40.0,0.9873319,0.16011351,0.20574138,0.000113239825,32
518,2018-06-15,-44.16202107637967,-20.07760522596256,-0.0,-60.0,36.0,0.9819957,0.19045453,0.2204059,0.00024409748,32
520,2018-06-15,-44.14992217734974,-20.08692158581612,-0.0,-60.0,32.0,0.9329311,0.37142602,0.22161011,0.00016959709,32
533,2018-06-15,-44.093546456337904,-20.09361361895037,-0.0,-54.0,-36.0,0.92416435,0.39691073,0.22529994,0.00012681105,32
538,2018-06-15,-44.15468450994663,-20.07904860565818,-0.0,-60.0,40.0,0.9603823,0.28433818,0.2098461,7.573011e-05,32
547,2018-06-15,-44.1509518708842,-20.07432481756341,-0.0,-62.0,40.0,0.90768754,0.43956012,0.21304497,0.00048326713,32
551,2018-06-15,-44.09431872648875,-20.09361361895037,-0.0,-60.0,-40.0,0.9269395,0.38688326,0.22368047,8.363042e-05,32
573,2018-06-15,-44.09715038370853,-20.10437335849956,-0.0,-26.0,-40.0,0.981993,0.19041304,0.21994461,0.00020242653,32
591,2018-06-15,-44.09637811355768,-20.10476700750745,-0.0,-28.0,-28.0,0.88030064,0.50150853,0.24380408,0.00016093155,32
595,2018-06-15,-44.09277418618706,-20.09308875360651,-0.0,-60.0,-36.0,0.9506957,0.31798822,0.22435091,0.00015162292,32
597,2018-06-15,-44.094704861564175,-20.09361361895037,-0.0,-56.0,-40.0,0.9236856,0.39662957,0.221461,0.00016114896,32
617,2018-06-15,-44.095348420023214,-20.095581863989857,-0.0,-28.0,-12.0,0.91071886,0.43331236,0.20454994,0.00030632524,32
621,2018-06-15,-44.095348420023214,-20.095581863989857,-0.0,-30.0,-16.0,0.919275,0.40785578,0.221529,0.00037647443,32
631,2018-06-15,-44.150050889041545,-20.08574063879243,-0.0,-62.0,32.0,0.96217763,0.27867618,0.2173203,0.00012443759,32
632,2018-06-15,-44.158417149009054,-20.066714270077405,-0.0,-62.0,32.0,0.9420799,0.3442246,0.21013477,0.0001555898,32
639,2018-06-15,-44.14721923182177,-20.07944225466608,-0.0,-62.0,40.0,0.9141801,0.42269146,0.23625557,0.00014431524,32
642,2018-06-15,-44.093417744646096,-20.09361361895037,-0.0,-50.0,-32.0,0.95720506,0.29472056,0.22483774,0.00017313514,32
659,2018-06-15,-44.09316032126248,-20.093876051622303,-0.0,-26.0,0.0,0.9202357,0.41621837,0.23191184,0.0004714754,32
666,2018-06-15,-44.09612069017406,-20.098599839717068,-0.0,-32.0,-20.0,0.8369649,0.59542996,0.22777635,0.00024879372,32
674,2018-06-15,-44.15803101393363,-20.068026433437065,-0.0,-60.0,40.0,0.9488301,0.32394177,0.21363357,0.00017669244,32
687,2018-06-15,-44.095348420023214,-20.095844296661788,-0.0,-26.0,-12.0,0.9264778,0.39259818,0.2429174,0.0003334301,32
689,2018-06-15,-44.094704861564175,-20.102273897124107,-0.0,-40.0,-24.0,0.8999888,0.45509607,0.22149613,0.00017279296,32
699,2018-06-15,-44.09277418618706,-20.092957537270543,-0.0,-60.0,-36.0,0.8248223,0.62379014,0.22112992,0.00010524349,32
704,2018-06-15,-44.16227849976329,-20.07301265420376,-0.0,-60.0,40.0,0.9730441,0.23360339,0.21389751,0.00015998124,32
738,2018-06-15,-44.16137751792064,-20.071044409164276,-0.0,-58.0,40.0,0.9537537,0.30705687,0.21450779,8.5356805e-05,32
743,2018-06-15,-44.095219708331406,-20.10292997880393,-0.0,-34.0,-32.0,0.963839,0.27309382,0.2487394,0.00023321668,32
748,2018-06-15,-44.1672982557438,-20.073799952219552,-0.0,-60.0,40.0,0.9394868,0.35379896,0.2385987,0.00016835134,32
749,2018-06-15,-44.15970426592713,-20.064614808701958,-0.0,-60.0,36.0,0.9923783,0.1236501,0.23288263,0.00010213836,32
753,2018-06-15,-44.09444743818056,-20.09453213330213,-0.0,-30.0,4.0,0.93633944,0.3616963,0.24223724,0.0002814164,32
772,2018-06-15,-44.093546456337904,-20.094400916966165,-0.0,-26.0,12.0,0.9233013,0.3976936,0.23818585,0.00025641994,32
778,2018-06-15,-44.14824892535624,-20.084690908104704,-0.0,-64.0,40.0,0.993268,0.11620175,0.217038,0.000119338845,32
781,2018-06-15,-44.09277418618706,-20.092957537270543,-0.0,-64.0,-40.0,0.9240293,0.3957767,0.23231132,0.00016137642,32
785,2018-06-15,-44.15648647363194,-20.07655549527483,-0.0,-58.0,32.0,0.947436,0.32984012,0.24211547,8.705073e-05,32
795,2018-06-15,-44.09740780709214,-20.10463579117149,-0.0,-30.0,-40.0,0.8850024,0.53440773,0.22723202,0.0001532011,32
800,2018-06-15,-44.1674269674356,-20.07432481756341,-0.0,-60.0,40.0,0.99912155,0.04192622,0.23580386,0.00012518003,32
809,2018-06-15,-44.16163494130425,-20.076817927946763,-0.0,-60.0,40.0,0.9765173,0.21793333,0.2365612,0.00012580244,32
810,2018-06-15,-44.15906070746809,-20.06566453938968,-0.0,-64.0,40.0,0.9807913,0.19675484,0.22297284,0.00012886837,32
812,2018-06-15,-44.09612069017406,-20.10463579117149,-0.0,-32.0,-28.0,0.9810543,0.19555587,0.24058457,0.00018460231,32
815,2018-06-15,-44.09290289787887,-20.09361361895037,-0.0,-34.0,-32.0,0.9477484,0.3269546,0.24155085,0.00027799365,32
817,2018-06-15,-44.15326868133674,-20.081935365049425,-0.0,-60.0,40.0,0.97455287,0.22695863,0.23753211,0.00013418394,32
819,2018-06-15,-44.15391223979578,-20.07025711114848,-0.0,-58.0,40.0,0.96879125,0.251771,0.22422275,0.00012923428,32
826,2018-06-15,-44.09573455509864,-20.100436868420587,-0.0,-40.0,-32.0,0.85571986,0.5583373,0.24542302,0.00029766848,32
839,2018-06-15,-44.1541696631794,-20.07983590367397,-0.0,-60.0,40.0,0.9838538,0.18029623,0.23935002,0.00027133914,32
842,2018-06-15,-44.161892364687866,-20.07708036061869,-0.0,-62.0,36.0,0.98912096,0.14776096,0.22787876,9.263296e-05,32
843,2018-06-15,-44.09715038370853,-20.098731056053037,-0.0,-42.0,-16.0,0.8399253,0.5894708,0.22958055,0.00012341807,32
849,2018-06-15,-44.09689296032491,-20.098862272389,-0.0,-40.0,-16.0,0.8082655,0.64302075,0.23864205,0.00013250821,32
878,2018-06-15,-44.15532806840567,-20.07944225466608,-0.0,-60.0,40.0,0.98164153,0.19241036,0.24028865,0.00024076854,32
879,2018-06-15,-44.15172414103505,-20.083772393752945,-0.0,-62.0,40.0,0.94224805,0.34635422,0.23466736,0.00017846754,32
881,2018-06-15,-44.09727909540033,-20.098731056053037,-0.0,-40.0,-16.0,0.8462761,0.57560474,0.22890337,7.089602e-05,32
902,2018-06-15,-44.09135835757717,-20.090201994215263,-0.0,-54.0,-32.0,0.9236139,0.3990633,0.23943725,0.00012808619,32
917,2018-06-15,-44.0917444926526,-20.09164537391089,-0.0,-66.0,-28.0,0.8399489,0.58606946,0.23359168,6.524553e-05,32
922,2018-06-15,-44.095863266790445,-20.09702524368548,-0.0,-32.0,-16.0,0.8334973,0.6023138,0.22462654,0.00019463511,32
953,2018-06-15,-44.09715038370853,-20.098862272389,-0.0,-42.0,-12.0,0.81594616,0.6319421,0.22483456,0.00016212075,32
988,2018-06-15,-44.1591894191599,-20.06592697206161,-0.0,-64.0,36.0,0.9466307,0.33186823,0.23593827,9.492854e-05,32
991,2018-06-15,-44.1575161671664,-20.08482212444067,-0.0,-60.0,40.0,0.9994936,0.03182455,0.23950803,0.00027012592,32
1001,2018-06-15,-44.161892364687866,-20.076817927946763,-0.0,-64.0,32.0,0.96615434,0.26191953,0.23441048,8.023096e-05,32
1002,2018-06-15,-44.09444743818056,-20.09492578231003,-0.0,-34.0,-32.0,1.0,0.00039513933,0.22878867,0.00025367626,32
1010,2018-06-15,-44.15365481641216,-20.083509961081013,-0.0,-62.0,40.0,0.99335134,0.11545927,0.23778822,0.00019389139,32
1020,2018-06-15,-44.16292205822233,-20.072094139852,-0.0,-60.0,40.0,0.91512394,0.41756633,0.24028625,0.0001782693,32
1034,2018-06-15,-44.16202107637967,-20.07721157695466,-0.0,-60.0,40.0,0.981273,0.1944176,0.24814238,0.00010865971,32
1040,2018-06-15,-44.161892364687866,-20.07721157695466,-0.0,-60.0,40.0,0.96591824,0.26365894,0.2468073,0.00010343269,32
1050,2018-06-15,-44.09457614987237,-20.102405113460076,-0.0,-38.0,-36.0,0.93953866,0.35215226,0.24512702,0.00030498733,32
1070,2018-06-15,-44.1575161671664,-20.08482212444067,-0.0,-60.0,36.0,0.96219236,0.28010356,0.23884472,0.00017387042,32
1072,2018-06-15,-44.0917444926526,-20.09164537391089,-0.0,-64.0,-36.0,0.91248626,0.42968604,0.23979232,7.8801335e-05,32
1076,2018-06-15,-44.15880328408448,-20.06592697206161,-0.0,-60.0,40.0,0.93656856,0.36525702,0.23667216,7.3392395e-05,32
1079,2018-06-15,-44.15391223979578,-20.07025711114848,-0.0,-60.0,40.0,0.9695847,0.24850449,0.24799877,9.992429e-05,32
1091,2018-06-15,-44.158417149009054,-20.0850845571126,-0.0,-58.0,36.0,0.8887288,0.4815745,0.24550791,0.00012143039,32
1092,2018-06-15,-44.1509518708842,-20.07432481756341,-0.0,-64.0,40.0,0.87775964,0.53542435,0.2352003,0.00030330935,32
1099,2018-06-15,-44.093546456337904,-20.09361361895037,-0.0,-52.0,-36.0,0.8961929,0.46807668,0.23183072,0.00010412827,32
1102,2018-06-15,-44.16292205822233,-20.072094139852,-0.0,-60.0,40.0,0.91454065,0.42063314,0.23443252,0.00013330363,32
1108,2018-06-15,-44.14734794351358,-20.07878617298625,-0.0,-60.0,40.0,0.99970615,0.02424301,0.23583807,8.263391e-05,32
1117,2018-06-15,-44.16768439081922,-20.071831707180067,-0.0,-58.0,36.0,0.981466,0.19336696,0.22862582,0.0001814576,32
1127,2018-06-15,-44.09264547449525,-20.09308875360651,-0.0,-62.0,-40.0,0.8971481,0.47378388,0.23896502,0.00011133063,32
1146,2018-06-15,-44.16034782438617,-20.068813731452856,-0.0,-56.0,40.0,0.9864666,0.1649596,0.24976282,0.00036398857,32
1153,2018-06-15,-44.150050889041545,-20.0858718551284,-0.0,-62.0,36.0,0.99220043,0.1250837,0.2397805,0.00020716414,32
1155,2018-06-15,-44.09444743818056,-20.102011464452172,-0.0,-34.0,-40.0,0.92435986,0.39511356,0.23405898,0.00023943702,32
1159,2018-06-15,-44.093546456337904,-20.09400726795827,-0.0,-28.0,0.0,0.9480586,0.3266401,0.24105251,0.00034425358,32
1163,2018-06-15,-44.09766523047576,-20.105029440179383,-0.0,-28.0,-40.0,0.9311042,0.37839893,0.24166062,0.0001920892,32
1174,2018-06-15,-44.095219708331406,-20.102011464452172,-0.0,-36.0,-40.0,0.9113488,0.42841828,0.24216647,0.00012990848,32
1181,2018-06-15,-44.09161578096079,-20.093219969942474,-0.0,-28.0,-8.0,0.8859077,0.49635297,0.23633368,0.00021885987,32
1189,2018-06-15,-44.09715038370853,-20.098731056053037,-0.0,-42.0,-16.0,0.8359385,0.6007249,0.24258535,0.00012660914,32
1191,2018-06-15,-44.095219708331406,-20.095844296661788,-0.0,-28.0,-12.0,0.8651284,0.5359111,0.24847127,0.00020080352,32
1197,2018-06-15,-44.16214978807148,-20.07616184626693,-0.0,-60.0,40.0,0.9665673,0.26143262,0.24416661,0.00011817686,32
1204,2018-06-15,-44.093546456337904,-20.094400916966165,-0.0,-26.0,0.0,0.93913746,0.35383812,0.24792047,0.0003644777,32
1217,2018-06-15,-44.16202107637967,-20.074718466571312,-0.0,-58.0,40.0,0.9690986,0.2505538,0.24575986,9.5118936e-05,32
1231,2018-06-15,-44.14992217734974,-20.08692158581612,-0.0,-60.0,32.0,0.9371452,0.3654364,0.24572617,0.00011899009,32
1247,2018-06-15,-44.094704861564175,-20.094663349638097,-0.0,-30.0,-12.0,0.9238721,0.39515322,0.2348293,0.00022071703,32
1251,2018-06-15,-44.09251676280344,-20.093219969942474,-0.0,-48.0,-36.0,0.89386845,0.4703759,0.24224225,0.00015514281,32
1256,2018-06-15,-44.09483357325598,-20.093219969942474,-0.0,-52.0,-40.0,0.86129993,0.54238904,0.24783906,0.0001059604,32
1259,2018-06-15,-44.16227849976329,-20.072881437867792,-0.0,-60.0,40.0,0.9829678,0.18534474,0.24443871,0.00014352797,32
1260,2018-06-15,-44.15481322163844,-20.071044409164276,-0.0,-60.0,32.0,0.9734008,0.23258153,0.23211527,0.00010914595,32
1289,2018-06-15,-44.1541696631794,-20.07983590367397,-0.0,-60.0,40.0,0.9900696,0.14119089,0.24933314,0.00012980548,32
1290,2018-06-15,-44.095219708331406,-20.095319431317925,-0.0,-28.0,-4.0,0.9366193,0.3611681,0.23686811,0.0001664893,32
1291,2018-06-15,-44.094704861564175,-20.09361361895037,-0.0,-54.0,-40.0,0.8996914,0.4565308,0.2475767,0.00012423437,32
1292,2018-06-15,-44.09303160957067,-20.09335118627844,-0.0,-52.0,-36.0,0.9403788,0.35013777,0.23605238,0.00015071555,32
1305,2018-06-15,-44.09715038370853,-20.098862272389,-0.0,-42.0,-8.0,0.83434314,0.59625983,0.23497155,0.00011737869,32
1313,2018-06-15,-44.1558429151729,-20.07340630321165,-0.0,-60.0,40.0,0.9211648,0.4038228,0.23622842,0.00013031399,32
1329,2018-06-15,-44.1509518708842,-20.07445603389938,-0.0,-62.0,40.0,0.91050994,0.4318001,0.2425376,0.00029912443,32
25,2018-06-27,-44.177981326163845,-20.065402106717748,-0.0,-62.0,36.0,0.9934322,0.114803776,0.12596866,0.00017885656,32
36,2018-06-27,-44.161892364687866,-20.07708036061869,-0.0,-62.0,40.0,0.9895274,0.14510763,0.16019304,0.00016061729,32
49,2018-06-27,-44.158288437317246,-20.066320621069508,-0.0,-60.0,36.0,0.9677011,0.25603223,0.16889001,0.00021117146,32
51,2018-06-27,-44.1575161671664,-20.08482212444067,-0.0,-60.0,40.0,0.99133533,0.13187632,0.15246536,0.00031897012,32
55,2018-06-27,-44.15597162686471,-20.07904860565818,-0.0,-58.0,40.0,0.99169916,0.12906517,0.17269787,0.00030624378,32
58,2018-06-27,-44.1591894191599,-20.06592697206161,-0.0,-64.0,40.0,0.9866735,0.1637098,0.16357863,0.00016910466,32
60,2018-06-27,-44.158417149009054,-20.066714270077405,-0.0,-60.0,32.0,0.9606683,0.28429142,0.16295098,0.00027915908,32
70,2018-06-27,-44.15558549178928,-20.073143870539724,-0.0,-58.0,40.0,0.98207843,0.1903084,0.16551217,0.00015617402,32
72,2018-06-27,-44.161892364687866,-20.076817927946763,-0.0,-60.0,40.0,0.98664135,0.16406055,0.17289028,0.00018321899,32
77,2018-06-27,-44.15558549178928,-20.073143870539724,-0.0,-60.0,40.0,0.9936751,0.11267752,0.17115304,0.0002308823,32
78,2018-06-27,-44.16176365299606,-20.07708036061869,-0.0,-62.0,40.0,0.98854494,0.15176974,0.17172363,0.0001721688,32
79,2018-06-27,-44.177981326163845,-20.065533323053717,-0.0,-62.0,36.0,0.9964764,0.08401511,0.16623512,0.00018862613,32
86,2018-06-27,-44.157130032090976,-20.07235657252393,-0.0,-60.0,36.0,0.99061596,0.13728343,0.15821503,0.00026863083,32
87,2018-06-27,-44.15365481641216,-20.08364117741698,-0.0,-62.0,40.0,0.9950991,0.0991742,0.17583664,0.00029401673,32
92,2018-06-27,-44.15365481641216,-20.08364117741698,-0.0,-62.0,40.0,0.99385124,0.11107637,0.1650057,0.00031562397,32
101,2018-06-27,-44.157130032090976,-20.07235657252393,-0.0,-60.0,36.0,0.98830754,0.15364271,0.16259168,0.0002030594,32
102,2018-06-27,-44.1575161671664,-20.08482212444067,-0.0,-60.0,36.0,0.9933006,0.11592739,0.16052273,0.0002825142,32
106,2018-06-27,-44.158288437317246,-20.066320621069508,-0.0,-60.0,40.0,0.96672195,0.260466,0.17711703,0.00022746764,32
107,2018-06-27,-44.150050889041545,-20.0858718551284,-0.0,-62.0,32.0,0.9972439,0.07430704,0.17113066,0.00025208955,32
108,2018-06-27,-44.095348420023214,-20.095581863989857,-0.0,-26.0,-4.0,0.9112881,0.43588206,0.17609175,0.00035253962,32
109,2018-06-27,-44.15815972562544,-20.068026433437065,-0.0,-60.0,40.0,0.92887574,0.38277623,0.18616179,0.00031713524,32
111,2018-06-27,-44.15558549178928,-20.073143870539724,-0.0,-58.0,40.0,0.9956475,0.093374655,0.16038811,0.00014709214,32
116,2018-06-27,-44.15597162686471,-20.07904860565818,-0.0,-60.0,40.0,0.98307085,0.18469657,0.19299243,0.00018906631,32
120,2018-06-27,-44.15442708656301,-20.0717004908441,-0.0,-60.0,40.0,0.98103976,0.19561706,0.18038051,0.0002138021,32
122,2018-06-27,-44.177981326163845,-20.065402106717748,-0.0,-62.0,36.0,0.9920553,0.12631515,0.16516092,0.00013893403,32
124,2018-06-27,-44.16768439081922,-20.071831707180067,-0.0,-58.0,40.0,0.9844347,0.17712511,0.16961817,0.00019569618,32
125,2018-06-27,-44.09316032126248,-20.103192411475867,-0.0,-30.0,-28.0,0.9221537,0.4055343,0.18537693,0.00026284982,32
135,2018-06-27,-44.1575161671664,-20.08482212444067,-0.0,-60.0,40.0,0.9926844,0.12122337,0.17335667,0.00032299763,32
166,2018-06-27,-44.16227849976329,-20.07301265420376,-0.0,-60.0,40.0,0.9948693,0.10141454,0.17611928,0.0002781563,32
169,2018-06-27,-44.15906070746809,-20.06592697206161,-0.0,-62.0,36.0,0.96458185,0.26856968,0.1896261,7.7959645e-05,32
183,2018-06-27,-44.161892364687866,-20.07721157695466,-0.0,-60.0,40.0,0.98572654,0.16954353,0.20472775,0.00016644613,32
184,2018-06-27,-44.14914990719889,-20.083509961081013,-0.0,-62.0,24.0,0.92275953,0.39962417,0.18632154,0.00019650752,32
192,2018-06-27,-44.15558549178928,-20.073143870539724,-0.0,-58.0,36.0,0.96856844,0.2538515,0.20102504,0.00022607588,32
208,2018-06-27,-44.09547713171502,-20.096631594677586,-0.0,-16.0,-28.0,0.8838611,0.4968438,0.19951294,0.00028506762,32
209,2018-06-27,-44.09573455509864,-20.104242142163592,-0.0,-30.0,-32.0,0.99192834,0.12720996,0.20155519,0.00028709535,32
211,2018-06-27,-44.14824892535624,-20.08482212444067,-0.0,-62.0,36.0,0.97233886,0.23678724,0.1985304,0.00017741922,32
227,2018-06-27,-44.15172414103505,-20.083772393752945,-0.0,-62.0,40.0,0.9442581,0.34013498,0.17343715,0.00015305412,32
230,2018-06-27,-44.1558429151729,-20.078654956650283,-0.0,-58.0,40.0,0.99377,0.11183355,0.20406978,0.00019458176,32
234,2018-06-27,-44.09496228494779,-20.095319431317925,-0.0,-30.0,-20.0,0.933926,0.3708147,0.21000704,0.00035274707,32
235,2018-06-27,-44.1672982557438,-20.07393116855552,-0.0,-60.0,40.0,0.94888365,0.32600248,0.19429739,0.00019437468,32
250,2018-06-27,-44.1558429151729,-20.071831707180067,-0.0,-58.0,36.0,0.9687802,0.25208294,0.20764968,0.00012654542,32
262,2018-06-27,-44.15558549178928,-20.073143870539724,-0.0,-60.0,40.0,0.9888833,0.14947388,0.214402,0.00019721958,32
279,2018-06-27,-44.15378352810397,-20.08390361008891,-0.0,-62.0,40.0,0.9593733,0.28800502,0.1987492,0.00014123438,32
292,2018-06-27,-44.09277418618706,-20.09308875360651,-0.0,-62.0,-40.0,0.94386774,0.3385104,0.2108965,0.00015072811,32
294,2018-06-27,-44.150050889041545,-20.0858718551284,-0.0,-62.0,40.0,0.99573416,0.09243322,0.20145847,0.00022659368,32
297,2018-06-27,-44.1509518708842,-20.07445603389938,-0.0,-62.0,40.0,0.91531914,0.42315394,0.18903947,0.000473964,32
298,2018-06-27,-44.09573455509864,-20.104110925827623,-0.0,-32.0,-32.0,0.9713802,0.24072301,0.20770803,0.00019924583,32
302,2018-06-27,-44.1509518708842,-20.07445603389938,-0.0,-64.0,40.0,0.9010573,0.46399283,0.19030711,0.00030566705,32
307,2018-06-27,-44.15558549178928,-20.073143870539724,-0.0,-60.0,36.0,0.94426954,0.33953795,0.21462357,0.0001921205,32
322,2018-06-27,-44.16150622961244,-20.065533323053717,-0.0,-58.0,32.0,0.9559043,0.30019727,0.20587029,0.00021429466,32
326,2018-06-27,-44.158417149009054,-20.066714270077405,-0.0,-60.0,28.0,0.92922074,0.38275728,0.21405818,0.00021434038,32
334,2018-06-27,-44.14824892535624,-20.08482212444067,-0.0,-64.0,36.0,0.9591197,0.28854805,0.20624818,0.00011566065,32
341,2018-06-27,-44.093417744646096,-20.094138484294238,-0.0,-30.0,0.0,0.9271192,0.38806647,0.20293237,0.00020528595,32
342,2018-06-27,-44.09573455509864,-20.104110925827623,-0.0,-28.0,-32.0,0.967172,0.2586741,0.21095438,0.00017666417,32
343,2018-06-27,-44.094704861564175,-20.094663349638097,-0.0,-30.0,-12.0,0.9320163,0.37439924,0.20520887,0.00024680147,32
350,2018-06-27,-44.15494193333024,-20.07143805817217,-0.0,-60.0,32.0,0.9771433,0.21485306,0.2082436,0.000101412086,32
351,2018-06-27,-44.15365481641216,-20.083509961081013,-0.0,-62.0,40.0,0.99176425,0.12863493,0.1975397,0.00024892512,32
354,2018-06-27,-44.095219708331406,-20.10188024811621,-0.0,-34.0,-40.0,0.85031635,0.56276417,0.19688289,0.0001462547,32
355,2018-06-27,-44.14721923182177,-20.07944225466608,-0.0,-62.0,40.0,0.9097379,0.4362786,0.20008743,0.0001692326,32
358,2018-06-27,-44.161892364687866,-20.076817927946763,-0.0,-60.0,40.0,0.97885114,0.2066355,0.2046915,0.00012147129,32
365,2018-06-27,-44.09483357325598,-20.095975512997757,-0.0,-16.0,-16.0,0.87048537,0.5251366,0.2145026,0.00022786683,32
371,2018-06-27,-44.16150622961244,-20.065533323053717,-0.0,-58.0,36.0,0.96249855,0.27732918,0.21806788,0.00021408769,32
372,2018-06-27,-44.156615185323744,-20.07235657252393,-0.0,-60.0,40.0,0.98747224,0.15874347,0.22571152,0.00016332245,32
376,2018-06-27,-44.177981326163845,-20.065533323053717,-0.0,-64.0,40.0,0.98931545,0.14667082,0.2060611,0.0001226925,32
428,2018-06-27,-44.095348420023214,-20.099255921396896,-0.0,-34.0,-20.0,0.8599175,0.5520587,0.21099286,0.00021701,32
445,2018-06-27,-44.15030831242516,-20.084690908104704,-0.0,-62.0,40.0,0.9537714,0.31028697,0.19998807,0.00011961138,32
451,2018-06-27,-44.095348420023214,-20.09269510459861,-0.0,-50.0,-32.0,0.89500684,0.4699368,0.21193483,0.000103801125,32
452,2018-06-27,-44.1624072114551,-20.06658305374144,-0.0,-60.0,36.0,0.99999905,0.0013166264,0.18705474,0.00012239197,32
454,2018-06-27,-44.161892364687866,-20.07721157695466,-0.0,-60.0,40.0,0.98762494,0.15781839,0.21329112,0.000108521395,32
462,2018-06-27,-44.1492786188907,-20.083772393752945,-0.0,-62.0,36.0,0.9009371,0.45448023,0.21690197,0.00015435196,32
468,2018-06-27,-44.16768439081922,-20.071831707180067,-0.0,-58.0,40.0,0.99912137,0.041926306,0.1979922,0.00025140448,32
469,2018-06-27,-44.156615185323744,-20.07235657252393,-0.0,-62.0,40.0,0.9884701,0.15216252,0.21888806,0.00014295946,32
475,2018-06-27,-44.16150622961244,-20.06684548641337,-0.0,-60.0,40.0,0.9333956,0.37320685,0.20200405,0.00019318266,32
480,2018-06-27,-44.09573455509864,-20.10437335849956,-0.0,-30.0,-28.0,0.97603565,0.21994607,0.22386426,0.00023246644,32
489,2018-06-27,-44.15378352810397,-20.0854782061205,-0.0,-60.0,36.0,0.98614484,0.16707681,0.22113495,0.00015665224,32
498,2018-06-27,-44.16202107637967,-20.07760522596256,-0.0,-60.0,40.0,0.9739393,0.22963941,0.22176117,0.00018630472,32
515,2018-06-27,-44.177981326163845,-20.065533323053717,-0.0,-62.0,40.0,0.99098617,0.13457483,0.22828959,0.00014239682,32
517,2018-06-27,-44.16137751792064,-20.071044409164276,-0.0,-58.0,40.0,0.9873319,0.16011351,0.20574138,0.000113239825,32
518,2018-06-27,-44.16202107637967,-20.07760522596256,-0.0,-60.0,36.0,0.9819957,0.19045453,0.2204059,0.00024409748,32
520,2018-06-27,-44.14992217734974,-20.08692158581612,-0.0,-60.0,32.0,0.9329311,0.37142602,0.22161011,0.00016959709,32
533,2018-06-27,-44.093546456337904,-20.09361361895037,-0.0,-54.0,-36.0,0.92416435,0.39691073,0.22529994,0.00012681105,32
538,2018-06-27,-44.15468450994663,-20.07904860565818,-0.0,-60.0,40.0,0.9603823,0.28433818,0.2098461,7.573011e-05,32
547,2018-06-27,-44.1509518708842,-20.07432481756341,-0.0,-62.0,40.0,0.90768754,0.43956012,0.21304497,0.00048326713,32
551,2018-06-27,-44.09431872648875,-20.09361361895037,-0.0,-60.0,-40.0,0.9269395,0.38688326,0.22368047,8.363042e-05,32
573,2018-06-27,-44.09715038370853,-20.10437335849956,-0.0,-26.0,-40.0,0.981993,0.19041304,0.21994461,0.00020242653,32
591,2018-06-27,-44.09637811355768,-20.10476700750745,-0.0,-28.0,-28.0,0.88030064,0.50150853,0.24380408,0.00016093155,32
595,2018-06-27,-44.09277418618706,-20.09308875360651,-0.0,-60.0,-36.0,0.9506957,0.31798822,0.22435091,0.00015162292,32
597,2018-06-27,-44.094704861564175,-20.09361361895037,-0.0,-56.0,-40.0,0.9236856,0.39662957,0.221461,0.00016114896,32
617,2018-06-27,-44.095348420023214,-20.095581863989857,-0.0,-28.0,-12.0,0.91071886,0.43331236,0.20454994,0.00030632524,32
621,2018-06-27,-44.095348420023214,-20.095581863989857,-0.0,-30.0,-16.0,0.919275,0.40785578,0.221529,0.00037647443,32
631,2018-06-27,-44.150050889041545,-20.08574063879243,-0.0,-62.0,32.0,0.96217763,0.27867618,0.2173203,0.00012443759,32
632,2018-06-27,-44.158417149009054,-20.066714270077405,-0.0,-62.0,32.0,0.9420799,0.3442246,0.21013477,0.0001555898,32
639,2018-06-27,-44.14721923182177,-20.07944225466608,-0.0,-62.0,40.0,0.9141801,0.42269146,0.23625557,0.00014431524,32
642,2018-06-27,-44.093417744646096,-20.09361361895037,-0.0,-50.0,-32.0,0.95720506,0.29472056,0.22483774,0.00017313514,32
659,2018-06-27,-44.09316032126248,-20.093876051622303,-0.0,-26.0,0.0,0.9202357,0.41621837,0.23191184,0.0004714754,32
666,2018-06-27,-44.09612069017406,-20.098599839717068,-0.0,-32.0,-20.0,0.8369649,0.59542996,0.22777635,0.00024879372,32
674,2018-06-27,-44.15803101393363,-20.068026433437065,-0.0,-60.0,40.0,0.9488301,0.32394177,0.21363357,0.00017669244,32
687,2018-06-27,-44.095348420023214,-20.095844296661788,-0.0,-26.0,-12.0,0.9264778,0.39259818,0.2429174,0.0003334301,32
689,2018-06-27,-44.094704861564175,-20.102273897124107,-0.0,-40.0,-24.0,0.8999888,0.45509607,0.22149613,0.00017279296,32
699,2018-06-27,-44.09277418618706,-20.092957537270543,-0.0,-60.0,-36.0,0.8248223,0.62379014,0.22112992,0.00010524349,32
704,2018-06-27,-44.16227849976329,-20.07301265420376,-0.0,-60.0,40.0,0.9730441,0.23360339,0.21389751,0.00015998124,32
738,2018-06-27,-44.16137751792064,-20.071044409164276,-0.0,-58.0,40.0,0.9537537,0.30705687,0.21450779,8.5356805e-05,32
743,2018-06-27,-44.095219708331406,-20.10292997880393,-0.0,-34.0,-32.0,0.963839,0.27309382,0.2487394,0.00023321668,32
748,2018-06-27,-44.1672982557438,-20.073799952219552,-0.0,-60.0,40.0,0.9394868,0.35379896,0.2385987,0.00016835134,32
749,2018-06-27,-44.15970426592713,-20.064614808701958,-0.0,-60.0,36.0,0.9923783,0.1236501,0.23288263,0.00010213836,32
753,2018-06-27,-44.09444743818056,-20.09453213330213,-0.0,-30.0,4.0,0.93633944,0.3616963,0.24223724,0.0002814164,32
772,2018-06-27,-44.093546456337904,-20.094400916966165,-0.0,-26.0,12.0,0.9233013,0.3976936,0.23818585,0.00025641994,32
778,2018-06-27,-44.14824892535624,-20.084690908104704,-0.0,-64.0,40.0,0.993268,0.11620175,0.217038,0.000119338845,32
781,2018-06-27,-44.09277418618706,-20.092957537270543,-0.0,-64.0,-40.0,0.9240293,0.3957767,0.23231132,0.00016137642,32
785,2018-06-27,-44.15648647363194,-20.07655549527483,-0.0,-58.0,32.0,0.947436,0.32984012,0.24211547,8.705073e-05,32
795,2018-06-27,-44.09740780709214,-20.10463579117149,-0.0,-30.0,-40.0,0.8850024,0.53440773,0.22723202,0.0001532011,32
800,2018-06-27,-44.1674269674356,-20.07432481756341,-0.0,-60.0,40.0,0.99912155,0.04192622,0.23580386,0.00012518003,32
809,2018-06-27,-44.16163494130425,-20.076817927946763,-0.0,-60.0,40.0,0.9765173,0.21793333,0.2365612,0.00012580244,32
810,2018-06-27,-44.15906070746809,-20.06566453938968,-0.0,-64.0,40.0,0.9807913,0.19675484,0.22297284,0.00012886837,32
812,2018-06-27,-44.09612069017406,-20.10463579117149,-0.0,-32.0,-28.0,0.9810543,0.19555587,0.24058457,0.00018460231,32
815,2018-06-27,-44.09290289787887,-20.09361361895037,-0.0,-34.0,-32.0,0.9477484,0.3269546,0.24155085,0.00027799365,32
817,2018-06-27,-44.15326868133674,-20.081935365049425,-0.0,-60.0,40.0,0.97455287,0.22695863,0.23753211,0.00013418394,32
819,2018-06-27,-44.15391223979578,-20.07025711114848,-0.0,-58.0,40.0,0.96879125,0.251771,0.22422275,0.00012923428,32
826,2018-06-27,-44.09573455509864,-20.100436868420587,-0.0,-40.0,-32.0,0.85571986,0.5583373,0.24542302,0.00029766848,32
839,2018-06-27,-44.1541696631794,-20.07983590367397,-0.0,-60.0,40.0,0.9838538,0.18029623,0.23935002,0.00027133914,32
842,2018-06-27,-44.161892364687866,-20.07708036061869,-0.0,-62.0,36.0,0.98912096,0.14776096,0.22787876,9.263296e-05,32
843,2018-06-27,-44.09715038370853,-20.098731056053037,-0.0,-42.0,-16.0,0.8399253,0.5894708,0.22958055,0.00012341807,32
849,2018-06-27,-44.09689296032491,-20.098862272389,-0.0,-40.0,-16.0,0.8082655,0.64302075,0.23864205,0.00013250821,32
878,2018-06-27,-44.15532806840567,-20.07944225466608,-0.0,-60.0,40.0,0.98164153,0.19241036,0.24028865,0.00024076854,32
879,2018-06-27,-44.15172414103505,-20.083772393752945,-0.0,-62.0,40.0,0.94224805,0.34635422,0.23466736,0.00017846754,32
881,2018-06-27,-44.09727909540033,-20.098731056053037,-0.0,-40.0,-16.0,0.8462761,0.57560474,0.22890337,7.089602e-05,32
902,2018-06-27,-44.09135835757717,-20.090201994215263,-0.0,-54.0,-32.0,0.9236139,0.3990633,0.23943725,0.00012808619,32
917,2018-06-27,-44.0917444926526,-20.09164537391089,-0.0,-66.0,-28.0,0.8399489,0.58606946,0.23359168,6.524553e-05,32
922,2018-06-27,-44.095863266790445,-20.09702524368548,-0.0,-32.0,-16.0,0.8334973,0.6023138,0.22462654,0.00019463511,32
953,2018-06-27,-44.09715038370853,-20.098862272389,-0.0,-42.0,-12.0,0.81594616,0.6319421,0.22483456,0.00016212075,32
988,2018-06-27,-44.1591894191599,-20.06592697206161,-0.0,-64.0,36.0,0.9466307,0.33186823,0.23593827,9.492854e-05,32
991,2018-06-27,-44.1575161671664,-20.08482212444067,-0.0,-60.0,40.0,0.9994936,0.03182455,0.23950803,0.00027012592,32
1001,2018-06-27,-44.161892364687866,-20.076817927946763,-0.0,-64.0,32.0,0.96615434,0.26191953,0.23441048,8.023096e-05,32
1002,2018-06-27,-44.09444743818056,-20.09492578231003,-0.0,-34.0,-32.0,1.0,0.00039513933,0.22878867,0.00025367626,32
1010,2018-06-27,-44.15365481641216,-20.083509961081013,-0.0,-62.0,40.0,0.99335134,0.11545927,0.23778822,0.00019389139,32
1020,2018-06-27,-44.16292205822233,-20.072094139852,-0.0,-60.0,40.0,0.91512394,0.41756633,0.24028625,0.0001782693,32
1034,2018-06-27,-44.16202107637967,-20.07721157695466,-0.0,-60.0,40.0,0.981273,0.1944176,0.24814238,0.00010865971,32
1040,2018-06-27,-44.161892364687866,-20.07721157695466,-0.0,-60.0,40.0,0.96591824,0.26365894,0.2468073,0.00010343269,32
1050,2018-06-27,-44.09457614987237,-20.102405113460076,-0.0,-38.0,-36.0,0.93953866,0.35215226,0.24512702,0.00030498733,32
1070,2018-06-27,-44.1575161671664,-20.08482212444067,-0.0,-60.0,36.0,0.96219236,0.28010356,0.23884472,0.00017387042,32
1072,2018-06-27,-44.0917444926526,-20.09164537391089,-0.0,-64.0,-36.0,0.91248626,0.42968604,0.23979232,7.8801335e-05,32
1076,2018-06-27,-44.15880328408448,-20.06592697206161,-0.0,-60.0,40.0,0.93656856,0.36525702,0.23667216,7.3392395e-05,32
1079,2018-06-27,-44.15391223979578,-20.07025711114848,-0.0,-60.0,40.0,0.9695847,0.24850449,0.24799877,9.992429e-05,32
1091,2018-06-27,-44.158417149009054,-20.0850845571126,-0.0,-58.0,36.0,0.8887288,0.4815745,0.24550791,0.00012143039,32
1092,2018-06-27,-44.1509518708842,-20.07432481756341,-0.0,-64.0,40.0,0.87775964,0.53542435,0.2352003,0.00030330935,32
1099,2018-06-27,-44.093546456337904,-20.09361361895037,-0.0,-52.0,-36.0,0.8961929,0.46807668,0.23183072,0.00010412827,32
1102,2018-06-27,-44.16292205822233,-20.072094139852,-0.0,-60.0,40.0,0.91454065,0.42063314,0.23443252,0.00013330363,32
1108,2018-06-27,-44.14734794351358,-20.07878617298625,-0.0,-60.0,40.0,0.99970615,0.02424301,0.23583807,8.263391e-05,32
1117,2018-06-27,-44.16768439081922,-20.071831707180067,-0.0,-58.0,36.0,0.981466,0.19336696,0.22862582,0.0001814576,32
1127,2018-06-27,-44.09264547449525,-20.09308875360651,-0.0,-62.0,-40.0,0.8971481,0.47378388,0.23896502,0.00011133063,32
1146,2018-06-27,-44.16034782438617,-20.068813731452856,-0.0,-56.0,40.0,0.9864666,0.1649596,0.24976282,0.00036398857,32
1153,2018-06-27,-44.150050889041545,-20.0858718551284,-0.0,-62.0,36.0,0.99220043,0.1250837,0.2397805,0.00020716414,32
1155,2018-06-27,-44.09444743818056,-20.102011464452172,-0.0,-34.0,-40.0,0.92435986,0.39511356,0.23405898,0.00023943702,32
1159,2018-06-27,-44.093546456337904,-20.09400726795827,-0.0,-28.0,0.0,0.9480586,0.3266401,0.24105251,0.00034425358,32
1163,2018-06-27,-44.09766523047576,-20.105029440179383,-0.0,-28.0,-40.0,0.9311042,0.37839893,0.24166062,0.0001920892,32
1174,2018-06-27,-44.095219708331406,-20.102011464452172,-0.0,-36.0,-40.0,0.9113488,0.42841828,0.24216647,0.00012990848,32
1181,2018-06-27,-44.09161578096079,-20.093219969942474,-0.0,-28.0,-8.0,0.8859077,0.49635297,0.23633368,0.00021885987,32
1189,2018-06-27,-44.09715038370853,-20.098731056053037,-0.0,-42.0,-16.0,0.8359385,0.6007249,0.24258535,0.00012660914,32
1191,2018-06-27,-44.095219708331406,-20.095844296661788,-0.0,-28.0,-12.0,0.8651284,0.5359111,0.24847127,0.00020080352,32
1197,2018-06-27,-44.16214978807148,-20.07616184626693,-0.0,-60.0,40.0,0.9665673,0.26143262,0.24416661,0.00011817686,32
1204,2018-06-27,-44.093546456337904,-20.094400916966165,-0.0,-26.0,0.0,0.93913746,0.35383812,0.24792047,0.0003644777,32
1217,2018-06-27,-44.16202107637967,-20.074718466571312,-0.0,-58.0,40.0,0.9690986,0.2505538,0.24575986,9.5118936e-05,32
1231,2018-06-27,-44.14992217734974,-20.08692158581612,-0.0,-60.0,32.0,0.9371452,0.3654364,0.24572617,0.00011899009,32
1247,2018-06-27,-44.094704861564175,-20.094663349638097,-0.0,-30.0,-12.0,0.9238721,0.39515322,0.2348293,0.00022071703,32
1251,2018-06-27,-44.09251676280344,-20.093219969942474,-0.0,-48.0,-36.0,0.89386845,0.4703759,0.24224225,0.00015514281,32
1256,2018-06-27,-44.09483357325598,-20.093219969942474,-0.0,-52.0,-40.0,0.86129993,0.54238904,0.24783906,0.0001059604,32
1259,2018-06-27,-44.16227849976329,-20.072881437867792,-0.0,-60.0,40.0,0.9829678,0.18534474,0.24443871,0.00014352797,32
1260,2018-06-27,-44.15481322163844,-20.071044409164276,-0.0,-60.0,32.0,0.9734008,0.23258153,0.23211527,0.00010914595,32
1289,2018-06-27,-44.1541696631794,-20.07983590367397,-0.0,-60.0,40.0,0.9900696,0.14119089,0.24933314,0.00012980548,32
1290,2018-06-27,-44.095219708331406,-20.095319431317925,-0.0,-28.0,-4.0,0.9366193,0.3611681,0.23686811,0.0001664893,32
1291,2018-06-27,-44.094704861564175,-20.09361361895037,-0.0,-54.0,-40.0,0.8996914,0.4565308,0.2475767,0.00012423437,32
1292,2018-06-27,-44.09303160957067,-20.09335118627844,-0.0,-52.0,-36.0,0.9403788,0.35013777,0.23605238,0.00015071555,32
1305,2018-06-27,-44.09715038370853,-20.098862272389,-0.0,-42.0,-8.0,0.83434314,0.59625983,0.23497155,0.00011737869,32
1313,2018-06-27,-44.1558429151729,-20.07340630321165,-0.0,-60.0,40.0,0.9211648,0.4038228,0.23622842,0.00013031399,32
1329,2018-06-27,-44.1509518708842,-20.07445603389938,-0.0,-62.0,40.0,0.91050994,0.4318001,0.2425376,0.00029912443,32
25,2018-07-09,-44.177981326163845,-20.065402106717748,-0.0,-62.0,36.0,0.9934322,0.114803776,0.12596866,0.00017885656,32
36,2018-07-09,-44.161892364687866,-20.07708036061869,-0.0,-62.0,40.0,0.9895274,0.14510763,0.16019304,0.00016061729,32
49,2018-07-09,-44.158288437317246,-20.066320621069508,-0.0,-60.0,36.0,0.9677011,0.25603223,0.16889001,0.00021117146,32
51,2018-07-09,-44.1575161671664,-20.08482212444067,-0.0,-60.0,40.0,0.99133533,0.13187632,0.15246536,0.00031897012,32
55,2018-07-09,-44.15597162686471,-20.07904860565818,-0.0,-58.0,40.0,0.99169916,0.12906517,0.17269787,0.00030624378,32
58,2018-07-09,-44.1591894191599,-20.06592697206161,-0.0,-64.0,40.0,0.9866735,0.1637098,0.16357863,0.00016910466,32
60,2018-07-09,-44.158417149009054,-20.066714270077405,-0.0,-60.0,32.0,0.9606683,0.28429142,0.16295098,0.00027915908,32
70,2018-07-09,-44.15558549178928,-20.073143870539724,-0.0,-58.0,40.0,0.98207843,0.1903084,0.16551217,0.00015617402,32
72,2018-07-09,-44.161892364687866,-20.076817927946763,-0.0,-60.0,40.0,0.98664135,0.16406055,0.17289028,0.00018321899,32
77,2018-07-09,-44.15558549178928,-20.073143870539724,-0.0,-60.0,40.0,0.9936751,0.11267752,0.17115304,0.0002308823,32
78,2018-07-09,-44.16176365299606,-20.07708036061869,-0.0,-62.0,40.0,0.98854494,0.15176974,0.17172363,0.0001721688,32
79,2018-07-09,-44.177981326163845,-20.065533323053717,-0.0,-62.0,36.0,0.9964764,0.08401511,0.16623512,0.00018862613,32
86,2018-07-09,-44.157130032090976,-20.07235657252393,-0.0,-60.0,36.0,0.99061596,0.13728343,0.15821503,0.00026863083,32
87,2018-07-09,-44.15365481641216,-20.08364117741698,-0.0,-62.0,40.0,0.9950991,0.0991742,0.17583664,0.00029401673,32
92,2018-07-09,-44.15365481641216,-20.08364117741698,-0.0,-62.0,40.0,0.99385124,0.11107637,0.1650057,0.00031562397,32
101,2018-07-09,-44.157130032090976,-20.07235657252393,-0.0,-60.0,36.0,0.98830754,0.15364271,0.16259168,0.0002030594,32
102,2018-07-09,-44.1575161671664,-20.08482212444067,-0.0,-60.0,36.0,0.9933006,0.11592739,0.16052273,0.0002825142,32
106,2018-07-09,-44.158288437317246,-20.066320621069508,-0.0,-60.0,40.0,0.96672195,0.260466,0.17711703,0.00022746764,32
107,2018-07-09,-44.150050889041545,-20.0858718551284,-0.0,-62.0,32.0,0.9972439,0.07430704,0.17113066,0.00025208955,32
108,2018-07-09,-44.095348420023214,-20.095581863989857,-0.0,-26.0,-4.0,0.9112881,0.43588206,0.17609175,0.00035253962,32
109,2018-07-09,-44.15815972562544,-20.068026433437065,-0.0,-60.0,40.0,0.92887574,0.38277623,0.18616179,0.00031713524,32
111,2018-07-09,-44.15558549178928,-20.073143870539724,-0.0,-58.0,40.0,0.9956475,0.093374655,0.16038811,0.00014709214,32
116,2018-07-09,-44.15597162686471,-20.07904860565818,-0.0,-60.0,40.0,0.98307085,0.18469657,0.19299243,0.00018906631,32
120,2018-07-09,-44.15442708656301,-20.0717004908441,-0.0,-60.0,40.0,0.98103976,0.19561706,0.18038051,0.0002138021,32
122,2018-07-09,-44.177981326163845,-20.065402106717748,-0.0,-62.0,36.0,0.9920553,0.12631515,0.16516092,0.00013893403,32
124,2018-07-09,-44.16768439081922,-20.071831707180067,-0.0,-58.0,40.0,0.9844347,0.17712511,0.16961817,0.00019569618,32
125,2018-07-09,-44.09316032126248,-20.103192411475867,-0.0,-30.0,-28.0,0.9221537,0.4055343,0.18537693,0.00026284982,32
135,2018-07-09,-44.1575161671664,-20.08482212444067,-0.0,-60.0,40.0,0.9926844,0.12122337,0.17335667,0.00032299763,32
166,2018-07-09,-44.16227849976329,-20.07301265420376,-0.0,-60.0,40.0,0.9948693,0.10141454,0.17611928,0.0002781563,32
169,2018-07-09,-44.15906070746809,-20.06592697206161,-0.0,-62.0,36.0,0.96458185,0.26856968,0.1896261,7.7959645e-05,32
183,2018-07-09,-44.161892364687866,-20.07721157695466,-0.0,-60.0,40.0,0.98572654,0.16954353,0.20472775,0.00016644613,32
184,2018-07-09,-44.14914990719889,-20.083509961081013,-0.0,-62.0,24.0,0.92275953,0.39962417,0.18632154,0.00019650752,32
192,2018-07-09,-44.15558549178928,-20.073143870539724,-0.0,-58.0,36.0,0.96856844,0.2538515,0.20102504,0.00022607588,32
208,2018-07-09,-44.09547713171502,-20.096631594677586,-0.0,-16.0,-28.0,0.8838611,0.4968438,0.19951294,0.00028506762,32
209,2018-07-09,-44.09573455509864,-20.104242142163592,-0.0,-30.0,-32.0,0.99192834,0.12720996,0.20155519,0.00028709535,32
211,2018-07-09,-44.14824892535624,-20.08482212444067,-0.0,-62.0,36.0,0.97233886,0.23678724,0.1985304,0.00017741922,32
227,2018-07-09,-44.15172414103505,-20.083772393752945,-0.0,-62.0,40.0,0.9442581,0.34013498,0.17343715,0.00015305412,32
230,2018-07-09,-44.1558429151729,-20.078654956650283,-0.0,-58.0,40.0,0.99377,0.11183355,0.20406978,0.00019458176,32
234,2018-07-09,-44.09496228494779,-20.095319431317925,-0.0,-30.0,-20.0,0.933926,0.3708147,0.21000704,0.00035274707,32
235,2018-07-09,-44.1672982557438,-20.07393116855552,-0.0,-60.0,40.0,0.94888365,0.32600248,0.19429739,0.00019437468,32
250,2018-07-09,-44.1558429151729,-20.071831707180067,-0.0,-58.0,36.0,0.9687802,0.25208294,0.20764968,0.00012654542,32
262,2018-07-09,-44.15558549178928,-20.073143870539724,-0.0,-60.0,40.0,0.9888833,0.14947388,0.214402,0.00019721958,32
279,2018-07-09,-44.15378352810397,-20.08390361008891,-0.0,-62.0,40.0,0.9593733,0.28800502,0.1987492,0.00014123438,32
292,2018-07-09,-44.09277418618706,-20.09308875360651,-0.0,-62.0,-40.0,0.94386774,0.3385104,0.2108965,0.00015072811,32
294,2018-07-09,-44.150050889041545,-20.0858718551284,-0.0,-62.0,40.0,0.99573416,0.09243322,0.20145847,0.00022659368,32
297,2018-07-09,-44.1509518708842,-20.07445603389938,-0.0,-62.0,40.0,0.91531914,0.42315394,0.18903947,0.000473964,32
298,2018-07-09,-44.09573455509864,-20.104110925827623,-0.0,-32.0,-32.0,0.9713802,0.24072301,0.20770803,0.00019924583,32
302,2018-07-09,-44.1509518708842,-20.07445603389938,-0.0,-64.0,40.0,0.9010573,0.46399283,0.19030711,0.00030566705,32
307,2018-07-09,-44.15558549178928,-20.073143870539724,-0.0,-60.0,36.0,0.94426954,0.33953795,0.21462357,0.0001921205,32
322,2018-07-09,-44.16150622961244,-20.065533323053717,-0.0,-58.0,32.0,0.9559043,0.30019727,0.20587029,0.00021429466,32
326,2018-07-09,-44.158417149009054,-20.066714270077405,-0.0,-60.0,28.0,0.92922074,0.38275728,0.21405818,0.00021434038,32
334,2018-07-09,-44.14824892535624,-20.08482212444067,-0.0,-64.0,36.0,0.9591197,0.28854805,0.20624818,0.00011566065,32
341,2018-07-09,-44.093417744646096,-20.094138484294238,-0.0,-30.0,0.0,0.9271192,0.38806647,0.20293237,0.00020528595,32
342,2018-07-09,-44.09573455509864,-20.104110925827623,-0.0,-28.0,-32.0,0.967172,0.2586741,0.21095438,0.00017666417,32
343,2018-07-09,-44.094704861564175,-20.094663349638097,-0.0,-30.0,-12.0,0.9320163,0.37439924,0.20520887,0.00024680147,32
350,2018-07-09,-44.15494193333024,-20.07143805817217,-0.0,-60.0,32.0,0.9771433,0.21485306,0.2082436,0.000101412086,32
351,2018-07-09,-44.15365481641216,-20.083509961081013,-0.0,-62.0,40.0,0.99176425,0.12863493,0.1975397,0.00024892512,32
354,2018-07-09,-44.095219708331406,-20.10188024811621,-0.0,-34.0,-40.0,0.85031635,0.56276417,0.19688289,0.0001462547,32
355,2018-07-09,-44.14721923182177,-20.07944225466608,-0.0,-62.0,40.0,0.9097379,0.4362786,0.20008743,0.0001692326,32
358,2018-07-09,-44.161892364687866,-20.076817927946763,-0.0,-60.0,40.0,0.97885114,0.2066355,0.2046915,0.00012147129,32
365,2018-07-09,-44.09483357325598,-20.095975512997757,-0.0,-16.0,-16.0,0.87048537,0.5251366,0.2145026,0.00022786683,32
371,2018-07-09,-44.16150622961244,-20.065533323053717,-0.0,-58.0,36.0,0.96249855,0.27732918,0.21806788,0.00021408769,32
372,2018-07-09,-44.156615185323744,-20.07235657252393,-0.0,-60.0,40.0,0.98747224,0.15874347,0.22571152,0.00016332245,32
376,2018-07-09,-44.177981326163845,-20.065533323053717,-0.0,-64.0,40.0,0.98931545,0.14667082,0.2060611,0.0001226925,32
428,2018-07-09,-44.095348420023214,-20.099255921396896,-0.0,-34.0,-20.0,0.8599175,0.5520587,0.21099286,0.00021701,32
445,2018-07-09,-44.15030831242516,-20.084690908104704,-0.0,-62.0,40.0,0.9537714,0.31028697,0.19998807,0.00011961138,32
451,2018-07-09,-44.095348420023214,-20.09269510459861,-0.0,-50.0,-32.0,0.89500684,0.4699368,0.21193483,0.000103801125,32
452,2018-07-09,-44.1624072114551,-20.06658305374144,-0.0,-60.0,36.0,0.99999905,0.0013166264,0.18705474,0.00012239197,32
454,2018-07-09,-44.161892364687866,-20.07721157695466,-0.0,-60.0,40.0,0.98762494,0.15781839,0.21329112,0.000108521395,32
462,2018-07-09,-44.1492786188907,-20.083772393752945,-0.0,-62.0,36.0,0.9009371,0.45448023,0.21690197,0.00015435196,32
468,2018-07-09,-44.16768439081922,-20.071831707180067,-0.0,-58.0,40.0,0.99912137,0.041926306,0.1979922,0.00025140448,32
469,2018-07-09,-44.156615185323744,-20.07235657252393,-0.0,-62.0,40.0,0.9884701,0.15216252,0.21888806,0.00014295946,32
475,2018-07-09,-44.16150622961244,-20.06684548641337,-0.0,-60.0,40.0,0.9333956,0.37320685,0.20200405,0.00019318266,32
480,2018-07-09,-44.09573455509864,-20.10437335849956,-0.0,-30.0,-28.0,0.97603565,0.21994607,0.22386426,0.00023246644,32
489,2018-07-09,-44.15378352810397,-20.0854782061205,-0.0,-60.0,36.0,0.98614484,0.16707681,0.22113495,0.00015665224,32
498,2018-07-09,-44.16202107637967,-20.07760522596256,-0.0,-60.0,40.0,0.9739393,0.22963941,0.22176117,0.00018630472,32
515,2018-07-09,-44.177981326163845,-20.065533323053717,-0.0,-62.0,40.0,0.99098617,0.13457483,0.22828959,0.00014239682,32
517,2018-07-09,-44.16137751792064,-20.071044409164276,-0.0,-58.0,40.0,0.9873319,0.16011351,0.20574138,0.000113239825,32
518,2018-07-09,-44.16202107637967,-20.07760522596256,-0.0,-60.0,36.0,0.9819957,0.19045453,0.2204059,0.00024409748,32
520,2018-07-09,-44.14992217734974,-20.08692158581612,-0.0,-60.0,32.0,0.9329311,0.37142602,0.22161011,0.00016959709,32
533,2018-07-09,-44.093546456337904,-20.09361361895037,-0.0,-54.0,-36.0,0.92416435,0.39691073,0.22529994,0.00012681105,32
538,2018-07-09,-44.15468450994663,-20.07904860565818,-0.0,-60.0,40.0,0.9603823,0.28433818,0.2098461,7.573011e-05,32
547,2018-07-09,-44.1509518708842,-20.07432481756341,-0.0,-62.0,40.0,0.90768754,0.43956012,0.21304497,0.00048326713,32
551,2018-07-09,-44.09431872648875,-20.09361361895037,-0.0,-60.0,-40.0,0.9269395,0.38688326,0.22368047,8.363042e-05,32
573,2018-07-09,-44.09715038370853,-20.10437335849956,-0.0,-26.0,-40.0,0.981993,0.19041304,0.21994461,0.00020242653,32
591,2018-07-09,-44.09637811355768,-20.10476700750745,-0.0,-28.0,-28.0,0.88030064,0.50150853,0.24380408,0.00016093155,32
595,2018-07-09,-44.09277418618706,-20.09308875360651,-0.0,-60.0,-36.0,0.9506957,0.31798822,0.22435091,0.00015162292,32
597,2018-07-09,-44.094704861564175,-20.09361361895037,-0.0,-56.0,-40.0,0.9236856,0.39662957,0.221461,0.00016114896,32
617,2018-07-09,-44.095348420023214,-20.095581863989857,-0.0,-28.0,-12.0,0.91071886,0.43331236,0.20454994,0.00030632524,32
621,2018-07-09,-44.095348420023214,-20.095581863989857,-0.0,-30.0,-16.0,0.919275,0.40785578,0.221529,0.00037647443,32
631,2018-07-09,-44.150050889041545,-20.08574063879243,-0.0,-62.0,32.0,0.96217763,0.27867618,0.2173203,0.00012443759,32
632,2018-07-09,-44.158417149009054,-20.066714270077405,-0.0,-62.0,32.0,0.9420799,0.3442246,0.21013477,0.0001555898,32
639,2018-07-09,-44.14721923182177,-20.07944225466608,-0.0,-62.0,40.0,0.9141801,0.42269146,0.23625557,0.00014431524,32
642,2018-07-09,-44.093417744646096,-20.09361361895037,-0.0,-50.0,-32.0,0.95720506,0.29472056,0.22483774,0.00017313514,32
659,2018-07-09,-44.09316032126248,-20.093876051622303,-0.0,-26.0,0.0,0.9202357,0.41621837,0.23191184,0.0004714754,32
666,2018-07-09,-44.09612069017406,-20.098599839717068,-0.0,-32.0,-20.0,0.8369649,0.59542996,0.22777635,0.00024879372,32
674,2018-07-09,-44.15803101393363,-20.068026433437065,-0.0,-60.0,40.0,0.9488301,0.32394177,0.21363357,0.00017669244,32
687,2018-07-09,-44.095348420023214,-20.095844296661788,-0.0,-26.0,-12.0,0.9264778,0.39259818,0.2429174,0.0003334301,32
689,2018-07-09,-44.094704861564175,-20.102273897124107,-0.0,-40.0,-24.0,0.8999888,0.45509607,0.22149613,0.00017279296,32
699,2018-07-09,-44.09277418618706,-20.092957537270543,-0.0,-60.0,-36.0,0.8248223,0.62379014,0.22112992,0.00010524349,32
704,2018-07-09,-44.16227849976329,-20.07301265420376,-0.0,-60.0,40.0,0.9730441,0.23360339,0.21389751,0.00015998124,32
738,2018-07-09,-44.16137751792064,-20.071044409164276,-0.0,-58.0,40.0,0.9537537,0.30705687,0.21450779,8.5356805e-05,32
743,2018-07-09,-44.095219708331406,-20.10292997880393,-0.0,-34.0,-32.0,0.963839,0.27309382,0.2487394,0.00023321668,32
748,2018-07-09,-44.1672982557438,-20.073799952219552,-0.0,-60.0,40.0,0.9394868,0.35379896,0.2385987,0.00016835134,32
749,2018-07-09,-44.15970426592713,-20.064614808701958,-0.0,-60.0,36.0,0.9923783,0.1236501,0.23288263,0.00010213836,32
753,2018-07-09,-44.09444743818056,-20.09453213330213,-0.0,-30.0,4.0,0.93633944,0.3616963,0.24223724,0.0002814164,32
772,2018-07-09,-44.093546456337904,-20.094400916966165,-0.0,-26.0,12.0,0.9233013,0.3976936,0.23818585,0.00025641994,32
778,2018-07-09,-44.14824892535624,-20.084690908104704,-0.0,-64.0,40.0,0.993268,0.11620175,0.217038,0.000119338845,32
781,2018-07-09,-44.09277418618706,-20.092957537270543,-0.0,-64.0,-40.0,0.9240293,0.3957767,0.23231132,0.00016137642,32
785,2018-07-09,-44.15648647363194,-20.07655549527483,-0.0,-58.0,32.0,0.947436,0.32984012,0.24211547,8.705073e-05,32
795,2018-07-09,-44.09740780709214,-20.10463579117149,-0.0,-30.0,-40.0,0.8850024,0.53440773,0.22723202,0.0001532011,32
800,2018-07-09,-44.1674269674356,-20.07432481756341,-0.0,-60.0,40.0,0.99912155,0.04192622,0.23580386,0.00012518003,32
809,2018-07-09,-44.16163494130425,-20.076817927946763,-0.0,-60.0,40.0,0.9765173,0.21793333,0.2365612,0.00012580244,32
810,2018-07-09,-44.15906070746809,-20.06566453938968,-0.0,-64.0,40.0,0.9807913,0.19675484,0.22297284,0.00012886837,32
812,2018-07-09,-44.09612069017406,-20.10463579117149,-0.0,-32.0,-28.0,0.9810543,0.19555587,0.24058457,0.00018460231,32
815,2018-07-09,-44.09290289787887,-20.09361361895037,-0.0,-34.0,-32.0,0.9477484,0.3269546,0.24155085,0.00027799365,32
817,2018-07-09,-44.15326868133674,-20.081935365049425,-0.0,-60.0,40.0,0.97455287,0.22695863,0.23753211,0.00013418394,32
819,2018-07-09,-44.15391223979578,-20.07025711114848,-0.0,-58.0,40.0,0.96879125,0.251771,0.22422275,0.00012923428,32
826,2018-07-09,-44.09573455509864,-20.100436868420587,-0.0,-40.0,-32.0,0.85571986,0.5583373,0.24542302,0.00029766848,32
839,2018-07-09,-44.1541696631794,-20.07983590367397,-0.0,-60.0,40.0,0.9838538,0.18029623,0.23935002,0.00027133914,32
842,2018-07-09,-44.161892364687866,-20.07708036061869,-0.0,-62.0,36.0,0.98912096,0.14776096,0.22787876,9.263296e-05,32
843,2018-07-09,-44.09715038370853,-20.098731056053037,-0.0,-42.0,-16.0,0.8399253,0.5894708,0.22958055,0.00012341807,32
849,2018-07-09,-44.09689296032491,-20.098862272389,-0.0,-40.0,-16.0,0.8082655,0.64302075,0.23864205,0.00013250821,32
878,2018-07-09,-44.15532806840567,-20.07944225466608,-0.0,-60.0,40.0,0.98164153,0.19241036,0.24028865,0.00024076854,32
879,2018-07-09,-44.15172414103505,-20.083772393752945,-0.0,-62.0,40.0,0.94224805,0.34635422,0.23466736,0.00017846754,32
881,2018-07-09,-44.09727909540033,-20.098731056053037,-0.0,-40.0,-16.0,0.8462761,0.57560474,0.22890337,7.089602e-05,32
902,2018-07-09,-44.09135835757717,-20.090201994215263,-0.0,-54.0,-32.0,0.9236139,0.3990633,0.23943725,0.00012808619,32
917,2018-07-09,-44.0917444926526,-20.09164537391089,-0.0,-66.0,-28.0,0.8399489,0.58606946,0.23359168,6.524553e-05,32
922,2018-07-09,-44.095863266790445,-20.09702524368548,-0.0,-32.0,-16.0,0.8334973,0.6023138,0.22462654,0.00019463511,32
953,2018-07-09,-44.09715038370853,-20.098862272389,-0.0,-42.0,-12.0,0.81594616,0.6319421,0.22483456,0.00016212075,32
988,2018-07-09,-44.1591894191599,-20.06592697206161,-0.0,-64.0,36.0,0.9466307,0.33186823,0.23593827,9.492854e-05,32
991,2018-07-09,-44.1575161671664,-20.08482212444067,-0.0,-60.0,40.0,0.9994936,0.03182455,0.23950803,0.00027012592,32
1001,2018-07-09,-44.161892364687866,-20.076817927946763,-0.0,-64.0,32.0,0.96615434,0.26191953,0.23441048,8.023096e-05,32
1002,2018-07-09,-44.09444743818056,-20.09492578231003,-0.0,-34.0,-32.0,1.0,0.00039513933,0.22878867,0.00025367626,32
1010,2018-07-09,-44.15365481641216,-20.083509961081013,-0.0,-62.0,40.0,0.99335134,0.11545927,0.23778822,0.00019389139,32
1020,2018-07-09,-44.16292205822233,-20.072094139852,-0.0,-60.0,40.0,0.91512394,0.41756633,0.24028625,0.0001782693,32
1034,2018-07-09,-44.16202107637967,-20.07721157695466,-0.0,-60.0,40.0,0.981273,0.1944176,0.24814238,0.00010865971,32
1040,2018-07-09,-44.161892364687866,-20.07721157695466,-0.0,-60.0,40.0,0.96591824,0.26365894,0.2468073,0.00010343269,32
1050,2018-07-09,-44.09457614987237,-20.102405113460076,-0.0,-38.0,-36.0,0.93953866,0.35215226,0.24512702,0.00030498733,32
1070,2018-07-09,-44.1575161671664,-20.08482212444067,-0.0,-60.0,36.0,0.96219236,0.28010356,0.23884472,0.00017387042,32
1072,2018-07-09,-44.0917444926526,-20.09164537391089,-0.0,-64.0,-36.0,0.91248626,0.42968604,0.23979232,7.8801335e-05,32
1076,2018-07-09,-44.15880328408448,-20.06592697206161,-0.0,-60.0,40.0,0.93656856,0.36525702,0.23667216,7.3392395e-05,32
1079,2018-07-09,-44.15391223979578,-20.07025711114848,-0.0,-60.0,40.0,0.9695847,0.24850449,0.24799877,9.992429e-05,32
1091,2018-07-09,-44.158417149009054,-20.0850845571126,-0.0,-58.0,36.0,0.8887288,0.4815745,0.24550791,0.00012143039,32
1092,2018-07-09,-44.1509518708842,-20.07432481756341,-0.0,-64.0,40.0,0.87775964,0.53542435,0.2352003,0.00030330935,32
1099,2018-07-09,-44.093546456337904,-20.09361361895037,-0.0,-52.0,-36.0,0.8961929,0.46807668,0.23183072,0.00010412827,32
1102,2018-07-09,-44.16292205822233,-20.072094139852,-0.0,-60.0,40.0,0.91454065,0.42063314,0.23443252,0.00013330363,32
1108,2018-07-09,-44.14734794351358,-20.07878617298625,-0.0,-60.0,40.0,0.99970615,0.02424301,0.23583807,8.263391e-05,32
1117,2018-07-09,-44.16768439081922,-20.071831707180067,-0.0,-58.0,36.0,0.981466,0.19336696,0.22862582,0.0001814576,32
1127,2018-07-09,-44.09264547449525,-20.09308875360651,-0.0,-62.0,-40.0,0.8971481,0.47378388,0.23896502,0.00011133063,32
1146,2018-07-09,-44.16034782438617,-20.068813731452856,-0.0,-56.0,40.0,0.9864666,0.1649596,0.24976282,0.00036398857,32
1153,2018-07-09,-44.150050889041545,-20.0858718551284,-0.0,-62.0,36.0,0.99220043,0.1250837,0.2397805,0.00020716414,32
1155,2018-07-09,-44.09444743818056,-20.102011464452172,-0.0,-34.0,-40.0,0.92435986,0.39511356,0.23405898,0.00023943702,32
1159,2018-07-09,-44.093546456337904,-20.09400726795827,-0.0,-28.0,0.0,0.9480586,0.3266401,0.24105251,0.00034425358,32
1163,2018-07-09,-44.09766523047576,-20.105029440179383,-0.0,-28.0,-40.0,0.9311042,0.37839893,0.24166062,0.0001920892,32
1174,2018-07-09,-44.095219708331406,-20.102011464452172,-0.0,-36.0,-40.0,0.9113488,0.42841828,0.24216647,0.00012990848,32
1181,2018-07-09,-44.09161578096079,-20.093219969942474,-0.0,-28.0,-8.0,0.8859077,0.49635297,0.23633368,0.00021885987,32
1189,2018-07-09,-44.09715038370853,-20.098731056053037,-0.0,-42.0,-16.0,0.8359385,0.6007249,0.24258535,0.00012660914,32
1191,2018-07-09,-44.095219708331406,-20.095844296661788,-0.0,-28.0,-12.0,0.8651284,0.5359111,0.24847127,0.00020080352,32
1197,2018-07-09,-44.16214978807148,-20.07616184626693,-0.0,-60.0,40.0,0.9665673,0.26143262,0.24416661,0.00011817686,32
1204,2018-07-09,-44.093546456337904,-20.094400916966165,-0.0,-26.0,0.0,0.93913746,0.35383812,0.24792047,0.0003644777,32
1217,2018-07-09,-44.16202107637967,-20.074718466571312,-0.0,-58.0,40.0,0.9690986,0.2505538,0.24575986,9.5118936e-05,32
1231,2018-07-09,-44.14992217734974,-20.08692158581612,-0.0,-60.0,32.0,0.9371452,0.3654364,0.24572617,0.00011899009,32
1247,2018-07-09,-44.094704861564175,-20.094663349638097,-0.0,-30.0,-12.0,0.9238721,0.39515322,0.2348293,0.00022071703,32
1251,2018-07-09,-44.09251676280344,-20.093219969942474,-0.0,-48.0,-36.0,0.89386845,0.4703759,0.24224225,0.00015514281,32
1256,2018-07-09,-44.09483357325598,-20.093219969942474,-0.0,-52.0,-40.0,0.86129993,0.54238904,0.24783906,0.0001059604,32
1259,2018-07-09,-44.16227849976329,-20.072881437867792,-0.0,-60.0,40.0,0.9829678,0.18534474,0.24443871,0.00014352797,32
1260,2018-07-09,-44.15481322163844,-20.071044409164276,-0.0,-60.0,32.0,0.9734008,0.23258153,0.23211527,0.00010914595,32
1289,2018-07-09,-44.1541696631794,-20.07983590367397,-0.0,-60.0,40.0,0.9900696,0.14119089,0.24933314,0.00012980548,32
1290,2018-07-09,-44.095219708331406,-20.095319431317925,-0.0,-28.0,-4.0,0.9366193,0.3611681,0.23686811,0.0001664893,32
1291,2018-07-09,-44.094704861564175,-20.09361361895037,-0.0,-54.0,-40.0,0.8996914,0.4565308,0.2475767,0.00012423437,32
1292,2018-07-09,-44.09303160957067,-20.09335118627844,-0.0,-52.0,-36.0,0.9403788,0.35013777,0.23605238,0.00015071555,32
1305,2018-07-09,-44.09715038370853,-20.098862272389,-0.0,-42.0,-8.0,0.83434314,0.59625983,0.23497155,0.00011737869,32
1313,2018-07-09,-44.1558429151729,-20.07340630321165,-0.0,-60.0,40.0,0.9211648,0.4038228,0.23622842,0.00013031399,32
1329,2018-07-09,-44.1509518708842,-20.07445603389938,-0.0,-62.0,40.0,0.91050994,0.4318001,0.2425376,0.00029912443,32
25,2018-07-21,-44.177981326163845,-20.065402106717748,1.9601958e-15,-62.0,36.0,0.9934322,0.114803776,0.12596866,0.00017885656,32
36,2018-07-21,-44.161892364687866,-20.07708036061869,-9.800979e-16,-62.0,40.0,0.9895274,0.14510763,0.16019304,0.00016061729,32
49,2018-07-21,-44.158288437317246,-20.066320621069508,-1.9601958e-15,-60.0,36.0,0.9677011,0.25603223,0.16889001,0.00021117146,32
51,2018-07-21,-44.1575161671664,-20.08482212444067,1.9601958e-15,-60.0,40.0,0.99133533,0.13187632,0.15246536,0.00031897012,32
55,2018-07-21,-44.15597162686471,-20.07904860565818,1.9601958e-15,-58.0,40.0,0.99169916,0.12906517,0.17269787,0.00030624378,32
58,2018-07-21,-44.1591894191599,-20.06592697206161,-0.0,-64.0,40.0,0.9866735,0.1637098,0.16357863,0.00016910466,32
60,2018-07-21,-44.158417149009054,-20.066714270077405,-0.0,-60.0,32.0,0.9606683,0.28429142,0.16295098,0.00027915908,32
70,2018-07-21,-44.15558549178928,-20.073143870539724,1.9601958e-15,-58.0,40.0,0.98207843,0.1903084,0.16551217,0.00015617402,32
72,2018-07-21,-44.161892364687866,-20.076817927946763,-9.800979e-16,-60.0,40.0,0.98664135,0.16406055,0.17289028,0.00018321899,32
77,2018-07-21,-44.15558549178928,-20.073143870539724,-0.0,-60.0,40.0,0.9936751,0.11267752,0.17115304,0.0002308823,32
78,2018-07-21,-44.16176365299606,-20.07708036061869,-0.0,-62.0,40.0,0.98854494,0.15176974,0.17172363,0.0001721688,32
79,2018-07-21,-44.177981326163845,-20.065533323053717,-0.0,-62.0,36.0,0.9964764,0.08401511,0.16623512,0.00018862613,32
86,2018-07-21,-44.157130032090976,-20.07235657252393,-0.0,-60.0,36.0,0.99061596,0.13728343,0.15821503,0.00026863083,32
87,2018-07-21,-44.15365481641216,-20.08364117741698,1.9601958e-15,-62.0,40.0,0.9950991,0.0991742,0.17583664,0.00029401673,32
92,2018-07-21,-44.15365481641216,-20.08364117741698,-1.9601958e-15,-62.0,40.0,0.99385124,0.11107637,0.1650057,0.00031562397,32
101,2018-07-21,-44.157130032090976,-20.07235657252393,-0.0,-60.0,36.0,0.98830754,0.15364271,0.16259168,0.0002030594,32
102,2018-07-21,-44.1575161671664,-20.08482212444067,-0.0,-60.0,36.0,0.9933006,0.11592739,0.16052273,0.0002825142,32
106,2018-07-21,-44.158288437317246,-20.066320621069508,-1.9601958e-15,-60.0,40.0,0.96672195,0.260466,0.17711703,0.00022746764,32
107,2018-07-21,-44.150050889041545,-20.0858718551284,3.9203916e-15,-62.0,32.0,0.9972439,0.07430704,0.17113066,0.00025208955,32
108,2018-07-21,-44.095348420023214,-20.095581863989857,-0.0,-26.0,-4.0,0.9112881,0.43588206,0.17609175,0.00035253962,32
109,2018-07-21,-44.15815972562544,-20.068026433437065,-0.0,-60.0,40.0,0.92887574,0.38277623,0.18616179,0.00031713524,32
111,2018-07-21,-44.15558549178928,-20.073143870539724,-0.0,-58.0,40.0,0.9956475,0.093374655,0.16038811,0.00014709214,32
116,2018-07-21,-44.15597162686471,-20.07904860565818,-0.0,-60.0,40.0,0.98307085,0.18469657,0.19299243,0.00018906631,32
120,2018-07-21,-44.15442708656301,-20.0717004908441,-2.9402936e-15,-60.0,40.0,0.98103976,0.19561706,0.18038051,0.0002138021,32
122,2018-07-21,-44.177981326163845,-20.065402106717748,-3.9203916e-15,-62.0,36.0,0.9920553,0.12631515,0.16516092,0.00013893403,32
124,2018-07-21,-44.16768439081922,-20.071831707180067,-0.0,-58.0,40.0,0.9844347,0.17712511,0.16961817,0.00019569618,32
125,2018-07-21,-44.09316032126248,-20.103192411475867,9.800979e-16,-30.0,-28.0,0.9221537,0.4055343,0.18537693,0.00026284982,32
135,2018-07-21,-44.1575161671664,-20.08482212444067,-0.0,-60.0,40.0,0.9926844,0.12122337,0.17335667,0.00032299763,32
166,2018-07-21,-44.16227849976329,-20.07301265420376,-0.0,-60.0,40.0,0.9948693,0.10141454,0.17611928,0.0002781563,32
169,2018-07-21,-44.15906070746809,-20.06592697206161,1.9601958e-15,-62.0,36.0,0.96458185,0.26856968,0.1896261,7.7959645e-05,32
183,2018-07-21,-44.161892364687866,-20.07721157695466,1.9601958e-15,-60.0,40.0,0.98572654,0.16954353,0.20472775,0.00016644613,32
184,2018-07-21,-44.14914990719889,-20.083509961081013,3.9203916e-15,-62.0,24.0,0.92275953,0.39962417,0.18632154,0.00019650752,32
192,2018-07-21,-44.15558549178928,-20.073143870539724,-1.9601958e-15,-58.0,36.0,0.96856844,0.2538515,0.20102504,0.00022607588,32
208,2018-07-21,-44.09547713171502,-20.096631594677586,1.9601958e-15,-16.0,-28.0,0.8838611,0.4968438,0.19951294,0.00028506762,32
209,2018-07-21,-44.09573455509864,-20.104242142163592,-9.800979e-16,-30.0,-32.0,0.99192834,0.12720996,0.20155519,0.00028709535,32
211,2018-07-21,-44.14824892535624,-20.08482212444067,3.9203916e-15,-62.0,36.0,0.97233886,0.23678724,0.1985304,0.00017741922,32
227,2018-07-21,-44.15172414103505,-20.083772393752945,1.9601958e-15,-62.0,40.0,0.9442581,0.34013498,0.17343715,0.00015305412,32
230,2018-07-21,-44.1558429151729,-20.078654956650283,-0.0,-58.0,40.0,0.99377,0.11183355,0.20406978,0.00019458176,32
234,2018-07-21,-44.09496228494779,-20.095319431317925,1.9601958e-15,-30.0,-20.0,0.933926,0.3708147,0.21000704,0.00035274707,32
235,2018-07-21,-44.1672982557438,-20.07393116855552,2.9402936e-15,-60.0,40.0,0.94888365,0.32600248,0.19429739,0.00019437468,32
250,2018-07-21,-44.1558429151729,-20.071831707180067,9.800979e-16,-58.0,36.0,0.9687802,0.25208294,0.20764968,0.00012654542,32
262,2018-07-21,-44.15558549178928,-20.073143870539724,-0.0,-60.0,40.0,0.9888833,0.14947388,0.214402,0.00019721958,32
279,2018-07-21,-44.15378352810397,-20.08390361008891,-0.0,-62.0,40.0,0.9593733,0.28800502,0.1987492,0.00014123438,32
292,2018-07-21,-44.09277418618706,-20.09308875360651,-0.0,-62.0,-40.0,0.94386774,0.3385104,0.2108965,0.00015072811,32
294,2018-07-21,-44.150050889041545,-20.0858718551284,-0.0,-62.0,40.0,0.99573416,0.09243322,0.20145847,0.00022659368,32
297,2018-07-21,-44.1509518708842,-20.07445603389938,-1.9601958e-15,-62.0,40.0,0.91531914,0.42315394,0.18903947,0.000473964,32
298,2018-07-21,-44.09573455509864,-20.104110925827623,-0.0,-32.0,-32.0,0.9713802,0.24072301,0.20770803,0.00019924583,32
302,2018-07-21,-44.1509518708842,-20.07445603389938,1.9601958e-15,-64.0,40.0,0.9010573,0.46399283,0.19030711,0.00030566705,32
307,2018-07-21,-44.15558549178928,-20.073143870539724,1.9601958e-15,-60.0,36.0,0.94426954,0.33953795,0.21462357,0.0001921205,32
322,2018-07-21,-44.16150622961244,-20.065533323053717,-0.0,-58.0,32.0,0.9559043,0.30019727,0.20587029,0.00021429466,32
326,2018-07-21,-44.158417149009054,-20.066714270077405,3.9203916e-15,-60.0,28.0,0.92922074,0.38275728,0.21405818,0.00021434038,32
334,2018-07-21,-44.14824892535624,-20.08482212444067,-3.9203916e-15,-64.0,36.0,0.9591197,0.28854805,0.20624818,0.00011566065,32
341,2018-07-21,-44.093417744646096,-20.094138484294238,-0.0,-30.0,0.0,0.9271192,0.38806647,0.20293237,0.00020528595,32
342,2018-07-21,-44.09573455509864,-20.104110925827623,3.9203916e-15,-28.0,-32.0,0.967172,0.2586741,0.21095438,0.00017666417,32
343,2018-07-21,-44.094704861564175,-20.094663349638097,-0.0,-30.0,-12.0,0.9320163,0.37439924,0.20520887,0.00024680147,32
350,2018-07-21,-44.15494193333024,-20.07143805817217,-0.0,-60.0,32.0,0.9771433,0.21485306,0.2082436,0.000101412086,32
351,2018-07-21,-44.15365481641216,-20.083509961081013,1.9601958e-15,-62.0,40.0,0.99176425,0.12863493,0.1975397,0.00024892512,32
354,2018-07-21,-44.095219708331406,-20.10188024811621,4.9004895e-16,-34.0,-40.0,0.85031635,0.56276417,0.19688289,0.0001462547,32
355,2018-07-21,-44.14721923182177,-20.07944225466608,-0.0,-62.0,40.0,0.9097379,0.4362786,0.20008743,0.0001692326,32
358,2018-07-21,-44.161892364687866,-20.076817927946763,-0.0,-60.0,40.0,0.97885114,0.2066355,0.2046915,0.00012147129,32
365,2018-07-21,-44.09483357325598,-20.095975512997757,-0.0,-16.0,-16.0,0.87048537,0.5251366,0.2145026,0.00022786683,32
371,2018-07-21,-44.16150622961244,-20.065533323053717,3.9203916e-15,-58.0,36.0,0.96249855,0.27732918,0.21806788,0.00021408769,32
372,2018-07-21,-44.156615185323744,-20.07235657252393,-1.9601958e-15,-60.0,40.0,0.98747224,0.15874347,0.22571152,0.00016332245,32
376,2018-07-21,-44.177981326163845,-20.065533323053717,-0.0,-64.0,40.0,0.98931545,0.14667082,0.2060611,0.0001226925,32
428,2018-07-21,-44.095348420023214,-20.099255921396896,-0.0,-34.0,-20.0,0.8599175,0.5520587,0.21099286,0.00021701,32
445,2018-07-21,-44.15030831242516,-20.084690908104704,-1.9601958e-15,-62.0,40.0,0.9537714,0.31028697,0.19998807,0.00011961138,32
451,2018-07-21,-44.095348420023214,-20.09269510459861,-1.9601958e-15,-50.0,-32.0,0.89500684,0.4699368,0.21193483,0.000103801125,32
452,2018-07-21,-44.1624072114551,-20.06658305374144,-0.0,-60.0,36.0,0.99999905,0.0013166264,0.18705474,0.00012239197,32
454,2018-07-21,-44.161892364687866,-20.07721157695466,2.9402936e-15,-60.0,40.0,0.98762494,0.15781839,0.21329112,0.000108521395,32
462,2018-07-21,-44.1492786188907,-20.083772393752945,1.9601958e-15,-62.0,36.0,0.9009371,0.45448023,0.21690197,0.00015435196,32
468,2018-07-21,-44.16768439081922,-20.071831707180067,9.800979e-16,-58.0,40.0,0.99912137,0.041926306,0.1979922,0.00025140448,32
469,2018-07-21,-44.156615185323744,-20.07235657252393,-0.0,-62.0,40.0,0.9884701,0.15216252,0.21888806,0.00014295946,32
475,2018-07-21,-44.16150622961244,-20.06684548641337,-9.800979e-16,-60.0,40.0,0.9333956,0.37320685,0.20200405,0.00019318266,32
480,2018-07-21,-44.09573455509864,-20.10437335849956,9.800979e-16,-30.0,-28.0,0.97603565,0.21994607,0.22386426,0.00023246644,32
489,2018-07-21,-44.15378352810397,-20.0854782061205,9.800979e-16,-60.0,36.0,0.98614484,0.16707681,0.22113495,0.00015665224,32
498,2018-07-21,-44.16202107637967,-20.07760522596256,3.9203916e-15,-60.0,40.0,0.9739393,0.22963941,0.22176117,0.00018630472,32
515,2018-07-21,-44.177981326163845,-20.065533323053717,-0.0,-62.0,40.0,0.99098617,0.13457483,0.22828959,0.00014239682,32
517,2018-07-21,-44.16137751792064,-20.071044409164276,1.9601958e-15,-58.0,40.0,0.9873319,0.16011351,0.20574138,0.000113239825,32
518,2018-07-21,-44.16202107637967,-20.07760522596256,-0.0,-60.0,36.0,0.9819957,0.19045453,0.2204059,0.00024409748,32
520,2018-07-21,-44.14992217734974,-20.08692158581612,9.800979e-16,-60.0,32.0,0.9329311,0.37142602,0.22161011,0.00016959709,32
533,2018-07-21,-44.093546456337904,-20.09361361895037,-0.0,-54.0,-36.0,0.92416435,0.39691073,0.22529994,0.00012681105,32
538,2018-07-21,-44.15468450994663,-20.07904860565818,-0.0,-60.0,40.0,0.9603823,0.28433818,0.2098461,7.573011e-05,32
547,2018-07-21,-44.1509518708842,-20.07432481756341,-0.0,-62.0,40.0,0.90768754,0.43956012,0.21304497,0.00048326713,32
551,2018-07-21,-44.09431872648875,-20.09361361895037,-0.0,-60.0,-40.0,0.9269395,0.38688326,0.22368047,8.363042e-05,32
573,2018-07-21,-44.09715038370853,-20.10437335849956,-4.9004895e-16,-26.0,-40.0,0.981993,0.19041304,0.21994461,0.00020242653,32
591,2018-07-21,-44.09637811355768,-20.10476700750745,-0.0,-28.0,-28.0,0.88030064,0.50150853,0.24380408,0.00016093155,32
595,2018-07-21,-44.09277418618706,-20.09308875360651,1.9601958e-15,-60.0,-36.0,0.9506957,0.31798822,0.22435091,0.00015162292,32
597,2018-07-21,-44.094704861564175,-20.09361361895037,-0.0,-56.0,-40.0,0.9236856,0.39662957,0.221461,0.00016114896,32
617,2018-07-21,-44.095348420023214,-20.095581863989857,-0.0,-28.0,-12.0,0.91071886,0.43331236,0.20454994,0.00030632524,32
621,2018-07-21,-44.095348420023214,-20.095581863989857,3.9203916e-15,-30.0,-16.0,0.919275,0.40785578,0.221529,0.00037647443,32
631,2018-07-21,-44.150050889041545,-20.08574063879243,-0.0,-62.0,32.0,0.96217763,0.27867618,0.2173203,0.00012443759,32
632,2018-07-21,-44.158417149009054,-20.066714270077405,-3.9203916e-15,-62.0,32.0,0.9420799,0.3442246,0.21013477,0.0001555898,32
639,2018-07-21,-44.14721923182177,-20.07944225466608,-3.9203916e-15,-62.0,40.0,0.9141801,0.42269146,0.23625557,0.00014431524,32
642,2018-07-21,-44.093417744646096,-20.09361361895037,1.9601958e-15,-50.0,-32.0,0.95720506,0.29472056,0.22483774,0.00017313514,32
659,2018-07-21,-44.09316032126248,-20.093876051622303,-0.0,-26.0,0.0,0.9202357,0.41621837,0.23191184,0.0004714754,32
666,2018-07-21,-44.09612069017406,-20.098599839717068,-1.9601958e-15,-32.0,-20.0,0.8369649,0.59542996,0.22777635,0.00024879372,32
674,2018-07-21,-44.15803101393363,-20.068026433437065,-1.9601958e-15,-60.0,40.0,0.9488301,0.32394177,0.21363357,0.00017669244,32
687,2018-07-21,-44.095348420023214,-20.095844296661788,-0.0,-26.0,-12.0,0.9264778,0.39259818,0.2429174,0.0003334301,32
689,2018-07-21,-44.094704861564175,-20.102273897124107,-0.0,-40.0,-24.0,0.8999888,0.45509607,0.22149613,0.00017279296,32
699,2018-07-21,-44.09277418618706,-20.092957537270543,1.9601958e-15,-60.0,-36.0,0.8248223,0.62379014,0.22112992,0.00010524349,32
704,2018-07-21,-44.16227849976329,-20.07301265420376,2.9402936e-15,-60.0,40.0,0.9730441,0.23360339,0.21389751,0.00015998124,32
738,2018-07-21,-44.16137751792064,-20.071044409164276,-1.9601958e-15,-58.0,40.0,0.9537537,0.30705687,0.21450779,8.5356805e-05,32
743,2018-07-21,-44.095219708331406,-20.10292997880393,1.9601958e-15,-34.0,-32.0,0.963839,0.27309382,0.2487394,0.00023321668,32
748,2018-07-21,-44.1672982557438,-20.073799952219552,-0.0,-60.0,40.0,0.9394868,0.35379896,0.2385987,0.00016835134,32
749,2018-07-21,-44.15970426592713,-20.064614808701958,-0.0,-60.0,36.0,0.9923783,0.1236501,0.23288263,0.00010213836,32
753,2018-07-21,-44.09444743818056,-20.09453213330213,-9.800979e-16,-30.0,4.0,0.93633944,0.3616963,0.24223724,0.0002814164,32
772,2018-07-21,-44.093546456337904,-20.094400916966165,9.800979e-16,-26.0,12.0,0.9233013,0.3976936,0.23818585,0.00025641994,32
778,2018-07-21,-44.14824892535624,-20.084690908104704,-1.9601958e-15,-64.0,40.0,0.993268,0.11620175,0.217038,0.000119338845,32
781,2018-07-21,-44.09277418618706,-20.092957537270543,-0.0,-64.0,-40.0,0.9240293,0.3957767,0.23231132,0.00016137642,32
785,2018-07-21,-44.15648647363194,-20.07655549527483,3.9203916e-15,-58.0,32.0,0.947436,0.32984012,0.24211547,8.705073e-05,32
795,2018-07-21,-44.09740780709214,-20.10463579117149,2.9402936e-15,-30.0,-40.0,0.8850024,0.53440773,0.22723202,0.0001532011,32
800,2018-07-21,-44.1674269674356,-20.07432481756341,9.800979e-16,-60.0,40.0,0.99912155,0.04192622,0.23580386,0.00012518003,32
809,2018-07-21,-44.16163494130425,-20.076817927946763,-0.0,-60.0,40.0,0.9765173,0.21793333,0.2365612,0.00012580244,32
810,2018-07-21,-44.15906070746809,-20.06566453938968,9.800979e-16,-64.0,40.0,0.9807913,0.19675484,0.22297284,0.00012886837,32
812,2018-07-21,-44.09612069017406,-20.10463579117149,9.800979e-16,-32.0,-28.0,0.9810543,0.19555587,0.24058457,0.00018460231,32
815,2018-07-21,-44.09290289787887,-20.09361361895037,1.9601958e-15,-34.0,-32.0,0.9477484,0.3269546,0.24155085,0.00027799365,32
817,2018-07-21,-44.15326868133674,-20.081935365049425,-0.0,-60.0,40.0,0.97455287,0.22695863,0.23753211,0.00013418394,32
819,2018-07-21,-44.15391223979578,-20.07025711114848,-0.0,-58.0,40.0,0.96879125,0.251771,0.22422275,0.00012923428,32
826,2018-07-21,-44.09573455509864,-20.100436868420587,1.9601958e-15,-40.0,-32.0,0.85571986,0.5583373,0.24542302,0.00029766848,32
839,2018-07-21,-44.1541696631794,-20.07983590367397,-0.0,-60.0,40.0,0.9838538,0.18029623,0.23935002,0.00027133914,32
842,2018-07-21,-44.161892364687866,-20.07708036061869,-1.9601958e-15,-62.0,36.0,0.98912096,0.14776096,0.22787876,9.263296e-05,32
843,2018-07-21,-44.09715038370853,-20.098731056053037,-0.0,-42.0,-16.0,0.8399253,0.5894708,0.22958055,0.00012341807,32
849,2018-07-21,-44.09689296032491,-20.098862272389,-0.0,-40.0,-16.0,0.8082655,0.64302075,0.23864205,0.00013250821,32
878,2018-07-21,-44.15532806840567,-20.07944225466608,1.9601958e-15,-60.0,40.0,0.98164153,0.19241036,0.24028865,0.00024076854,32
879,2018-07-21,-44.15172414103505,-20.083772393752945,-5.8805872e-15,-62.0,40.0,0.94224805,0.34635422,0.23466736,0.00017846754,32
881,2018-07-21,-44.09727909540033,-20.098731056053037,-1.9601958e-15,-40.0,-16.0,0.8462761,0.57560474,0.22890337,7.089602e-05,32
902,2018-07-21,-44.09135835757717,-20.090201994215263,-1.9601958e-15,-54.0,-32.0,0.9236139,0.3990633,0.23943725,0.00012808619,32
917,2018-07-21,-44.0917444926526,-20.09164537391089,1.9601958e-15,-66.0,-28.0,0.8399489,0.58606946,0.23359168,6.524553e-05,32
922,2018-07-21,-44.095863266790445,-20.09702524368548,-0.0,-32.0,-16.0,0.8334973,0.6023138,0.22462654,0.00019463511,32
953,2018-07-21,-44.09715038370853,-20.098862272389,-0.0,-42.0,-12.0,0.81594616,0.6319421,0.22483456,0.00016212075,32
988,2018-07-21,-44.1591894191599,-20.06592697206161,1.9601958e-15,-64.0,36.0,0.9466307,0.33186823,0.23593827,9.492854e-05,32
991,2018-07-21,-44.1575161671664,-20.08482212444067,-9.800979e-16,-60.0,40.0,0.9994936,0.03182455,0.23950803,0.00027012592,32
1001,2018-07-21,-44.161892364687866,-20.076817927946763,-1.9601958e-15,-64.0,32.0,0.96615434,0.26191953,0.23441048,8.023096e-05,32
1002,2018-07-21,-44.09444743818056,-20.09492578231003,-0.0,-34.0,-32.0,1.0,0.00039513933,0.22878867,0.00025367626,32
1010,2018-07-21,-44.15365481641216,-20.083509961081013,-1.9601958e-15,-62.0,40.0,0.99335134,0.11545927,0.23778822,0.00019389139,32
1020,2018-07-21,-44.16292205822233,-20.072094139852,-0.0,-60.0,40.0,0.91512394,0.41756633,0.24028625,0.0001782693,32
1034,2018-07-21,-44.16202107637967,-20.07721157695466,-1.9601958e-15,-60.0,40.0,0.981273,0.1944176,0.24814238,0.00010865971,32
1040,2018-07-21,-44.161892364687866,-20.07721157695466,-0.0,-60.0,40.0,0.96591824,0.26365894,0.2468073,0.00010343269,32
1050,2018-07-21,-44.09457614987237,-20.102405113460076,3.9203916e-15,-38.0,-36.0,0.93953866,0.35215226,0.24512702,0.00030498733,32
1070,2018-07-21,-44.1575161671664,-20.08482212444067,-2.9402936e-15,-60.0,36.0,0.96219236,0.28010356,0.23884472,0.00017387042,32
1072,2018-07-21,-44.0917444926526,-20.09164537391089,1.9601958e-15,-64.0,-36.0,0.91248626,0.42968604,0.23979232,7.8801335e-05,32
1076,2018-07-21,-44.15880328408448,-20.06592697206161,-0.0,-60.0,40.0,0.93656856,0.36525702,0.23667216,7.3392395e-05,32
1079,2018-07-21,-44.15391223979578,-20.07025711114848,1.9601958e-15,-60.0,40.0,0.9695847,0.24850449,0.24799877,9.992429e-05,32
1091,2018-07-21,-44.158417149009054,-20.0850845571126,9.800979e-16,-58.0,36.0,0.8887288,0.4815745,0.24550791,0.00012143039,32
1092,2018-07-21,-44.1509518708842,-20.07432481756341,1.9601958e-15,-64.0,40.0,0.87775964,0.53542435,0.2352003,0.00030330935,32
1099,2018-07-21,-44.093546456337904,-20.09361361895037,-0.0,-52.0,-36.0,0.8961929,0.46807668,0.23183072,0.00010412827,32
1102,2018-07-21,-44.16292205822233,-20.072094139852,-1.9601958e-15,-60.0,40.0,0.91454065,0.42063314,0.23443252,0.00013330363,32
1108,2018-07-21,-44.14734794351358,-20.07878617298625,-0.0,-60.0,40.0,0.99970615,0.02424301,0.23583807,8.263391e-05,32
1117,2018-07-21,-44.16768439081922,-20.071831707180067,-9.800979e-16,-58.0,36.0,0.981466,0.19336696,0.22862582,0.0001814576,32
1127,2018-07-21,-44.09264547449525,-20.09308875360651,-0.0,-62.0,-40.0,0.8971481,0.47378388,0.23896502,0.00011133063,32
1146,2018-07-21,-44.16034782438617,-20.068813731452856,-0.0,-56.0,40.0,0.9864666,0.1649596,0.24976282,0.00036398857,32
1153,2018-07-21,-44.150050889041545,-20.0858718551284,-0.0,-62.0,36.0,0.99220043,0.1250837,0.2397805,0.00020716414,32
1155,2018-07-21,-44.09444743818056,-20.102011464452172,-0.0,-34.0,-40.0,0.92435986,0.39511356,0.23405898,0.00023943702,32
1159,2018-07-21,-44.093546456337904,-20.09400726795827,-0.0,-28.0,0.0,0.9480586,0.3266401,0.24105251,0.00034425358,32
1163,2018-07-21,-44.09766523047576,-20.105029440179383,9.800979e-16,-28.0,-40.0,0.9311042,0.37839893,0.24166062,0.0001920892,32
1174,2018-07-21,-44.095219708331406,-20.102011464452172,-0.0,-36.0,-40.0,0.9113488,0.42841828,0.24216647,0.00012990848,32
1181,2018-07-21,-44.09161578096079,-20.093219969942474,-0.0,-28.0,-8.0,0.8859077,0.49635297,0.23633368,0.00021885987,32
1189,2018-07-21,-44.09715038370853,-20.098731056053037,1.9601958e-15,-42.0,-16.0,0.8359385,0.6007249,0.24258535,0.00012660914,32
1191,2018-07-21,-44.095219708331406,-20.095844296661788,3.9203916e-15,-28.0,-12.0,0.8651284,0.5359111,0.24847127,0.00020080352,32
1197,2018-07-21,-44.16214978807148,-20.07616184626693,-1.9601958e-15,-60.0,40.0,0.9665673,0.26143262,0.24416661,0.00011817686,32
1204,2018-07-21,-44.093546456337904,-20.094400916966165,9.800979e-16,-26.0,0.0,0.93913746,0.35383812,0.24792047,0.0003644777,32
1217,2018-07-21,-44.16202107637967,-20.074718466571312,-0.0,-58.0,40.0,0.9690986,0.2505538,0.24575986,9.5118936e-05,32
1231,2018-07-21,-44.14992217734974,-20.08692158581612,-0.0,-60.0,32.0,0.9371452,0.3654364,0.24572617,0.00011899009,32
1247,2018-07-21,-44.094704861564175,-20.094663349638097,9.800979e-16,-30.0,-12.0,0.9238721,0.39515322,0.2348293,0.00022071703,32
1251,2018-07-21,-44.09251676280344,-20.093219969942474,1.9601958e-15,-48.0,-36.0,0.89386845,0.4703759,0.24224225,0.00015514281,32
1256,2018-07-21,-44.09483357325598,-20.093219969942474,-0.0,-52.0,-40.0,0.86129993,0.54238904,0.24783906,0.0001059604,32
1259,2018-07-21,-44.16227849976329,-20.072881437867792,1.9601958e-15,-60.0,40.0,0.9829678,0.18534474,0.24443871,0.00014352797,32
1260,2018-07-21,-44.15481322163844,-20.071044409164276,1.9601958e-15,-60.0,32.0,0.9734008,0.23258153,0.23211527,0.00010914595,32
1289,2018-07-21,-44.1541696631794,-20.07983590367397,9.800979e-16,-60.0,40.0,0.9900696,0.14119089,0.24933314,0.00012980548,32
1290,2018-07-21,-44.095219708331406,-20.095319431317925,-1.9601958e-15,-28.0,-4.0,0.9366193,0.3611681,0.23686811,0.0001664893,32
1291,2018-07-21,-44.094704861564175,-20.09361361895037,-0.0,-54.0,-40.0,0.8996914,0.4565308,0.2475767,0.00012423437,32
1292,2018-07-21,-44.09303160957067,-20.09335118627844,-0.0,-52.0,-36.0,0.9403788,0.35013777,0.23605238,0.00015071555,32
1305,2018-07-21,-44.09715038370853,-20.098862272389,-0.0,-42.0,-8.0,0.83434314,0.59625983,0.23497155,0.00011737869,32
1313,2018-07-21,-44.1558429151729,-20.07340630321165,-0.0,-60.0,40.0,0.9211648,0.4038228,0.23622842,0.00013031399,32
1329,2018-07-21,-44.1509518708842,-20.07445603389938,-1.9601958e-15,-62.0,40.0,0.91050994,0.4318001,0.2425376,0.00029912443,32
25,2018-08-02,-44.177981326163845,-20.065402106717748,9.736136,-62.0,36.0,0.9934322,0.114803776,0.12596866,0.00017885656,32
36,2018-08-02,-44.161892364687866,-20.07708036061869,8.327201,-62.0,40.0,0.9895274,0.14510763,0.16019304,0.00016061729,32
49,2018-08-02,-44.158288437317246,-20.066320621069508,9.310722,-60.0,36.0,0.9677011,0.25603223,0.16889001,0.00021117146,32
51,2018-08-02,-44.1575161671664,-20.08482212444067,8.994855,-60.0,40.0,0.99133533,0.13187632,0.15246536,0.00031897012,32
55,2018-08-02,-44.15597162686471,-20.07904860565818,11.051934,-58.0,40.0,0.99169916,0.12906517,0.17269787,0.00030624378,32
58,2018-08-02,-44.1591894191599,-20.06592697206161,9.802799,-64.0,40.0,0.9866735,0.1637098,0.16357863,0.00016910466,32
60,2018-08-02,-44.158417149009054,-20.066714270077405,9.716648,-60.0,32.0,0.9606683,0.28429142,0.16295098,0.00027915908,32
70,2018-08-02,-44.15558549178928,-20.073143870539724,8.428445,-58.0,40.0,0.98207843,0.1903084,0.16551217,0.00015617402,32
72,2018-08-02,-44.161892364687866,-20.076817927946763,7.688155,-60.0,40.0,0.98664135,0.16406055,0.17289028,0.00018321899,32
77,2018-08-02,-44.15558549178928,-20.073143870539724,7.027494,-60.0,40.0,0.9936751,0.11267752,0.17115304,0.0002308823,32
78,2018-08-02,-44.16176365299606,-20.07708036061869,9.18874,-62.0,40.0,0.98854494,0.15176974,0.17172363,0.0001721688,32
79,2018-08-02,-44.177981326163845,-20.065533323053717,8.575767,-62.0,36.0,0.9964764,0.08401511,0.16623512,0.00018862613,32
86,2018-08-02,-44.157130032090976,-20.07235657252393,8.9938345,-60.0,36.0,0.99061596,0.13728343,0.15821503,0.00026863083,32
87,2018-08-02,-44.15365481641216,-20.08364117741698,10.018793,-62.0,40.0,0.9950991,0.0991742,0.17583664,0.00029401673,32
92,2018-08-02,-44.15365481641216,-20.08364117741698,9.450537,-62.0,40.0,0.99385124,0.11107637,0.1650057,0.00031562397,32
101,2018-08-02,-44.157130032090976,-20.07235657252393,9.883007,-60.0,36.0,0.98830754,0.15364271,0.16259168,0.0002030594,32
102,2018-08-02,-44.1575161671664,-20.08482212444067,7.7804313,-60.0,36.0,0.9933006,0.11592739,0.16052273,0.0002825142,32
106,2018-08-02,-44.158288437317246,-20.066320621069508,9.184998,-60.0,40.0,0.96672195,0.260466,0.17711703,0.00022746764,32
107,2018-08-02,-44.150050889041545,-20.0858718551284,9.156704,-62.0,32.0,0.9972439,0.07430704,0.17113066,0.00025208955,32
108,2018-08-02,-44.095348420023214,-20.095581863989857,-8.3458185,-26.0,-4.0,0.9112881,0.43588206,0.17609175,0.00035253962,32
109,2018-08-02,-44.15815972562544,-20.068026433437065,9.600955,-60.0,40.0,0.92887574,0.38277623,0.18616179,0.00031713524,32
111,2018-08-02,-44.15558549178928,-20.073143870539724,7.2865868,-58.0,40.0,0.9956475,0.093374655,0.16038811,0.00014709214,32
116,2018-08-02,-44.15597162686471,-20.07904860565818,10.914043,-60.0,40.0,0.98307085,0.18469657,0.19299243,0.00018906631,32
120,2018-08-02,-44.15442708656301,-20.0717004908441,8.635164,-60.0,40.0,0.98103976,0.19561706,0.18038051,0.0002138021,32
122,2018-08-02,-44.177981326163845,-20.065402106717748,10.321038,-62.0,36.0,0.9920553,0.12631515,0.16516092,0.00013893403,32
124,2018-08-02,-44.16768439081922,-20.071831707180067,7.5855455,-58.0,40.0,0.9844347,0.17712511,0.16961817,0.00019569618,32
125,2018-08-02,-44.09316032126248,-20.103192411475867,6.897149,-30.0,-28.0,0.9221537,0.4055343,0.18537693,0.00026284982,32
135,2018-08-02,-44.1575161671664,-20.08482212444067,8.781735,-60.0,40.0,0.9926844,0.12122337,0.17335667,0.00032299763,32
166,2018-08-02,-44.16227849976329,-20.07301265420376,8.886971,-60.0,40.0,0.9948693,0.10141454,0.17611928,0.0002781563,32
169,2018-08-02,-44.15906070746809,-20.06592697206161,6.6232758,-62.0,36.0,0.96458185,0.26856968,0.1896261,7.7959645e-05,32
183,2018-08-02,-44.161892364687866,-20.07721157695466,9.898152,-60.0,40.0,0.98572654,0.16954353,0.20472775,0.00016644613,32
184,2018-08-02,-44.14914990719889,-20.083509961081013,8.847956,-62.0,24.0,0.92275953,0.39962417,0.18632154,0.00019650752,32
192,2018-08-02,-44.15558549178928,-20.073143870539724,8.447248,-58.0,36.0,0.96856844,0.2538515,0.20102504,0.00022607588,32
208,2018-08-02,-44.09547713171502,-20.096631594677586,13.823541,-16.0,-28.0,0.8838611,0.4968438,0.19951294,0.00028506762,32
209,2018-08-02,-44.09573455509864,-20.104242142163592,5.8196907,-30.0,-32.0,0.99192834,0.12720996,0.20155519,0.00028709535,32
211,2018-08-02,-44.14824892535624,-20.08482212444067,10.787893,-62.0,36.0,0.97233886,0.23678724,0.1985304,0.00017741922,32
227,2018-08-02,-44.15172414103505,-20.083772393752945,9.685408,-62.0,40.0,0.9442581,0.34013498,0.17343715,0.00015305412,32
230,2018-08-02,-44.1558429151729,-20.078654956650283,9.928124,-58.0,40.0,0.99377,0.11183355,0.20406978,0.00019458176,32
234,2018-08-02,-44.09496228494779,-20.095319431317925,-10.38909,-30.0,-20.0,0.933926,0.3708147,0.21000704,0.00035274707,32
235,2018-08-02,-44.1672982557438,-20.07393116855552,8.559208,-60.0,40.0,0.94888365,0.32600248,0.19429739,0.00019437468,32
250,2018-08-02,-44.1558429151729,-20.071831707180067,8.455109,-58.0,36.0,0.9687802,0.25208294,0.20764968,0.00012654542,32
262,2018-08-02,-44.15558549178928,-20.073143870539724,8.2437725,-60.0,40.0,0.9888833,0.14947388,0.214402,0.00019721958,32
279,2018-08-02,-44.15378352810397,-20.08390361008891,9.894406,-62.0,40.0,0.9593733,0.28800502,0.1987492,0.00014123438,32
292,2018-08-02,-44.09277418618706,-20.09308875360651,10.734332,-62.0,-40.0,0.94386774,0.3385104,0.2108965,0.00015072811,32
294,2018-08-02,-44.150050889041545,-20.0858718551284,9.319383,-62.0,40.0,0.99573416,0.09243322,0.20145847,0.00022659368,32
297,2018-08-02,-44.1509518708842,-20.07445603389938,10.566016,-62.0,40.0,0.91531914,0.42315394,0.18903947,0.000473964,32
298,2018-08-02,-44.09573455509864,-20.104110925827623,6.491573,-32.0,-32.0,0.9713802,0.24072301,0.20770803,0.00019924583,32
302,2018-08-02,-44.1509518708842,-20.07445603389938,10.134838,-64.0,40.0,0.9010573,0.46399283,0.19030711,0.00030566705,32
307,2018-08-02,-44.15558549178928,-20.073143870539724,9.704253,-60.0,36.0,0.94426954,0.33953795,0.21462357,0.0001921205,32
322,2018-08-02,-44.16150622961244,-20.065533323053717,8.578047,-58.0,32.0,0.9559043,0.30019727,0.20587029,0.00021429466,32
326,2018-08-02,-44.158417149009054,-20.066714270077405,10.8517275,-60.0,28.0,0.92922074,0.38275728,0.21405818,0.00021434038,32
334,2018-08-02,-44.14824892535624,-20.08482212444067,11.270503,-64.0,36.0,0.9591197,0.28854805,0.20624818,0.00011566065,32
341,2018-08-02,-44.093417744646096,-20.094138484294238,-8.587911,-30.0,0.0,0.9271192,0.38806647,0.20293237,0.00020528595,32
342,2018-08-02,-44.09573455509864,-20.104110925827623,2.7197871,-28.0,-32.0,0.967172,0.2586741,0.21095438,0.00017666417,32
343,2018-08-02,-44.094704861564175,-20.094663349638097,-9.123063,-30.0,-12.0,0.9320163,0.37439924,0.20520887,0.00024680147,32
350,2018-08-02,-44.15494193333024,-20.07143805817217,10.539035,-60.0,32.0,0.9771433,0.21485306,0.2082436,0.000101412086,32
351,2018-08-02,-44.15365481641216,-20.083509961081013,8.984783,-62.0,40.0,0.99176425,0.12863493,0.1975397,0.00024892512,32
354,2018-08-02,-44.095219708331406,-20.10188024811621,3.8377388,-34.0,-40.0,0.85031635,0.56276417,0.19688289,0.0001462547,32
355,2018-08-02,-44.14721923182177,-20.07944225466608,11.739369,-62.0,40.0,0.9097379,0.4362786,0.20008743,0.0001692326,32
358,2018-08-02,-44.161892364687866,-20.076817927946763,8.485037,-60.0,40.0,0.97885114,0.2066355,0.2046915,0.00012147129,32
365,2018-08-02,-44.09483357325598,-20.095975512997757,-11.726743,-16.0,-16.0,0.87048537,0.5251366,0.2145026,0.00022786683,32
371,2018-08-02,-44.16150622961244,-20.065533323053717,9.175908,-58.0,36.0,0.96249855,0.27732918,0.21806788,0.00021408769,32
372,2018-08-02,-44.156615185323744,-20.07235657252393,12.227042,-60.0,40.0,0.98747224,0.15874347,0.22571152,0.00016332245,32
376,2018-08-02,-44.177981326163845,-20.065533323053717,8.477066,-64.0,40.0,0.98931545,0.14667082,0.2060611,0.0001226925,32
428,2018-08-02,-44.095348420023214,-20.099255921396896,11.927896,-34.0,-20.0,0.8599175,0.5520587,0.21099286,0.00021701,32
445,2018-08-02,-44.15030831242516,-20.084690908104704,7.417789,-62.0,40.0,0.9537714,0.31028697,0.19998807,0.00011961138,32
451,2018-08-02,-44.095348420023214,-20.09269510459861,12.206221,-50.0,-32.0,0.89500684,0.4699368,0.21193483,0.000103801125,32
452,2018-08-02,-44.1624072114551,-20.06658305374144,7.916224,-60.0,36.0,0.99999905,0.0013166264,0.18705474,0.00012239197,32
454,2018-08-02,-44.161892364687866,-20.07721157695466,7.596528,-60.0,40.0,0.98762494,0.15781839,0.21329112,0.000108521395,32
462,2018-08-02,-44.1492786188907,-20.083772393752945,9.440775,-62.0,36.0,0.9009371,0.45448023,0.21690197,0.00015435196,32
468,2018-08-02,-44.16768439081922,-20.071831707180067,8.448052,-58.0,40.0,0.99912137,0.041926306,0.1979922,0.00025140448,32
469,2018-08-02,-44.156615185323744,-20.07235657252393,11.311396,-62.0,40.0,0.9884701,0.15216252,0.21888806,0.00014295946,32
475,2018-08-02,-44.16150622961244,-20.06684548641337,7.9205236,-60.0,40.0,0.9333956,0.37320685,0.20200405,0.00019318266,32
480,2018-08-02,-44.09573455509864,-20.10437335849956,6.649034,-30.0,-28.0,0.97603565,0.21994607,0.22386426,0.00023246644,32
489,2018-08-02,-44.15378352810397,-20.0854782061205,8.475059,-60.0,36.0,0.98614484,0.16707681,0.22113495,0.00015665224,32
498,2018-08-02,-44.16202107637967,-20.07760522596256,9.948443,-60.0,40.0,0.9739393,0.22963941,0.22176117,0.00018630472,32
515,2018-08-02,-44.177981326163845,-20.065533323053717,10.435009,-62.0,40.0,0.99098617,0.13457483,0.22828959,0.00014239682,32
517,2018-08-02,-44.16137751792064,-20.071044409164276,9.839971,-58.0,40.0,0.9873319,0.16011351,0.20574138,0.000113239825,32
518,2018-08-02,-44.16202107637967,-20.07760522596256,9.881187,-60.0,36.0,0.9819957,0.19045453,0.2204059,0.00024409748,32
520,2018-08-02,-44.14992217734974,-20.08692158581612,8.803095,-60.0,32.0,0.9329311,0.37142602,0.22161011,0.00016959709,32
533,2018-08-02,-44.093546456337904,-20.09361361895037,10.863872,-54.0,-36.0,0.92416435,0.39691073,0.22529994,0.00012681105,32
538,2018-08-02,-44.15468450994663,-20.07904860565818,6.2426887,-60.0,40.0,0.9603823,0.28433818,0.2098461,7.573011e-05,32
547,2018-08-02,-44.1509518708842,-20.07432481756341,9.770573,-62.0,40.0,0.90768754,0.43956012,0.21304497,0.00048326713,32
551,2018-08-02,-44.09431872648875,-20.09361361895037,10.128333,-60.0,-40.0,0.9269395,0.38688326,0.22368047,8.363042e-05,32
573,2018-08-02,-44.09715038370853,-20.10437335849956,4.0886035,-26.0,-40.0,0.981993,0.19041304,0.21994461,0.00020242653,32
591,2018-08-02,-44.09637811355768,-20.10476700750745,6.6239777,-28.0,-28.0,0.88030064,0.50150853,0.24380408,0.00016093155,32
595,2018-08-02,-44.09277418618706,-20.09308875360651,10.627892,-60.0,-36.0,0.9506957,0.31798822,0.22435091,0.00015162292,32
597,2018-08-02,-44.094704861564175,-20.09361361895037,11.598702,-56.0,-40.0,0.9236856,0.39662957,0.221461,0.00016114896,32
617,2018-08-02,-44.095348420023214,-20.095581863989857,-9.774465,-28.0,-12.0,0.91071886,0.43331236,0.20454994,0.00030632524,32
621,2018-08-02,-44.095348420023214,-20.095581863989857,-11.138034,-30.0,-16.0,0.919275,0.40785578,0.221529,0.00037647443,32
631,2018-08-02,-44.150050889041545,-20.08574063879243,8.441065,-62.0,32.0,0.96217763,0.27867618,0.2173203,0.00012443759,32
632,2018-08-02,-44.158417149009054,-20.066714270077405,10.7244215,-62.0,32.0,0.9420799,0.3442246,0.21013477,0.0001555898,32
639,2018-08-02,-44.14721923182177,-20.07944225466608,11.060896,-62.0,40.0,0.9141801,0.42269146,0.23625557,0.00014431524,32
642,2018-08-02,-44.093417744646096,-20.09361361895037,12.385703,-50.0,-32.0,0.95720506,0.29472056,0.22483774,0.00017313514,32
659,2018-08-02,-44.09316032126248,-20.093876051622303,-7.961743,-26.0,0.0,0.9202357,0.41621837,0.23191184,0.0004714754,32
666,2018-08-02,-44.09612069017406,-20.098599839717068,12.683479,-32.0,-20.0,0.8369649,0.59542996,0.22777635,0.00024879372,32
674,2018-08-02,-44.15803101393363,-20.068026433437065,9.548527,-60.0,40.0,0.9488301,0.32394177,0.21363357,0.00017669244,32
687,2018-08-02,-44.095348420023214,-20.095844296661788,-9.204464,-26.0,-12.0,0.9264778,0.39259818,0.2429174,0.0003334301,32
689,2018-08-02,-44.094704861564175,-20.102273897124107,7.2241178,-40.0,-24.0,0.8999888,0.45509607,0.22149613,0.00017279296,32
699,2018-08-02,-44.09277418618706,-20.092957537270543,11.493879,-60.0,-36.0,0.8248223,0.62379014,0.22112992,0.00010524349,32
704,2018-08-02,-44.16227849976329,-20.07301265420376,7.427001,-60.0,40.0,0.9730441,0.23360339,0.21389751,0.00015998124,32
738,2018-08-02,-44.16137751792064,-20.071044409164276,11.584757,-58.0,40.0,0.9537537,0.30705687,0.21450779,8.5356805e-05,32
743,2018-08-02,-44.095219708331406,-20.10292997880393,5.6660166,-34.0,-32.0,0.963839,0.27309382,0.2487394,0.00023321668,32
748,2018-08-02,-44.1672982557438,-20.073799952219552,7.6390014,-60.0,40.0,0.9394868,0.35379896,0.2385987,0.00016835134,32
749,2018-08-02,-44.15970426592713,-20.064614808701958,9.1916,-60.0,36.0,0.9923783,0.1236501,0.23288263,0.00010213836,32
753,2018-08-02,-44.09444743818056,-20.09453213330213,-8.670326,-30.0,4.0,0.93633944,0.3616963,0.24223724,0.0002814164,32
772,2018-08-02,-44.093546456337904,-20.094400916966165,-5.800103,-26.0,12.0,0.9233013,0.3976936,0.23818585,0.00025641994,32
778,2018-08-02,-44.14824892535624,-20.084690908104704,9.609522,-64.0,40.0,0.993268,0.11620175,0.217038,0.000119338845,32
781,2018-08-02,-44.09277418618706,-20.092957537270543,10.8417015,-64.0,-40.0,0.9240293,0.3957767,0.23231132,0.00016137642,32
785,2018-08-02,-44.15648647363194,-20.07655549527483,9.269444,-58.0,32.0,0.947436,0.32984012,0.24211547,8.705073e-05,32
795,2018-08-02,-44.09740780709214,-20.10463579117149,3.6186223,-30.0,-40.0,0.8850024,0.53440773,0.22723202,0.0001532011,32
800,2018-08-02,-44.1674269674356,-20.07432481756341,7.2722893,-60.0,40.0,0.99912155,0.04192622,0.23580386,0.00012518003,32
809,2018-08-02,-44.16163494130425,-20.076817927946763,8.962013,-60.0,40.0,0.9765173,0.21793333,0.2365612,0.00012580244,32
810,2018-08-02,-44.15906070746809,-20.06566453938968,7.8440166,-64.0,40.0,0.9807913,0.19675484,0.22297284,0.00012886837,32
812,2018-08-02,-44.09612069017406,-20.10463579117149,7.31521,-32.0,-28.0,0.9810543,0.19555587,0.24058457,0.00018460231,32
815,2018-08-02,-44.09290289787887,-20.09361361895037,12.474434,-34.0,-32.0,0.9477484,0.3269546,0.24155085,0.00027799365,32
817,2018-08-02,-44.15326868133674,-20.081935365049425,9.259489,-60.0,40.0,0.97455287,0.22695863,0.23753211,0.00013418394,32
819,2018-08-02,-44.15391223979578,-20.07025711114848,9.140468,-58.0,40.0,0.96879125,0.251771,0.22422275,0.00012923428,32
826,2018-08-02,-44.09573455509864,-20.100436868420587,7.831352,-40.0,-32.0,0.85571986,0.5583373,0.24542302,0.00029766848,32
839,2018-08-02,-44.1541696631794,-20.07983590367397,10.260229,-60.0,40.0,0.9838538,0.18029623,0.23935002,0.00027133914,32
842,2018-08-02,-44.161892364687866,-20.07708036061869,9.764377,-62.0,36.0,0.98912096,0.14776096,0.22787876,9.263296e-05,32
843,2018-08-02,-44.09715038370853,-20.098731056053037,10.984456,-42.0,-16.0,0.8399253,0.5894708,0.22958055,0.00012341807,32
849,2018-08-02,-44.09689296032491,-20.098862272389,11.218113,-40.0,-16.0,0.8082655,0.64302075,0.23864205,0.00013250821,32
878,2018-08-02,-44.15532806840567,-20.07944225466608,8.875369,-60.0,40.0,0.98164153,0.19241036,0.24028865,0.00024076854,32
879,2018-08-02,-44.15172414103505,-20.083772393752945,9.299945,-62.0,40.0,0.94224805,0.34635422,0.23466736,0.00017846754,32
881,2018-08-02,-44.09727909540033,-20.098731056053037,11.405592,-40.0,-16.0,0.8462761,0.57560474,0.22890337,7.089602e-05,32
902,2018-08-02,-44.09135835757717,-20.090201994215263,11.562496,-54.0,-32.0,0.9236139,0.3990633,0.23943725,0.00012808619,32
917,2018-08-02,-44.0917444926526,-20.09164537391089,11.853863,-66.0,-28.0,0.8399489,0.58606946,0.23359168,6.524553e-05,32
922,2018-08-02,-44.095863266790445,-20.09702524368548,12.968401,-32.0,-16.0,0.8334973,0.6023138,0.22462654,0.00019463511,32
953,2018-08-02,-44.09715038370853,-20.098862272389,10.485586,-42.0,-12.0,0.81594616,0.6319421,0.22483456,0.00016212075,32
988,2018-08-02,-44.1591894191599,-20.06592697206161,7.629846,-64.0,36.0,0.9466307,0.33186823,0.23593827,9.492854e-05,32
991,2018-08-02,-44.1575161671664,-20.08482212444067,8.325995,-60.0,40.0,0.9994936,0.03182455,0.23950803,0.00027012592,32
1001,2018-08-02,-44.161892364687866,-20.076817927946763,9.958157,-64.0,32.0,0.96615434,0.26191953,0.23441048,8.023096e-05,32
1002,2018-08-02,-44.09444743818056,-20.09492578231003,-12.366535,-34.0,-32.0,1.0,0.00039513933,0.22878867,0.00025367626,32
1010,2018-08-02,-44.15365481641216,-20.083509961081013,9.504327,-62.0,40.0,0.99335134,0.11545927,0.23778822,0.00019389139,32
1020,2018-08-02,-44.16292205822233,-20.072094139852,9.753325,-60.0,40.0,0.91512394,0.41756633,0.24028625,0.0001782693,32
1034,2018-08-02,-44.16202107637967,-20.07721157695466,10.52822,-60.0,40.0,0.981273,0.1944176,0.24814238,0.00010865971,32
1040,2018-08-02,-44.161892364687866,-20.07721157695466,10.54339,-60.0,40.0,0.96591824,0.26365894,0.2468073,0.00010343269,32
1050,2018-08-02,-44.09457614987237,-20.102405113460076,7.620715,-38.0,-36.0,0.93953866,0.35215226,0.24512702,0.00030498733,32
1070,2018-08-02,-44.1575161671664,-20.08482212444067,7.82066,-60.0,36.0,0.96219236,0.28010356,0.23884472,0.00017387042,32
1072,2018-08-02,-44.0917444926526,-20.09164537391089,13.29154,-64.0,-36.0,0.91248626,0.42968604,0.23979232,7.8801335e-05,32
1076,2018-08-02,-44.15880328408448,-20.06592697206161,11.864018,-60.0,40.0,0.93656856,0.36525702,0.23667216,7.3392395e-05,32
1079,2018-08-02,-44.15391223979578,-20.07025711114848,10.230508,-60.0,40.0,0.9695847,0.24850449,0.24799877,9.992429e-05,32
1091,2018-08-02,-44.158417149009054,-20.0850845571126,7.8569965,-58.0,36.0,0.8887288,0.4815745,0.24550791,0.00012143039,32
1092,2018-08-02,-44.1509518708842,-20.07432481756341,9.199233,-64.0,40.0,0.87775964,0.53542435,0.2352003,0.00030330935,32
1099,2018-08-02,-44.093546456337904,-20.09361361895037,11.275594,-52.0,-36.0,0.8961929,0.46807668,0.23183072,0.00010412827,32
1102,2018-08-02,-44.16292205822233,-20.072094139852,9.110079,-60.0,40.0,0.91454065,0.42063314,0.23443252,0.00013330363,32
1108,2018-08-02,-44.14734794351358,-20.07878617298625,11.435934,-60.0,40.0,0.99970615,0.02424301,0.23583807,8.263391e-05,32
1117,2018-08-02,-44.16768439081922,-20.071831707180067,8.459696,-58.0,36.0,0.981466,0.19336696,0.22862582,0.0001814576,32
1127,2018-08-02,-44.09264547449525,-20.09308875360651,10.008758,-62.0,-40.0,0.8971481,0.47378388,0.23896502,0.00011133063,32
1146,2018-08-02,-44.16034782438617,-20.068813731452856,9.187231,-56.0,40.0,0.9864666,0.1649596,0.24976282,0.00036398857,32
1153,2018-08-02,-44.150050889041545,-20.0858718551284,8.65999,-62.0,36.0,0.99220043,0.1250837,0.2397805,0.00020716414,32
1155,2018-08-02,-44.09444743818056,-20.102011464452172,5.5155296,-34.0,-40.0,0.92435986,0.39511356,0.23405898,0.00023943702,32
1159,2018-08-02,-44.093546456337904,-20.09400726795827,-7.81206,-28.0,0.0,0.9480586,0.3266401,0.24105251,0.00034425358,32
1163,2018-08-02,-44.09766523047576,-20.105029440179383,6.099767,-28.0,-40.0,0.9311042,0.37839893,0.24166062,0.0001920892,32
1174,2018-08-02,-44.095219708331406,-20.102011464452172,1.1635026,-36.0,-40.0,0.9113488,0.42841828,0.24216647,0.00012990848,32
1181,2018-08-02,-44.09161578096079,-20.093219969942474,-10.909828,-28.0,-8.0,0.8859077,0.49635297,0.23633368,0.00021885987,32
1189,2018-08-02,-44.09715038370853,-20.098731056053037,11.114855,-42.0,-16.0,0.8359385,0.6007249,0.24258535,0.00012660914,32
1191,2018-08-02,-44.095219708331406,-20.095844296661788,-10.275884,-28.0,-12.0,0.8651284,0.5359111,0.24847127,0.00020080352,32
1197,2018-08-02,-44.16214978807148,-20.07616184626693,9.815182,-60.0,40.0,0.9665673,0.26143262,0.24416661,0.00011817686,32
1204,2018-08-02,-44.093546456337904,-20.094400916966165,-8.753316,-26.0,0.0,0.93913746,0.35383812,0.24792047,0.0003644777,32
1217,2018-08-02,-44.16202107637967,-20.074718466571312,9.436036,-58.0,40.0,0.9690986,0.2505538,0.24575986,9.5118936e-05,32
1231,2018-08-02,-44.14992217734974,-20.08692158581612,10.389515,-60.0,32.0,0.9371452,0.3654364,0.24572617,0.00011899009,32
1247,2018-08-02,-44.094704861564175,-20.094663349638097,-8.640755,-30.0,-12.0,0.9238721,0.39515322,0.2348293,0.00022071703,32
1251,2018-08-02,-44.09251676280344,-20.093219969942474,12.702031,-48.0,-36.0,0.89386845,0.4703759,0.24224225,0.00015514281,32
1256,2018-08-02,-44.09483357325598,-20.093219969942474,12.9619,-52.0,-40.0,0.86129993,0.54238904,0.24783906,0.0001059604,32
1259,2018-08-02,-44.16227849976329,-20.072881437867792,9.982606,-60.0,40.0,0.9829678,0.18534474,0.24443871,0.00014352797,32
1260,2018-08-02,-44.15481322163844,-20.071044409164276,9.1412945,-60.0,32.0,0.9734008,0.23258153,0.23211527,0.00010914595,32
1289,2018-08-02,-44.1541696631794,-20.07983590367397,8.686294,-60.0,40.0,0.9900696,0.14119089,0.24933314,0.00012980548,32
1290,2018-08-02,-44.095219708331406,-20.095319431317925,-10.695835,-28.0,-4.0,0.9366193,0.3611681,0.23686811,0.0001664893,32
1291,2018-08-02,-44.094704861564175,-20.09361361895037,10.234704,-54.0,-40.0,0.8996914,0.4565308,0.2475767,0.00012423437,32
1292,2018-08-02,-44.09303160957067,-20.09335118627844,12.91926,-52.0,-36.0,0.9403788,0.35013777,0.23605238,0.00015071555,32
1305,2018-08-02,-44.09715038370853,-20.098862272389,10.696716,-42.0,-8.0,0.83434314,0.59625983,0.23497155,0.00011737869,32
1313,2018-08-02,-44.1558429151729,-20.07340630321165,9.013214,-60.0,40.0,0.9211648,0.4038228,0.23622842,0.00013031399,32
1329,2018-08-02,-44.1509518708842,-20.07445603389938,10.323798,-62.0,40.0,0.91050994,0.4318001,0.2425376,0.00029912443,32
25,2018-08-14,-44.177981326163845,-20.065402106717748,7.020939,-62.0,36.0,0.9934322,0.114803776,0.12596866,0.00017885656,32
36,2018-08-14,-44.161892364687866,-20.07708036061869,6.970989,-62.0,40.0,0.9895274,0.14510763,0.16019304,0.00016061729,32
49,2018-08-14,-44.158288437317246,-20.066320621069508,5.964027,-60.0,36.0,0.9677011,0.25603223,0.16889001,0.00021117146,32
51,2018-08-14,-44.1575161671664,-20.08482212444067,7.586993,-60.0,40.0,0.99133533,0.13187632,0.15246536,0.00031897012,32
55,2018-08-14,-44.15597162686471,-20.07904860565818,9.088892,-58.0,40.0,0.99169916,0.12906517,0.17269787,0.00030624378,32
58,2018-08-14,-44.1591894191599,-20.06592697206161,8.3921,-64.0,40.0,0.9866735,0.1637098,0.16357863,0.00016910466,32
60,2018-08-14,-44.158417149009054,-20.066714270077405,7.369285,-60.0,32.0,0.9606683,0.28429142,0.16295098,0.00027915908,32
70,2018-08-14,-44.15558549178928,-20.073143870539724,6.9906855,-58.0,40.0,0.98207843,0.1903084,0.16551217,0.00015617402,32
72,2018-08-14,-44.161892364687866,-20.076817927946763,6.2921586,-60.0,40.0,0.98664135,0.16406055,0.17289028,0.00018321899,32
77,2018-08-14,-44.15558549178928,-20.073143870539724,6.5208797,-60.0,40.0,0.9936751,0.11267752,0.17115304,0.0002308823,32
78,2018-08-14,-44.16176365299606,-20.07708036061869,7.083959,-62.0,40.0,0.98854494,0.15176974,0.17172363,0.0001721688,32
79,2018-08-14,-44.177981326163845,-20.065533323053717,8.386154,-62.0,36.0,0.9964764,0.08401511,0.16623512,0.00018862613,32
86,2018-08-14,-44.157130032090976,-20.07235657252393,8.85444,-60.0,36.0,0.99061596,0.13728343,0.15821503,0.00026863083,32
87,2018-08-14,-44.15365481641216,-20.08364117741698,8.5773535,-62.0,40.0,0.9950991,0.0991742,0.17583664,0.00029401673,32
92,2018-08-14,-44.15365481641216,-20.08364117741698,7.4127164,-62.0,40.0,0.99385124,0.11107637,0.1650057,0.00031562397,32
101,2018-08-14,-44.157130032090976,-20.07235657252393,9.412735,-60.0,36.0,0.98830754,0.15364271,0.16259168,0.0002030594,32
102,2018-08-14,-44.1575161671664,-20.08482212444067,6.9077425,-60.0,36.0,0.9933006,0.11592739,0.16052273,0.0002825142,32
106,2018-08-14,-44.158288437317246,-20.066320621069508,6.7261114,-60.0,40.0,0.96672195,0.260466,0.17711703,0.00022746764,32
107,2018-08-14,-44.150050889041545,-20.0858718551284,7.070712,-62.0,32.0,0.9972439,0.07430704,0.17113066,0.00025208955,32
108,2018-08-14,-44.095348420023214,-20.095581863989857,-9.904795,-26.0,-4.0,0.9112881,0.43588206,0.17609175,0.00035253962,32
109,2018-08-14,-44.15815972562544,-20.068026433437065,7.596246,-60.0,40.0,0.92887574,0.38277623,0.18616179,0.00031713524,32
111,2018-08-14,-44.15558549178928,-20.073143870539724,6.2683887,-58.0,40.0,0.9956475,0.093374655,0.16038811,0.00014709214,32
116,2018-08-14,-44.15597162686471,-20.07904860565818,9.54058,-60.0,40.0,0.98307085,0.18469657,0.19299243,0.00018906631,32
120,2018-08-14,-44.15442708656301,-20.0717004908441,7.14201,-60.0,40.0,0.98103976,0.19561706,0.18038051,0.0002138021,32
122,2018-08-14,-44.177981326163845,-20.065402106717748,8.002111,-62.0,36.0,0.9920553,0.12631515,0.16516092,0.00013893403,32
124,2018-08-14,-44.16768439081922,-20.071831707180067,6.9712753,-58.0,40.0,0.9844347,0.17712511,0.16961817,0.00019569618,32
125,2018-08-14,-44.09316032126248,-20.103192411475867,5.082589,-30.0,-28.0,0.9221537,0.4055343,0.18537693,0.00026284982,32
135,2018-08-14,-44.1575161671664,-20.08482212444067,7.324416,-60.0,40.0,0.9926844,0.12122337,0.17335667,0.00032299763,32
166,2018-08-14,-44.16227849976329,-20.07301265420376,8.372892,-60.0,40.0,0.9948693,0.10141454,0.17611928,0.0002781563,32
169,2018-08-14,-44.15906070746809,-20.06592697206161,7.1220512,-62.0,36.0,0.96458185,0.26856968,0.1896261,7.7959645e-05,32
183,2018-08-14,-44.161892364687866,-20.07721157695466,8.09523,-60.0,40.0,0.98572654,0.16954353,0.20472775,0.00016644613,32
184,2018-08-14,-44.14914990719889,-20.083509961081013,5.961087,-62.0,24.0,0.92275953,0.39962417,0.18632154,0.00019650752,32
192,2018-08-14,-44.15558549178928,-20.073143870539724,6.149352,-58.0,36.0,0.96856844,0.2538515,0.20102504,0.00022607588,32
208,2018-08-14,-44.09547713171502,-20.096631594677586,15.354966,-16.0,-28.0,0.8838611,0.4968438,0.19951294,0.00028506762,32
209,2018-08-14,-44.09573455509864,-20.104242142163592,5.586999,-30.0,-32.0,0.99192834,0.12720996,0.20155519,0.00028709535,32
211,2018-08-14,-44.14824892535624,-20.08482212444067,7.6925926,-62.0,36.0,0.97233886,0.23678724,0.1985304,0.00017741922,32
227,2018-08-14,-44.15172414103505,-20.083772393752945,7.899838,-62.0,40.0,0.9442581,0.34013498,0.17343715,0.00015305412,32
230,2018-08-14,-44.1558429151729,-20.078654956650283,8.323913,-58.0,40.0,0.99377,0.11183355,0.20406978,0.00019458176,32
234,2018-08-14,-44.09496228494779,-20.095319431317925,-11.722956,-30.0,-20.0,0.933926,0.3708147,0.21000704,0.00035274707,32
235,2018-08-14,-44.1672982557438,-20.07393116855552,7.693279,-60.0,40.0,0.94888365,0.32600248,0.19429739,0.00019437468,32
250,2018-08-14,-44.1558429151729,-20.071831707180067,6.856509,-58.0,36.0,0.9687802,0.25208294,0.20764968,0.00012654542,32
262,2018-08-14,-44.15558549178928,-20.073143870539724,7.0964656,-60.0,40.0,0.9888833,0.14947388,0.214402,0.00019721958,32
279,2018-08-14,-44.15378352810397,-20.08390361008891,9.898591,-62.0,40.0,0.9593733,0.28800502,0.1987492,0.00014123438,32
292,2018-08-14,-44.09277418618706,-20.09308875360651,7.577923,-62.0,-40.0,0.94386774,0.3385104,0.2108965,0.00015072811,32
294,2018-08-14,-44.150050889041545,-20.0858718551284,7.6495504,-62.0,40.0,0.99573416,0.09243322,0.20145847,0.00022659368,32
297,2018-08-14,-44.1509518708842,-20.07445603389938,9.545724,-62.0,40.0,0.91531914,0.42315394,0.18903947,0.000473964,32
298,2018-08-14,-44.09573455509864,-20.104110925827623,5.00258,-32.0,-32.0,0.9713802,0.24072301,0.20770803,0.00019924583,32
302,2018-08-14,-44.1509518708842,-20.07445603389938,9.685109,-64.0,40.0,0.9010573,0.46399283,0.19030711,0.00030566705,32
307,2018-08-14,-44.15558549178928,-20.073143870539724,6.242033,-60.0,36.0,0.94426954,0.33953795,0.21462357,0.0001921205,32
322,2018-08-14,-44.16150622961244,-20.065533323053717,6.443991,-58.0,32.0,0.9559043,0.30019727,0.20587029,0.00021429466,32
326,2018-08-14,-44.158417149009054,-20.066714270077405,6.6911554,-60.0,28.0,0.92922074,0.38275728,0.21405818,0.00021434038,32
334,2018-08-14,-44.14824892535624,-20.08482212444067,8.107315,-64.0,36.0,0.9591197,0.28854805,0.20624818,0.00011566065,32
341,2018-08-14,-44.093417744646096,-20.094138484294238,-9.327373,-30.0,0.0,0.9271192,0.38806647,0.20293237,0.00020528595,32
342,2018-08-14,-44.09573455509864,-20.104110925827623,2.152746,-28.0,-32.0,0.967172,0.2586741,0.21095438,0.00017666417,32
343,2018-08-14,-44.094704861564175,-20.094663349638097,-11.575008,-30.0,-12.0,0.9320163,0.37439924,0.20520887,0.00024680147,32
350,2018-08-14,-44.15494193333024,-20.07143805817217,8.109246,-60.0,32.0,0.9771433,0.21485306,0.2082436,0.000101412086,32
351,2018-08-14,-44.15365481641216,-20.083509961081013,7.182034,-62.0,40.0,0.99176425,0.12863493,0.1975397,0.00024892512,32
354,2018-08-14,-44.095219708331406,-20.10188024811621,2.5769014,-34.0,-40.0,0.85031635,0.56276417,0.19688289,0.0001462547,32
355,2018-08-14,-44.14721923182177,-20.07944225466608,8.7868805,-62.0,40.0,0.9097379,0.4362786,0.20008743,0.0001692326,32
358,2018-08-14,-44.161892364687866,-20.076817927946763,7.7846055,-60.0,40.0,0.97885114,0.2066355,0.2046915,0.00012147129,32
365,2018-08-14,-44.09483357325598,-20.095975512997757,-10.788241,-16.0,-16.0,0.87048537,0.5251366,0.2145026,0.00022786683,32
371,2018-08-14,-44.16150622961244,-20.065533323053717,7.8701444,-58.0,36.0,0.96249855,0.27732918,0.21806788,0.00021408769,32
372,2018-08-14,-44.156615185323744,-20.07235657252393,8.620171,-60.0,40.0,0.98747224,0.15874347,0.22571152,0.00016332245,32
376,2018-08-14,-44.177981326163845,-20.065533323053717,7.085081,-64.0,40.0,0.98931545,0.14667082,0.2060611,0.0001226925,32
428,2018-08-14,-44.095348420023214,-20.099255921396896,10.323119,-34.0,-20.0,0.8599175,0.5520587,0.21099286,0.00021701,32
445,2018-08-14,-44.15030831242516,-20.084690908104704,7.4232187,-62.0,40.0,0.9537714,0.31028697,0.19998807,0.00011961138,32
451,2018-08-14,-44.095348420023214,-20.09269510459861,9.653876,-50.0,-32.0,0.89500684,0.4699368,0.21193483,0.000103801125,32
452,2018-08-14,-44.1624072114551,-20.06658305374144,6.468562,-60.0,36.0,0.99999905,0.0013166264,0.18705474,0.00012239197,32
454,2018-08-14,-44.161892364687866,-20.07721157695466,7.721937,-60.0,40.0,0.98762494,0.15781839,0.21329112,0.000108521395,32
462,2018-08-14,-44.1492786188907,-20.083772393752945,7.1832237,-62.0,36.0,0.9009371,0.45448023,0.21690197,0.00015435196,32
468,2018-08-14,-44.16768439081922,-20.071831707180067,7.101193,-58.0,40.0,0.99912137,0.041926306,0.1979922,0.00025140448,32
469,2018-08-14,-44.156615185323744,-20.07235657252393,9.432449,-62.0,40.0,0.9884701,0.15216252,0.21888806,0.00014295946,32
475,2018-08-14,-44.16150622961244,-20.06684548641337,8.629596,-60.0,40.0,0.9333956,0.37320685,0.20200405,0.00019318266,32
480,2018-08-14,-44.09573455509864,-20.10437335849956,5.08977,-30.0,-28.0,0.97603565,0.21994607,0.22386426,0.00023246644,32
489,2018-08-14,-44.15378352810397,-20.0854782061205,7.4984255,-60.0,36.0,0.98614484,0.16707681,0.22113495,0.00015665224,32
498,2018-08-14,-44.16202107637967,-20.07760522596256,7.727413,-60.0,40.0,0.9739393,0.22963941,0.22176117,0.00018630472,32
515,2018-08-14,-44.177981326163845,-20.065533323053717,9.45466,-62.0,40.0,0.99098617,0.13457483,0.22828959,0.00014239682,32
517,2018-08-14,-44.16137751792064,-20.071044409164276,7.5508842,-58.0,40.0,0.9873319,0.16011351,0.20574138,0.000113239825,32
518,2018-08-14,-44.16202107637967,-20.07760522596256,7.8851094,-60.0,36.0,0.9819957,0.19045453,0.2204059,0.00024409748,32
520,2018-08-14,-44.14992217734974,-20.08692158581612,6.8495884,-60.0,32.0,0.9329311,0.37142602,0.22161011,0.00016959709,32
533,2018-08-14,-44.093546456337904,-20.09361361895037,9.910674,-54.0,-36.0,0.92416435,0.39691073,0.22529994,0.00012681105,32
538,2018-08-14,-44.15468450994663,-20.07904860565818,5.0618854,-60.0,40.0,0.9603823,0.28433818,0.2098461,7.573011e-05,32
547,2018-08-14,-44.1509518708842,-20.07432481756341,9.455448,-62.0,40.0,0.90768754,0.43956012,0.21304497,0.00048326713,32
551,2018-08-14,-44.09431872648875,-20.09361361895037,7.870345,-60.0,-40.0,0.9269395,0.38688326,0.22368047,8.363042e-05,32
573,2018-08-14,-44.09715038370853,-20.10437335849956,1.8925669,-26.0,-40.0,0.981993,0.19041304,0.21994461,0.00020242653,32
591,2018-08-14,-44.09637811355768,-20.10476700750745,3.324815,-28.0,-28.0,0.88030064,0.50150853,0.24380408,0.00016093155,32
595,2018-08-14,-44.09277418618706,-20.09308875360651,7.402742,-60.0,-36.0,0.9506957,0.31798822,0.22435091,0.00015162292,32
597,2018-08-14,-44.094704861564175,-20.09361361895037,8.665273,-56.0,-40.0,0.9236856,0.39662957,0.221461,0.00016114896,32
617,2018-08-14,-44.095348420023214,-20.095581863989857,-11.495452,-28.0,-12.0,0.91071886,0.43331236,0.20454994,0.00030632524,32
621,2018-08-14,-44.095348420023214,-20.095581863989857,-11.89492,-30.0,-16.0,0.919275,0.40785578,0.221529,0.00037647443,32
631,2018-08-14,-44.150050889041545,-20.08574063879243,5.5786004,-62.0,32.0,0.96217763,0.27867618,0.2173203,0.00012443759,32
632,2018-08-14,-44.158417149009054,-20.066714270077405,7.3958383,-62.0,32.0,0.9420799,0.3442246,0.21013477,0.0001555898,32
639,2018-08-14,-44.14721923182177,-20.07944225466608,10.040687,-62.0,40.0,0.9141801,0.42269146,0.23625557,0.00014431524,32
642,2018-08-14,-44.093417744646096,-20.09361361895037,10.17934,-50.0,-32.0,0.95720506,0.29472056,0.22483774,0.00017313514,32
659,2018-08-14,-44.09316032126248,-20.093876051622303,-9.192311,-26.0,0.0,0.9202357,0.41621837,0.23191184,0.0004714754,32
666,2018-08-14,-44.09612069017406,-20.098599839717068,10.119148,-32.0,-20.0,0.8369649,0.59542996,0.22777635,0.00024879372,32
674,2018-08-14,-44.15803101393363,-20.068026433437065,7.79852,-60.0,40.0,0.9488301,0.32394177,0.21363357,0.00017669244,32
687,2018-08-14,-44.095348420023214,-20.095844296661788,-9.568812,-26.0,-12.0,0.9264778,0.39259818,0.2429174,0.0003334301,32
689,2018-08-14,-44.094704861564175,-20.102273897124107,4.666006,-40.0,-24.0,0.8999888,0.45509607,0.22149613,0.00017279296,32
699,2018-08-14,-44.09277418618706,-20.092957537270543,9.88288,-60.0,-36.0,0.8248223,0.62379014,0.22112992,0.00010524349,32
704,2018-08-14,-44.16227849976329,-20.07301265420376,7.2719827,-60.0,40.0,0.9730441,0.23360339,0.21389751,0.00015998124,32
738,2018-08-14,-44.16137751792064,-20.071044409164276,8.381778,-58.0,40.0,0.9537537,0.30705687,0.21450779,8.5356805e-05,32
743,2018-08-14,-44.095219708331406,-20.10292997880393,2.6910112,-34.0,-32.0,0.963839,0.27309382,0.2487394,0.00023321668,32
748,2018-08-14,-44.1672982557438,-20.073799952219552,7.244004,-60.0,40.0,0.9394868,0.35379896,0.2385987,0.00016835134,32
749,2018-08-14,-44.15970426592713,-20.064614808701958,7.3573275,-60.0,36.0,0.9923783,0.1236501,0.23288263,0.00010213836,32
753,2018-08-14,-44.09444743818056,-20.09453213330213,-10.010016,-30.0,4.0,0.93633944,0.3616963,0.24223724,0.0002814164,32
772,2018-08-14,-44.093546456337904,-20.094400916966165,-8.240769,-26.0,12.0,0.9233013,0.3976936,0.23818585,0.00025641994,32
778,2018-08-14,-44.14824892535624,-20.084690908104704,8.000815,-64.0,40.0,0.993268,0.11620175,0.217038,0.000119338845,32
781,2018-08-14,-44.09277418618706,-20.092957537270543,7.4001474,-64.0,-40.0,0.9240293,0.3957767,0.23231132,0.00016137642,32
785,2018-08-14,-44.15648647363194,-20.07655549527483,5.8159924,-58.0,32.0,0.947436,0.32984012,0.24211547,8.705073e-05,32
795,2018-08-14,-44.09740780709214,-20.10463579117149,1.8033016,-30.0,-40.0,0.8850024,0.53440773,0.22723202,0.0001532011,32
800,2018-08-14,-44.1674269674356,-20.07432481756341,5.9004493,-60.0,40.0,0.99912155,0.04192622,0.23580386,0.00012518003,32
809,2018-08-14,-44.16163494130425,-20.076817927946763,5.7161236,-60.0,40.0,0.9765173,0.21793333,0.2365612,0.00012580244,32
810,2018-08-14,-44.15906070746809,-20.06566453938968,7.275415,-64.0,40.0,0.9807913,0.19675484,0.22297284,0.00012886837,32
812,2018-08-14,-44.09612069017406,-20.10463579117149,5.1716866,-32.0,-28.0,0.9810543,0.19555587,0.24058457,0.00018460231,32
815,2018-08-14,-44.09290289787887,-20.09361361895037,11.047609,-34.0,-32.0,0.9477484,0.3269546,0.24155085,0.00027799365,32
817,2018-08-14,-44.15326868133674,-20.081935365049425,7.2806478,-60.0,40.0,0.97455287,0.22695863,0.23753211,0.00013418394,32
819,2018-08-14,-44.15391223979578,-20.07025711114848,7.2753587,-58.0,40.0,0.96879125,0.251771,0.22422275,0.00012923428,32
826,2018-08-14,-44.09573455509864,-20.100436868420587,5.9214454,-40.0,-32.0,0.85571986,0.5583373,0.24542302,0.00029766848,32
839,2018-08-14,-44.1541696631794,-20.07983590367397,8.677112,-60.0,40.0,0.9838538,0.18029623,0.23935002,0.00027133914,32
842,2018-08-14,-44.161892364687866,-20.07708036061869,7.3208485,-62.0,36.0,0.98912096,0.14776096,0.22787876,9.263296e-05,32
843,2018-08-14,-44.09715038370853,-20.098731056053037,9.505269,-42.0,-16.0,0.8399253,0.5894708,0.22958055,0.00012341807,32
849,2018-08-14,-44.09689296032491,-20.098862272389,8.18207,-40.0,-16.0,0.8082655,0.64302075,0.23864205,0.00013250821,32
878,2018-08-14,-44.15532806840567,-20.07944225466608,7.6279325,-60.0,40.0,0.98164153,0.19241036,0.24028865,0.00024076854,32
879,2018-08-14,-44.15172414103505,-20.083772393752945,8.132733,-62.0,40.0,0.94224805,0.34635422,0.23466736,0.00017846754,32
881,2018-08-14,-44.09727909540033,-20.098731056053037,10.081006,-40.0,-16.0,0.8462761,0.57560474,0.22890337,7.089602e-05,32
902,2018-08-14,-44.09135835757717,-20.090201994215263,10.338524,-54.0,-32.0,0.9236139,0.3990633,0.23943725,0.00012808619,32
917,2018-08-14,-44.0917444926526,-20.09164537391089,11.224465,-66.0,-28.0,0.8399489,0.58606946,0.23359168,6.524553e-05,32
922,2018-08-14,-44.095863266790445,-20.09702524368548,12.47721,-32.0,-16.0,0.8334973,0.6023138,0.22462654,0.00019463511,32
953,2018-08-14,-44.09715038370853,-20.098862272389,9.155919,-42.0,-12.0,0.81594616,0.6319421,0.22483456,0.00016212075,32
988,2018-08-14,-44.1591894191599,-20.06592697206161,7.3346553,-64.0,36.0,0.9466307,0.33186823,0.23593827,9.492854e-05,32
991,2018-08-14,-44.1575161671664,-20.08482212444067,6.650197,-60.0,40.0,0.9994936,0.03182455,0.23950803,0.00027012592,32
1001,2018-08-14,-44.161892364687866,-20.076817927946763,8.825103,-64.0,32.0,0.96615434,0.26191953,0.23441048,8.023096e-05,32
1002,2018-08-14,-44.09444743818056,-20.09492578231003,-13.952633,-34.0,-32.0,1.0,0.00039513933,0.22878867,0.00025367626,32
1010,2018-08-14,-44.15365481641216,-20.083509961081013,7.87029,-62.0,40.0,0.99335134,0.11545927,0.23778822,0.00019389139,32
1020,2018-08-14,-44.16292205822233,-20.072094139852,5.558037,-60.0,40.0,0.91512394,0.41756633,0.24028625,0.0001782693,32
1034,2018-08-14,-44.16202107637967,-20.07721157695466,9.722103,-60.0,40.0,0.981273,0.1944176,0.24814238,0.00010865971,32
1040,2018-08-14,-44.161892364687866,-20.07721157695466,7.8472137,-60.0,40.0,0.96591824,0.26365894,0.2468073,0.00010343269,32
1050,2018-08-14,-44.09457614987237,-20.102405113460076,5.8167443,-38.0,-36.0,0.93953866,0.35215226,0.24512702,0.00030498733,32
1070,2018-08-14,-44.1575161671664,-20.08482212444067,6.2336764,-60.0,36.0,0.96219236,0.28010356,0.23884472,0.00017387042,32
1072,2018-08-14,-44.0917444926526,-20.09164537391089,10.807486,-64.0,-36.0,0.91248626,0.42968604,0.23979232,7.8801335e-05,32
1076,2018-08-14,-44.15880328408448,-20.06592697206161,7.2616878,-60.0,40.0,0.93656856,0.36525702,0.23667216,7.3392395e-05,32
1079,2018-08-14,-44.15391223979578,-20.07025711114848,8.723681,-60.0,40.0,0.9695847,0.24850449,0.24799877,9.992429e-05,32
1091,2018-08-14,-44.158417149009054,-20.0850845571126,9.28364,-58.0,36.0,0.8887288,0.4815745,0.24550791,0.00012143039,32
1092,2018-08-14,-44.1509518708842,-20.07432481756341,8.903593,-64.0,40.0,0.87775964,0.53542435,0.2352003,0.00030330935,32
1099,2018-08-14,-44.093546456337904,-20.09361361895037,9.383513,-52.0,-36.0,0.8961929,0.46807668,0.23183072,0.00010412827,32
1102,2018-08-14,-44.16292205822233,-20.072094139852,5.535588,-60.0,40.0,0.91454065,0.42063314,0.23443252,0.00013330363,32
1108,2018-08-14,-44.14734794351358,-20.07878617298625,9.9422,-60.0,40.0,0.99970615,0.02424301,0.23583807,8.263391e-05,32
1117,2018-08-14,-44.16768439081922,-20.071831707180067,6.0193925,-58.0,36.0,0.981466,0.19336696,0.22862582,0.0001814576,32
1127,2018-08-14,-44.09264547449525,-20.09308875360651,7.434835,-62.0,-40.0,0.8971481,0.47378388,0.23896502,0.00011133063,32
1146,2018-08-14,-44.16034782438617,-20.068813731452856,8.727803,-56.0,40.0,0.9864666,0.1649596,0.24976282,0.00036398857,32
1153,2018-08-14,-44.150050889041545,-20.0858718551284,7.94517,-62.0,36.0,0.99220043,0.1250837,0.2397805,0.00020716414,32
1155,2018-08-14,-44.09444743818056,-20.102011464452172,5.97047,-34.0,-40.0,0.92435986,0.39511356,0.23405898,0.00023943702,32
1159,2018-08-14,-44.093546456337904,-20.09400726795827,-8.599821,-28.0,0.0,0.9480586,0.3266401,0.24105251,0.00034425358,32
1163,2018-08-14,-44.09766523047576,-20.105029440179383,4.587112,-28.0,-40.0,0.9311042,0.37839893,0.24166062,0.0001920892,32
1174,2018-08-14,-44.095219708331406,-20.102011464452172,1.633033,-36.0,-40.0,0.9113488,0.42841828,0.24216647,0.00012990848,32
1181,2018-08-14,-44.09161578096079,-20.093219969942474,-12.944535,-28.0,-8.0,0.8859077,0.49635297,0.23633368,0.00021885987,32
1189,2018-08-14,-44.09715038370853,-20.098731056053037,10.08131,-42.0,-16.0,0.8359385,0.6007249,0.24258535,0.00012660914,32
1191,2018-08-14,-44.095219708331406,-20.095844296661788,-11.072441,-28.0,-12.0,0.8651284,0.5359111,0.24847127,0.00020080352,32
1197,2018-08-14,-44.16214978807148,-20.07616184626693,8.971621,-60.0,40.0,0.9665673,0.26143262,0.24416661,0.00011817686,32
1204,2018-08-14,-44.093546456337904,-20.094400916966165,-9.4492035,-26.0,0.0,0.93913746,0.35383812,0.24792047,0.0003644777,32
1217,2018-08-14,-44.16202107637967,-20.074718466571312,8.642127,-58.0,40.0,0.9690986,0.2505538,0.24575986,9.5118936e-05,32
1231,2018-08-14,-44.14992217734974,-20.08692158581612,8.5219755,-60.0,32.0,0.9371452,0.3654364,0.24572617,0.00011899009,32
1247,2018-08-14,-44.094704861564175,-20.094663349638097,-10.351457,-30.0,-12.0,0.9238721,0.39515322,0.2348293,0.00022071703,32
1251,2018-08-14,-44.09251676280344,-20.093219969942474,10.2504835,-48.0,-36.0,0.89386845,0.4703759,0.24224225,0.00015514281,32
1256,2018-08-14,-44.09483357325598,-20.093219969942474,10.7151785,-52.0,-40.0,0.86129993,0.54238904,0.24783906,0.0001059604,32
1259,2018-08-14,-44.16227849976329,-20.072881437867792,9.781726,-60.0,40.0,0.9829678,0.18534474,0.24443871,0.00014352797,32
1260,2018-08-14,-44.15481322163844,-20.071044409164276,6.8412323,-60.0,32.0,0.9734008,0.23258153,0.23211527,0.00010914595,32
1289,2018-08-14,-44.1541696631794,-20.07983590367397,7.2643905,-60.0,40.0,0.9900696,0.14119089,0.24933314,0.00012980548,32
1290,2018-08-14,-44.095219708331406,-20.095319431317925,-13.114556,-28.0,-4.0,0.9366193,0.3611681,0.23686811,0.0001664893,32
1291,2018-08-14,-44.094704861564175,-20.09361361895037,7.331005,-54.0,-40.0,0.8996914,0.4565308,0.2475767,0.00012423437,32
1292,2018-08-14,-44.09303160957067,-20.09335118627844,9.411491,-52.0,-36.0,0.9403788,0.35013777,0.23605238,0.00015071555,32
1305,2018-08-14,-44.09715038370853,-20.098862272389,8.459906,-42.0,-8.0,0.83434314,0.59625983,0.23497155,0.00011737869,32
1313,2018-08-14,-44.1558429151729,-20.07340630321165,7.940443,-60.0,40.0,0.9211648,0.4038228,0.23622842,0.00013031399,32
1329,2018-08-14,-44.1509518708842,-20.07445603389938,8.743798,-62.0,40.0,0.91050994,0.4318001,0.2425376,0.00029912443,32
25,2018-08-26,-44.177981326163845,-20.065402106717748,5.6037793,-62.0,36.0,0.9934322,0.114803776,0.12596866,0.00017885656,32
36,2018-08-26,-44.161892364687866,-20.07708036061869,5.4625125,-62.0,40.0,0.9895274,0.14510763,0.16019304,0.00016061729,32
49,2018-08-26,-44.158288437317246,-20.066320621069508,5.8649874,-60.0,36.0,0.9677011,0.25603223,0.16889001,0.00021117146,32
51,2018-08-26,-44.1575161671664,-20.08482212444067,5.9606113,-60.0,40.0,0.99133533,0.13187632,0.15246536,0.00031897012,32
55,2018-08-26,-44.15597162686471,-20.07904860565818,7.3005295,-58.0,40.0,0.99169916,0.12906517,0.17269787,0.00030624378,32
58,2018-08-26,-44.1591894191599,-20.06592697206161,5.549932,-64.0,40.0,0.9866735,0.1637098,0.16357863,0.00016910466,32
60,2018-08-26,-44.158417149009054,-20.066714270077405,4.5523143,-60.0,32.0,0.9606683,0.28429142,0.16295098,0.00027915908,32
70,2018-08-26,-44.15558549178928,-20.073143870539724,4.740716,-58.0,40.0,0.98207843,0.1903084,0.16551217,0.00015617402,32
72,2018-08-26,-44.161892364687866,-20.076817927946763,3.5997658,-60.0,40.0,0.98664135,0.16406055,0.17289028,0.00018321899,32
77,2018-08-26,-44.15558549178928,-20.073143870539724,3.5210097,-60.0,40.0,0.9936751,0.11267752,0.17115304,0.0002308823,32
78,2018-08-26,-44.16176365299606,-20.07708036061869,4.7504907,-62.0,40.0,0.98854494,0.15176974,0.17172363,0.0001721688,32
79,2018-08-26,-44.177981326163845,-20.065533323053717,5.4746976,-62.0,36.0,0.9964764,0.08401511,0.16623512,0.00018862613,32
86,2018-08-26,-44.157130032090976,-20.07235657252393,6.368301,-60.0,36.0,0.99061596,0.13728343,0.15821503,0.00026863083,32
87,2018-08-26,-44.15365481641216,-20.08364117741698,6.417549,-62.0,40.0,0.9950991,0.0991742,0.17583664,0.00029401673,32
92,2018-08-26,-44.15365481641216,-20.08364117741698,5.3253956,-62.0,40.0,0.99385124,0.11107637,0.1650057,0.00031562397,32
101,2018-08-26,-44.157130032090976,-20.07235657252393,5.981205,-60.0,36.0,0.98830754,0.15364271,0.16259168,0.0002030594,32
102,2018-08-26,-44.1575161671664,-20.08482212444067,4.678258,-60.0,36.0,0.9933006,0.11592739,0.16052273,0.0002825142,32
106,2018-08-26,-44.158288437317246,-20.066320621069508,5.3991256,-60.0,40.0,0.96672195,0.260466,0.17711703,0.00022746764,32
107,2018-08-26,-44.150050889041545,-20.0858718551284,4.9451194,-62.0,32.0,0.9972439,0.07430704,0.17113066,0.00025208955,32
108,2018-08-26,-44.095348420023214,-20.095581863989857,-9.339783,-26.0,-4.0,0.9112881,0.43588206,0.17609175,0.00035253962,32
109,2018-08-26,-44.15815972562544,-20.068026433437065,5.7134194,-60.0,40.0,0.92887574,0.38277623,0.18616179,0.00031713524,32
111,2018-08-26,-44.15558549178928,-20.073143870539724,3.5871441,-58.0,40.0,0.9956475,0.093374655,0.16038811,0.00014709214,32
116,2018-08-26,-44.15597162686471,-20.07904860565818,7.055181,-60.0,40.0,0.98307085,0.18469657,0.19299243,0.00018906631,32
120,2018-08-26,-44.15442708656301,-20.0717004908441,4.7037497,-60.0,40.0,0.98103976,0.19561706,0.18038051,0.0002138021,32
122,2018-08-26,-44.177981326163845,-20.065402106717748,5.471539,-62.0,36.0,0.9920553,0.12631515,0.16516092,0.00013893403,32
124,2018-08-26,-44.16768439081922,-20.071831707180067,5.138501,-58.0,40.0,0.9844347,0.17712511,0.16961817,0.00019569618,32
125,2018-08-26,-44.09316032126248,-20.103192411475867,6.0126734,-30.0,-28.0,0.9221537,0.4055343,0.18537693,0.00026284982,32
135,2018-08-26,-44.1575161671664,-20.08482212444067,5.484559,-60.0,40.0,0.9926844,0.12122337,0.17335667,0.00032299763,32
166,2018-08-26,-44.16227849976329,-20.07301265420376,5.0611224,-60.0,40.0,0.9948693,0.10141454,0.17611928,0.0002781563,32
169,2018-08-26,-44.15906070746809,-20.06592697206161,3.401541,-62.0,36.0,0.96458185,0.26856968,0.1896261,7.7959645e-05,32
183,2018-08-26,-44.161892364687866,-20.07721157695466,5.5584226,-60.0,40.0,0.98572654,0.16954353,0.20472775,0.00016644613,32
184,2018-08-26,-44.14914990719889,-20.083509961081013,4.803478,-62.0,24.0,0.92275953,0.39962417,0.18632154,0.00019650752,32
192,2018-08-26,-44.15558549178928,-20.073143870539724,4.8900228,-58.0,36.0,0.96856844,0.2538515,0.20102504,0.00022607588,32
208,2018-08-26,-44.09547713171502,-20.096631594677586,16.112894,-16.0,-28.0,0.8838611,0.4968438,0.19951294,0.00028506762,32
209,2018-08-26,-44.09573455509864,-20.104242142163592,3.9230356,-30.0,-32.0,0.99192834,0.12720996,0.20155519,0.00028709535,32
211,2018-08-26,-44.14824892535624,-20.08482212444067,4.5747023,-62.0,36.0,0.97233886,0.23678724,0.1985304,0.00017741922,32
227,2018-08-26,-44.15172414103505,-20.083772393752945,5.143915,-62.0,40.0,0.9442581,0.34013498,0.17343715,0.00015305412,32
230,2018-08-26,-44.1558429151729,-20.078654956650283,6.280275,-58.0,40.0,0.99377,0.11183355,0.20406978,0.00019458176,32
234,2018-08-26,-44.09496228494779,-20.095319431317925,-10.620733,-30.0,-20.0,0.933926,0.3708147,0.21000704,0.00035274707,32
235,2018-08-26,-44.1672982557438,-20.07393116855552,4.565324,-60.0,40.0,0.94888365,0.32600248,0.19429739,0.00019437468,32
250,2018-08-26,-44.1558429151729,-20.071831707180067,6.32152,-58.0,36.0,0.9687802,0.25208294,0.20764968,0.00012654542,32
262,2018-08-26,-44.15558549178928,-20.073143870539724,4.155225,-60.0,40.0,0.9888833,0.14947388,0.214402,0.00019721958,32
279,2018-08-26,-44.15378352810397,-20.08390361008891,7.7069683,-62.0,40.0,0.9593733,0.28800502,0.1987492,0.00014123438,32
292,2018-08-26,-44.09277418618706,-20.09308875360651,7.4822636,-62.0,-40.0,0.94386774,0.3385104,0.2108965,0.00015072811,32
294,2018-08-26,-44.150050889041545,-20.0858718551284,4.381505,-62.0,40.0,0.99573416,0.09243322,0.20145847,0.00022659368,32
297,2018-08-26,-44.1509518708842,-20.07445603389938,7.124465,-62.0,40.0,0.91531914,0.42315394,0.18903947,0.000473964,32
298,2018-08-26,-44.09573455509864,-20.104110925827623,5.2216806,-32.0,-32.0,0.9713802,0.24072301,0.20770803,0.00019924583,32
302,2018-08-26,-44.1509518708842,-20.07445603389938,6.8846393,-64.0,40.0,0.9010573,0.46399283,0.19030711,0.00030566705,32
307,2018-08-26,-44.15558549178928,-20.073143870539724,4.251357,-60.0,36.0,0.94426954,0.33953795,0.21462357,0.0001921205,32
322,2018-08-26,-44.16150622961244,-20.065533323053717,5.2585993,-58.0,32.0,0.9559043,0.30019727,0.20587029,0.00021429466,32
326,2018-08-26,-44.158417149009054,-20.066714270077405,5.549282,-60.0,28.0,0.92922074,0.38275728,0.21405818,0.00021434038,32
334,2018-08-26,-44.14824892535624,-20.08482212444067,6.3883095,-64.0,36.0,0.9591197,0.28854805,0.20624818,0.00011566065,32
341,2018-08-26,-44.093417744646096,-20.094138484294238,-11.372855,-30.0,0.0,0.9271192,0.38806647,0.20293237,0.00020528595,32
342,2018-08-26,-44.09573455509864,-20.104110925827623,2.5213592,-28.0,-32.0,0.967172,0.2586741,0.21095438,0.00017666417,32
343,2018-08-26,-44.094704861564175,-20.094663349638097,-10.834053,-30.0,-12.0,0.9320163,0.37439924,0.20520887,0.00024680147,32
350,2018-08-26,-44.15494193333024,-20.07143805817217,6.4320307,-60.0,32.0,0.9771433,0.21485306,0.2082436,0.000101412086,32
351,2018-08-26,-44.15365481641216,-20.083509961081013,4.7149563,-62.0,40.0,0.99176425,0.12863493,0.1975397,0.00024892512,32
354,2018-08-26,-44.095219708331406,-20.10188024811621,3.532769,-34.0,-40.0,0.85031635,0.56276417,0.19688289,0.0001462547,32
355,2018-08-26,-44.14721923182177,-20.07944225466608,7.6954527,-62.0,40.0,0.9097379,0.4362786,0.20008743,0.0001692326,32
358,2018-08-26,-44.161892364687866,-20.076817927946763,4.439416,-60.0,40.0,0.97885114,0.2066355,0.2046915,0.00012147129,32
365,2018-08-26,-44.09483357325598,-20.095975512997757,-10.817406,-16.0,-16.0,0.87048537,0.5251366,0.2145026,0.00022786683,32
371,2018-08-26,-44.16150622961244,-20.065533323053717,6.09211,-58.0,36.0,0.96249855,0.27732918,0.21806788,0.00021408769,32
372,2018-08-26,-44.156615185323744,-20.07235657252393,7.421191,-60.0,40.0,0.98747224,0.15874347,0.22571152,0.00016332245,32
376,2018-08-26,-44.177981326163845,-20.065533323053717,5.3873606,-64.0,40.0,0.98931545,0.14667082,0.2060611,0.0001226925,32
428,2018-08-26,-44.095348420023214,-20.099255921396896,11.612257,-34.0,-20.0,0.8599175,0.5520587,0.21099286,0.00021701,32
445,2018-08-26,-44.15030831242516,-20.084690908104704,3.9709482,-62.0,40.0,0.9537714,0.31028697,0.19998807,0.00011961138,32
451,2018-08-26,-44.095348420023214,-20.09269510459861,8.347887,-50.0,-32.0,0.89500684,0.4699368,0.21193483,0.000103801125,32
452,2018-08-26,-44.1624072114551,-20.06658305374144,4.23733,-60.0,36.0,0.99999905,0.0013166264,0.18705474,0.00012239197,32
454,2018-08-26,-44.161892364687866,-20.07721157695466,6.2123866,-60.0,40.0,0.98762494,0.15781839,0.21329112,0.000108521395,32
462,2018-08-26,-44.1492786188907,-20.083772393752945,6.1201696,-62.0,36.0,0.9009371,0.45448023,0.21690197,0.00015435196,32
468,2018-08-26,-44.16768439081922,-20.071831707180067,4.927308,-58.0,40.0,0.99912137,0.041926306,0.1979922,0.00025140448,32
469,2018-08-26,-44.156615185323744,-20.07235657252393,7.6607213,-62.0,40.0,0.9884701,0.15216252,0.21888806,0.00014295946,32
475,2018-08-26,-44.16150622961244,-20.06684548641337,5.855093,-60.0,40.0,0.9333956,0.37320685,0.20200405,0.00019318266,32
480,2018-08-26,-44.09573455509864,-20.10437335849956,4.352131,-30.0,-28.0,0.97603565,0.21994607,0.22386426,0.00023246644,32
489,2018-08-26,-44.15378352810397,-20.0854782061205,5.2126365,-60.0,36.0,0.98614484,0.16707681,0.22113495,0.00015665224,32
498,2018-08-26,-44.16202107637967,-20.07760522596256,6.5381355,-60.0,40.0,0.9739393,0.22963941,0.22176117,0.00018630472,32
515,2018-08-26,-44.177981326163845,-20.065533323053717,6.4702497,-62.0,40.0,0.99098617,0.13457483,0.22828959,0.00014239682,32
517,2018-08-26,-44.16137751792064,-20.071044409164276,5.2180986,-58.0,40.0,0.9873319,0.16011351,0.20574138,0.000113239825,32
518,2018-08-26,-44.16202107637967,-20.07760522596256,7.1704454,-60.0,36.0,0.9819957,0.19045453,0.2204059,0.00024409748,32
520,2018-08-26,-44.14992217734974,-20.08692158581612,5.1094513,-60.0,32.0,0.9329311,0.37142602,0.22161011,0.00016959709,32
533,2018-08-26,-44.093546456337904,-20.09361361895037,9.436114,-54.0,-36.0,0.92416435,0.39691073,0.22529994,0.00012681105,32
538,2018-08-26,-44.15468450994663,-20.07904860565818,2.904384,-60.0,40.0,0.9603823,0.28433818,0.2098461,7.573011e-05,32
547,2018-08-26,-44.1509518708842,-20.07432481756341,6.9835324,-62.0,40.0,0.90768754,0.43956012,0.21304497,0.00048326713,32
551,2018-08-26,-44.09431872648875,-20.09361361895037,6.2190485,-60.0,-40.0,0.9269395,0.38688326,0.22368047,8.363042e-05,32
573,2018-08-26,-44.09715038370853,-20.10437335849956,2.7082806,-26.0,-40.0,0.981993,0.19041304,0.21994461,0.00020242653,32
591,2018-08-26,-44.09637811355768,-20.10476700750745,7.3400574,-28.0,-28.0,0.88030064,0.50150853,0.24380408,0.00016093155,32
595,2018-08-26,-44.09277418618706,-20.09308875360651,5.252091,-60.0,-36.0,0.9506957,0.31798822,0.22435091,0.00015162292,32
597,2018-08-26,-44.094704861564175,-20.09361361895037,7.0359607,-56.0,-40.0,0.9236856,0.39662957,0.221461,0.00016114896,32
617,2018-08-26,-44.095348420023214,-20.095581863989857,-10.846721,-28.0,-12.0,0.91071886,0.43331236,0.20454994,0.00030632524,32
621,2018-08-26,-44.095348420023214,-20.095581863989857,-11.793619,-30.0,-16.0,0.919275,0.40785578,0.221529,0.00037647443,32
631,2018-08-26,-44.150050889041545,-20.08574063879243,3.878876,-62.0,32.0,0.96217763,0.27867618,0.2173203,0.00012443759,32
632,2018-08-26,-44.158417149009054,-20.066714270077405,3.8658876,-62.0,32.0,0.9420799,0.3442246,0.21013477,0.0001555898,32
639,2018-08-26,-44.14721923182177,-20.07944225466608,6.660497,-62.0,40.0,0.9141801,0.42269146,0.23625557,0.00014431524,32
642,2018-08-26,-44.093417744646096,-20.09361361895037,9.173347,-50.0,-32.0,0.95720506,0.29472056,0.22483774,0.00017313514,32
659,2018-08-26,-44.09316032126248,-20.093876051622303,-10.495236,-26.0,0.0,0.9202357,0.41621837,0.23191184,0.0004714754,32
666,2018-08-26,-44.09612069017406,-20.098599839717068,13.471762,-32.0,-20.0,0.8369649,0.59542996,0.22777635,0.00024879372,32
674,2018-08-26,-44.15803101393363,-20.068026433437065,6.3242226,-60.0,40.0,0.9488301,0.32394177,0.21363357,0.00017669244,32
687,2018-08-26,-44.095348420023214,-20.095844296661788,-9.681025,-26.0,-12.0,0.9264778,0.39259818,0.2429174,0.0003334301,32
689,2018-08-26,-44.094704861564175,-20.102273897124107,3.3739133,-40.0,-24.0,0.8999888,0.45509607,0.22149613,0.00017279296,32
699,2018-08-26,-44.09277418618706,-20.092957537270543,6.4015646,-60.0,-36.0,0.8248223,0.62379014,0.22112992,0.00010524349,32
704,2018-08-26,-44.16227849976329,-20.07301265420376,3.2098327,-60.0,40.0,0.9730441,0.23360339,0.21389751,0.00015998124,32
738,2018-08-26,-44.16137751792064,-20.071044409164276,5.4475284,-58.0,40.0,0.9537537,0.30705687,0.21450779,8.5356805e-05,32
743,2018-08-26,-44.095219708331406,-20.10292997880393,2.704269,-34.0,-32.0,0.963839,0.27309382,0.2487394,0.00023321668,32
748,2018-08-26,-44.1672982557438,-20.073799952219552,4.991807,-60.0,40.0,0.9394868,0.35379896,0.2385987,0.00016835134,32
749,2018-08-26,-44.15970426592713,-20.064614808701958,5.6624565,-60.0,36.0,0.9923783,0.1236501,0.23288263,0.00010213836,32
753,2018-08-26,-44.09444743818056,-20.09453213330213,-10.394288,-30.0,4.0,0.93633944,0.3616963,0.24223724,0.0002814164,32
772,2018-08-26,-44.093546456337904,-20.094400916966165,-8.585614,-26.0,12.0,0.9233013,0.3976936,0.23818585,0.00025641994,32
778,2018-08-26,-44.14824892535624,-20.084690908104704,6.574027,-64.0,40.0,0.993268,0.11620175,0.217038,0.000119338845,32
781,2018-08-26,-44.09277418618706,-20.092957537270543,6.4536,-64.0,-40.0,0.9240293,0.3957767,0.23231132,0.00016137642,32
785,2018-08-26,-44.15648647363194,-20.07655549527483,5.548146,-58.0,32.0,0.947436,0.32984012,0.24211547,8.705073e-05,32
795,2018-08-26,-44.09740780709214,-20.10463579117149,2.951469,-30.0,-40.0,0.8850024,0.53440773,0.22723202,0.0001532011,32
800,2018-08-26,-44.1674269674356,-20.07432481756341,3.6305058,-60.0,40.0,0.99912155,0.04192622,0.23580386,0.00012518003,32
809,2018-08-26,-44.16163494130425,-20.076817927946763,2.3178885,-60.0,40.0,0.9765173,0.21793333,0.2365612,0.00012580244,32
810,2018-08-26,-44.15906070746809,-20.06566453938968,4.125235,-64.0,40.0,0.9807913,0.19675484,0.22297284,0.00012886837,32
812,2018-08-26,-44.09612069017406,-20.10463579117149,4.326726,-32.0,-28.0,0.9810543,0.19555587,0.24058457,0.00018460231,32
815,2018-08-26,-44.09290289787887,-20.09361361895037,9.862652,-34.0,-32.0,0.9477484,0.3269546,0.24155085,0.00027799365,32
817,2018-08-26,-44.15326868133674,-20.081935365049425,5.8008027,-60.0,40.0,0.97455287,0.22695863,0.23753211,0.00013418394,32
819,2018-08-26,-44.15391223979578,-20.07025711114848,4.409699,-58.0,40.0,0.96879125,0.251771,0.22422275,0.00012923428,32
826,2018-08-26,-44.09573455509864,-20.100436868420587,8.252972,-40.0,-32.0,0.85571986,0.5583373,0.24542302,0.00029766848,32
839,2018-08-26,-44.1541696631794,-20.07983590367397,5.5935435,-60.0,40.0,0.9838538,0.18029623,0.23935002,0.00027133914,32
842,2018-08-26,-44.161892364687866,-20.07708036061869,5.543437,-62.0,36.0,0.98912096,0.14776096,0.22787876,9.263296e-05,32
843,2018-08-26,-44.09715038370853,-20.098731056053037,7.9603176,-42.0,-16.0,0.8399253,0.5894708,0.22958055,0.00012341807,32
849,2018-08-26,-44.09689296032491,-20.098862272389,7.723343,-40.0,-16.0,0.8082655,0.64302075,0.23864205,0.00013250821,32
878,2018-08-26,-44.15532806840567,-20.07944225466608,4.874118,-60.0,40.0,0.98164153,0.19241036,0.24028865,0.00024076854,32
879,2018-08-26,-44.15172414103505,-20.083772393752945,3.7111397,-62.0,40.0,0.94224805,0.34635422,0.23466736,0.00017846754,32
881,2018-08-26,-44.09727909540033,-20.098731056053037,9.919745,-40.0,-16.0,0.8462761,0.57560474,0.22890337,7.089602e-05,32
902,2018-08-26,-44.09135835757717,-20.090201994215263,7.7500997,-54.0,-32.0,0.9236139,0.3990633,0.23943725,0.00012808619,32
917,2018-08-26,-44.0917444926526,-20.09164537391089,10.894169,-66.0,-28.0,0.8399489,0.58606946,0.23359168,6.524553e-05,32
922,2018-08-26,-44.095863266790445,-20.09702524368548,12.478275,-32.0,-16.0,0.8334973,0.6023138,0.22462654,0.00019463511,32
953,2018-08-26,-44.09715038370853,-20.098862272389,7.257842,-42.0,-12.0,0.81594616,0.6319421,0.22483456,0.00016212075,32
988,2018-08-26,-44.1591894191599,-20.06592697206161,4.267941,-64.0,36.0,0.9466307,0.33186823,0.23593827,9.492854e-05,32
991,2018-08-26,-44.1575161671664,-20.08482212444067,4.5846357,-60.0,40.0,0.9994936,0.03182455,0.23950803,0.00027012592,32
1001,2018-08-26,-44.161892364687866,-20.076817927946763,6.024746,-64.0,32.0,0.96615434,0.26191953,0.23441048,8.023096e-05,32
1002,2018-08-26,-44.09444743818056,-20.09492578231003,-14.834676,-34.0,-32.0,1.0,0.00039513933,0.22878867,0.00025367626,32
1010,2018-08-26,-44.15365481641216,-20.083509961081013,5.229249,-62.0,40.0,0.99335134,0.11545927,0.23778822,0.00019389139,32
1020,2018-08-26,-44.16292205822233,-20.072094139852,4.506154,-60.0,40.0,0.91512394,0.41756633,0.24028625,0.0001782693,32
1034,2018-08-26,-44.16202107637967,-20.07721157695466,6.123166,-60.0,40.0,0.981273,0.1944176,0.24814238,0.00010865971,32
1040,2018-08-26,-44.161892364687866,-20.07721157695466,6.0120974,-60.0,40.0,0.96591824,0.26365894,0.2468073,0.00010343269,32
1050,2018-08-26,-44.09457614987237,-20.102405113460076,6.550859,-38.0,-36.0,0.93953866,0.35215226,0.24512702,0.00030498733,32
1070,2018-08-26,-44.1575161671664,-20.08482212444067,4.30188,-60.0,36.0,0.96219236,0.28010356,0.23884472,0.00017387042,32
1072,2018-08-26,-44.0917444926526,-20.09164537391089,11.208415,-64.0,-36.0,0.91248626,0.42968604,0.23979232,7.8801335e-05,32
1076,2018-08-26,-44.15880328408448,-20.06592697206161,8.417696,-60.0,40.0,0.93656856,0.36525702,0.23667216,7.3392395e-05,32
1079,2018-08-26,-44.15391223979578,-20.07025711114848,7.335322,-60.0,40.0,0.9695847,0.24850449,0.24799877,9.992429e-05,32
1091,2018-08-26,-44.158417149009054,-20.0850845571126,6.5211782,-58.0,36.0,0.8887288,0.4815745,0.24550791,0.00012143039,32
1092,2018-08-26,-44.1509518708842,-20.07432481756341,6.8377094,-64.0,40.0,0.87775964,0.53542435,0.2352003,0.00030330935,32
1099,2018-08-26,-44.093546456337904,-20.09361361895037,9.483986,-52.0,-36.0,0.8961929,0.46807668,0.23183072,0.00010412827,32
1102,2018-08-26,-44.16292205822233,-20.072094139852,3.6729333,-60.0,40.0,0.91454065,0.42063314,0.23443252,0.00013330363,32
1108,2018-08-26,-44.14734794351358,-20.07878617298625,7.6939073,-60.0,40.0,0.99970615,0.02424301,0.23583807,8.263391e-05,32
1117,2018-08-26,-44.16768439081922,-20.071831707180067,4.136724,-58.0,36.0,0.981466,0.19336696,0.22862582,0.0001814576,32
1127,2018-08-26,-44.09264547449525,-20.09308875360651,5.6749578,-62.0,-40.0,0.8971481,0.47378388,0.23896502,0.00011133063,32
1146,2018-08-26,-44.16034782438617,-20.068813731452856,7.254092,-56.0,40.0,0.9864666,0.1649596,0.24976282,0.00036398857,32
1153,2018-08-26,-44.150050889041545,-20.0858718551284,6.0307403,-62.0,36.0,0.99220043,0.1250837,0.2397805,0.00020716414,32
1155,2018-08-26,-44.09444743818056,-20.102011464452172,7.9336085,-34.0,-40.0,0.92435986,0.39511356,0.23405898,0.00023943702,32
1159,2018-08-26,-44.093546456337904,-20.09400726795827,-10.35971,-28.0,0.0,0.9480586,0.3266401,0.24105251,0.00034425358,32
1163,2018-08-26,-44.09766523047576,-20.105029440179383,3.4049203,-28.0,-40.0,0.9311042,0.37839893,0.24166062,0.0001920892,32
1174,2018-08-26,-44.095219708331406,-20.102011464452172,2.0775352,-36.0,-40.0,0.9113488,0.42841828,0.24216647,0.00012990848,32
1181,2018-08-26,-44.09161578096079,-20.093219969942474,-14.356795,-28.0,-8.0,0.8859077,0.49635297,0.23633368,0.00021885987,32
1189,2018-08-26,-44.09715038370853,-20.098731056053037,7.713982,-42.0,-16.0,0.8359385,0.6007249,0.24258535,0.00012660914,32
1191,2018-08-26,-44.095219708331406,-20.095844296661788,-11.763441,-28.0,-12.0,0.8651284,0.5359111,0.24847127,0.00020080352,32
1197,2018-08-26,-44.16214978807148,-20.07616184626693,5.9802895,-60.0,40.0,0.9665673,0.26143262,0.24416661,0.00011817686,32
1204,2018-08-26,-44.093546456337904,-20.094400916966165,-10.699319,-26.0,0.0,0.93913746,0.35383812,0.24792047,0.0003644777,32
1217,2018-08-26,-44.16202107637967,-20.074718466571312,7.0180492,-58.0,40.0,0.9690986,0.2505538,0.24575986,9.5118936e-05,32
1231,2018-08-26,-44.14992217734974,-20.08692158581612,7.262553,-60.0,32.0,0.9371452,0.3654364,0.24572617,0.00011899009,32
1247,2018-08-26,-44.094704861564175,-20.094663349638097,-9.025902,-30.0,-12.0,0.9238721,0.39515322,0.2348293,0.00022071703,32
1251,2018-08-26,-44.09251676280344,-20.093219969942474,7.7098746,-48.0,-36.0,0.89386845,0.4703759,0.24224225,0.00015514281,32
1256,2018-08-26,-44.09483357325598,-20.093219969942474,9.3521595,-52.0,-40.0,0.86129993,0.54238904,0.24783906,0.0001059604,32
1259,2018-08-26,-44.16227849976329,-20.072881437867792,6.8986096,-60.0,40.0,0.9829678,0.18534474,0.24443871,0.00014352797,32
1260,2018-08-26,-44.15481322163844,-20.071044409164276,4.99518,-60.0,32.0,0.9734008,0.23258153,0.23211527,0.00010914595,32
1289,2018-08-26,-44.1541696631794,-20.07983590367397,5.300552,-60.0,40.0,0.9900696,0.14119089,0.24933314,0.00012980548,32
1290,2018-08-26,-44.095219708331406,-20.095319431317925,-10.617985,-28.0,-4.0,0.9366193,0.3611681,0.23686811,0.0001664893,32
1291,2018-08-26,-44.094704861564175,-20.09361361895037,7.5080304,-54.0,-40.0,0.8996914,0.4565308,0.2475767,0.00012423437,32
1292,2018-08-26,-44.09303160957067,-20.09335118627844,9.511181,-52.0,-36.0,0.9403788,0.35013777,0.23605238,0.00015071555,32
1305,2018-08-26,-44.09715038370853,-20.098862272389,4.190415,-42.0,-8.0,0.83434314,0.59625983,0.23497155,0.00011737869,32
1313,2018-08-26,-44.1558429151729,-20.07340630321165,5.8358717,-60.0,40.0,0.9211648,0.4038228,0.23622842,0.00013031399,32
1329,2018-08-26,-44.1509518708842,-20.07445603389938,7.418598,-62.0,40.0,0.91050994,0.4318001,0.2425376,0.00029912443,32
25,2018-09-07,-44.177981326163845,-20.065402106717748,6.9479294,-62.0,36.0,0.9934322,0.114803776,0.12596866,0.00017885656,32
36,2018-09-07,-44.161892364687866,-20.07708036061869,1.7197192,-62.0,40.0,0.9895274,0.14510763,0.16019304,0.00016061729,32
49,2018-09-07,-44.158288437317246,-20.066320621069508,7.1436687,-60.0,36.0,0.9677011,0.25603223,0.16889001,0.00021117146,32
51,2018-09-07,-44.1575161671664,-20.08482212444067,2.4140174,-60.0,40.0,0.99133533,0.13187632,0.15246536,0.00031897012,32
55,2018-09-07,-44.15597162686471,-20.07904860565818,8.4306135,-58.0,40.0,0.99169916,0.12906517,0.17269787,0.00030624378,32
58,2018-09-07,-44.1591894191599,-20.06592697206161,6.6919584,-64.0,40.0,0.9866735,0.1637098,0.16357863,0.00016910466,32
60,2018-09-07,-44.158417149009054,-20.066714270077405,5.866349,-60.0,32.0,0.9606683,0.28429142,0.16295098,0.00027915908,32
70,2018-09-07,-44.15558549178928,-20.073143870539724,6.0595846,-58.0,40.0,0.98207843,0.1903084,0.16551217,0.00015617402,32
72,2018-09-07,-44.161892364687866,-20.076817927946763,4.9212227,-60.0,40.0,0.98664135,0.16406055,0.17289028,0.00018321899,32
77,2018-09-07,-44.15558549178928,-20.073143870539724,0.5640156,-60.0,40.0,0.9936751,0.11267752,0.17115304,0.0002308823,32
78,2018-09-07,-44.16176365299606,-20.07708036061869,6.198465,-62.0,40.0,0.98854494,0.15176974,0.17172363,0.0001721688,32
79,2018-09-07,-44.177981326163845,-20.065533323053717,1.6770643,-62.0,36.0,0.9964764,0.08401511,0.16623512,0.00018862613,32
86,2018-09-07,-44.157130032090976,-20.07235657252393,2.6773703,-60.0,36.0,0.99061596,0.13728343,0.15821503,0.00026863083,32
87,2018-09-07,-44.15365481641216,-20.08364117741698,7.4583573,-62.0,40.0,0.9950991,0.0991742,0.17583664,0.00029401673,32
92,2018-09-07,-44.15365481641216,-20.08364117741698,6.5232053,-62.0,40.0,0.99385124,0.11107637,0.1650057,0.00031562397,32
101,2018-09-07,-44.157130032090976,-20.07235657252393,7.5158916,-60.0,36.0,0.98830754,0.15364271,0.16259168,0.0002030594,32
102,2018-09-07,-44.1575161671664,-20.08482212444067,1.558301,-60.0,36.0,0.9933006,0.11592739,0.16052273,0.0002825142,32
106,2018-09-07,-44.158288437317246,-20.066320621069508,6.6875215,-60.0,40.0,0.96672195,0.260466,0.17711703,0.00022746764,32
107,2018-09-07,-44.150050889041545,-20.0858718551284,6.234622,-62.0,32.0,0.9972439,0.07430704,0.17113066,0.00025208955,32
108,2018-09-07,-44.095348420023214,-20.095581863989857,-11.799311,-26.0,-4.0,0.9112881,0.43588206,0.17609175,0.00035253962,32
109,2018-09-07,-44.15815972562544,-20.068026433437065,7.715849,-60.0,40.0,0.92887574,0.38277623,0.18616179,0.00031713524,32
111,2018-09-07,-44.15558549178928,-20.073143870539724,4.986943,-58.0,40.0,0.9956475,0.093374655,0.16038811,0.00014709214,32
116,2018-09-07,-44.15597162686471,-20.07904860565818,4.0430336,-60.0,40.0,0.98307085,0.18469657,0.19299243,0.00018906631,32
120,2018-09-07,-44.15442708656301,-20.0717004908441,5.8668613,-60.0,40.0,0.98103976,0.19561706,0.18038051,0.0002138021,32
122,2018-09-07,-44.177981326163845,-20.065402106717748,6.848921,-62.0,36.0,0.9920553,0.12631515,0.16516092,0.00013893403,32
124,2018-09-07,-44.16768439081922,-20.071831707180067,1.7757589,-58.0,40.0,0.9844347,0.17712511,0.16961817,0.00019569618,32
125,2018-09-07,-44.09316032126248,-20.103192411475867,6.0917106,-30.0,-28.0,0.9221537,0.4055343,0.18537693,0.00026284982,32
135,2018-09-07,-44.1575161671664,-20.08482212444067,6.6324368,-60.0,40.0,0.9926844,0.12122337,0.17335667,0.00032299763,32
166,2018-09-07,-44.16227849976329,-20.07301265420376,6.463138,-60.0,40.0,0.9948693,0.10141454,0.17611928,0.0002781563,32
169,2018-09-07,-44.15906070746809,-20.06592697206161,0.27305794,-62.0,36.0,0.96458185,0.26856968,0.1896261,7.7959645e-05,32
183,2018-09-07,-44.161892364687866,-20.07721157695466,6.8306003,-60.0,40.0,0.98572654,0.16954353,0.20472775,0.00016644613,32
184,2018-09-07,-44.14914990719889,-20.083509961081013,5.96343,-62.0,24.0,0.92275953,0.39962417,0.18632154,0.00019650752,32
192,2018-09-07,-44.15558549178928,-20.073143870539724,6.3597913,-58.0,36.0,0.96856844,0.2538515,0.20102504,0.00022607588,32
208,2018-09-07,-44.09547713171502,-20.096631594677586,13.161045,-16.0,-28.0,0.8838611,0.4968438,0.19951294,0.00028506762,32
209,2018-09-07,-44.09573455509864,-20.104242142163592,4.381423,-30.0,-32.0,0.99192834,0.12720996,0.20155519,0.00028709535,32
211,2018-09-07,-44.14824892535624,-20.08482212444067,5.7361593,-62.0,36.0,0.97233886,0.23678724,0.1985304,0.00017741922,32
227,2018-09-07,-44.15172414103505,-20.083772393752945,6.610665,-62.0,40.0,0.9442581,0.34013498,0.17343715,0.00015305412,32
230,2018-09-07,-44.1558429151729,-20.078654956650283,7.6898875,-58.0,40.0,0.99377,0.11183355,0.20406978,0.00019458176,32
234,2018-09-07,-44.09496228494779,-20.095319431317925,-13.911842,-30.0,-20.0,0.933926,0.3708147,0.21000704,0.00035274707,32
235,2018-09-07,-44.1672982557438,-20.07393116855552,5.8034625,-60.0,40.0,0.94888365,0.32600248,0.19429739,0.00019437468,32
250,2018-09-07,-44.1558429151729,-20.071831707180067,7.29262,-58.0,36.0,0.9687802,0.25208294,0.20764968,0.00012654542,32
262,2018-09-07,-44.15558549178928,-20.073143870539724,5.546492,-60.0,40.0,0.9888833,0.14947388,0.214402,0.00019721958,32
279,2018-09-07,-44.15378352810397,-20.08390361008891,3.9932773,-62.0,40.0,0.9593733,0.28800502,0.1987492,0.00014123438,32
292,2018-09-07,-44.09277418618706,-20.09308875360651,8.1315,-62.0,-40.0,0.94386774,0.3385104,0.2108965,0.00015072811,32
294,2018-09-07,-44.150050889041545,-20.0858718551284,5.621713,-62.0,40.0,0.99573416,0.09243322,0.20145847,0.00022659368,32
297,2018-09-07,-44.1509518708842,-20.07445603389938,8.412855,-62.0,40.0,0.91531914,0.42315394,0.18903947,0.000473964,32
298,2018-09-07,-44.09573455509864,-20.104110925827623,4.8657527,-32.0,-32.0,0.9713802,0.24072301,0.20770803,0.00019924583,32
302,2018-09-07,-44.1509518708842,-20.07445603389938,8.192128,-64.0,40.0,0.9010573,0.46399283,0.19030711,0.00030566705,32
307,2018-09-07,-44.15558549178928,-20.073143870539724,6.598203,-60.0,36.0,0.94426954,0.33953795,0.21462357,0.0001921205,32
322,2018-09-07,-44.16150622961244,-20.065533323053717,6.3338437,-58.0,32.0,0.9559043,0.30019727,0.20587029,0.00021429466,32
326,2018-09-07,-44.158417149009054,-20.066714270077405,7.620368,-60.0,28.0,0.92922074,0.38275728,0.21405818,0.00021434038,32
334,2018-09-07,-44.14824892535624,-20.08482212444067,7.459859,-64.0,36.0,0.9591197,0.28854805,0.20624818,0.00011566065,32
341,2018-09-07,-44.093417744646096,-20.094138484294238,-13.34004,-30.0,0.0,0.9271192,0.38806647,0.20293237,0.00020528595,32
342,2018-09-07,-44.09573455509864,-20.104110925827623,3.1288178,-28.0,-32.0,0.967172,0.2586741,0.21095438,0.00017666417,32
343,2018-09-07,-44.094704861564175,-20.094663349638097,-13.809148,-30.0,-12.0,0.9320163,0.37439924,0.20520887,0.00024680147,32
350,2018-09-07,-44.15494193333024,-20.07143805817217,3.6179225,-60.0,32.0,0.9771433,0.21485306,0.2082436,0.000101412086,32
351,2018-09-07,-44.15365481641216,-20.083509961081013,6.2347536,-62.0,40.0,0.99176425,0.12863493,0.1975397,0.00024892512,32
354,2018-09-07,-44.095219708331406,-20.10188024811621,2.3261337,-34.0,-40.0,0.85031635,0.56276417,0.19688289,0.0001462547,32
355,2018-09-07,-44.14721923182177,-20.07944225466608,8.333568,-62.0,40.0,0.9097379,0.4362786,0.20008743,0.0001692326,32
358,2018-09-07,-44.161892364687866,-20.076817927946763,7.1691256,-60.0,40.0,0.97885114,0.2066355,0.2046915,0.00012147129,32
365,2018-09-07,-44.09483357325598,-20.095975512997757,-13.273648,-16.0,-16.0,0.87048537,0.5251366,0.2145026,0.00022786683,32
371,2018-09-07,-44.16150622961244,-20.065533323053717,7.0995026,-58.0,36.0,0.96249855,0.27732918,0.21806788,0.00021408769,32
372,2018-09-07,-44.156615185323744,-20.07235657252393,8.576187,-60.0,40.0,0.98747224,0.15874347,0.22571152,0.00016332245,32
376,2018-09-07,-44.177981326163845,-20.065533323053717,6.5332665,-64.0,40.0,0.98931545,0.14667082,0.2060611,0.0001226925,32
428,2018-09-07,-44.095348420023214,-20.099255921396896,8.56028,-34.0,-20.0,0.8599175,0.5520587,0.21099286,0.00021701,32
445,2018-09-07,-44.15030831242516,-20.084690908104704,0.79849255,-62.0,40.0,0.9537714,0.31028697,0.19998807,0.00011961138,32
451,2018-09-07,-44.095348420023214,-20.09269510459861,5.8847237,-50.0,-32.0,0.89500684,0.4699368,0.21193483,0.000103801125,32
452,2018-09-07,-44.1624072114551,-20.06658305374144,5.598845,-60.0,36.0,0.99999905,0.0013166264,0.18705474,0.00012239197,32
454,2018-09-07,-44.161892364687866,-20.07721157695466,1.5698802,-60.0,40.0,0.98762494,0.15781839,0.21329112,0.000108521395,32
462,2018-09-07,-44.1492786188907,-20.083772393752945,2.5763373,-62.0,36.0,0.9009371,0.45448023,0.21690197,0.00015435196,32
468,2018-09-07,-44.16768439081922,-20.071831707180067,6.291949,-58.0,40.0,0.99912137,0.041926306,0.1979922,0.00025140448,32
469,2018-09-07,-44.156615185323744,-20.07235657252393,8.773937,-62.0,40.0,0.9884701,0.15216252,0.21888806,0.00014295946,32
475,2018-09-07,-44.16150622961244,-20.06684548641337,1.6692946,-60.0,40.0,0.9333956,0.37320685,0.20200405,0.00019318266,32
480,2018-09-07,-44.09573455509864,-20.10437335849956,4.5051217,-30.0,-28.0,0.97603565,0.21994607,0.22386426,0.00023246644,32
489,2018-09-07,-44.15378352810397,-20.0854782061205,6.367235,-60.0,36.0,0.98614484,0.16707681,0.22113495,0.00015665224,32
498,2018-09-07,-44.16202107637967,-20.07760522596256,8.012448,-60.0,40.0,0.9739393,0.22963941,0.22176117,0.00018630472,32
515,2018-09-07,-44.177981326163845,-20.065533323053717,7.6487474,-62.0,40.0,0.99098617,0.13457483,0.22828959,0.00014239682,32
517,2018-09-07,-44.16137751792064,-20.071044409164276,6.571673,-58.0,40.0,0.9873319,0.16011351,0.20574138,0.000113239825,32
518,2018-09-07,-44.16202107637967,-20.07760522596256,7.6590967,-60.0,36.0,0.9819957,0.19045453,0.2204059,0.00024409748,32
520,2018-09-07,-44.14992217734974,-20.08692158581612,6.4247847,-60.0,32.0,0.9329311,0.37142602,0.22161011,0.00016959709,32
533,2018-09-07,-44.093546456337904,-20.09361361895037,7.972748,-54.0,-36.0,0.92416435,0.39691073,0.22529994,0.00012681105,32
538,2018-09-07,-44.15468450994663,-20.07904860565818,3.9532373,-60.0,40.0,0.9603823,0.28433818,0.2098461,7.573011e-05,32
547,2018-09-07,-44.1509518708842,-20.07432481756341,9.248618,-62.0,40.0,0.90768754,0.43956012,0.21304497,0.00048326713,32
551,2018-09-07,-44.09431872648875,-20.09361361895037,5.577973,-60.0,-40.0,0.9269395,0.38688326,0.22368047,8.363042e-05,32
573,2018-09-07,-44.09715038370853,-20.10437335849956,2.8654819,-26.0,-40.0,0.981993,0.19041304,0.21994461,0.00020242653,32
591,2018-09-07,-44.09637811355768,-20.10476700750745,6.529212,-28.0,-28.0,0.88030064,0.50150853,0.24380408,0.00016093155,32
595,2018-09-07,-44.09277418618706,-20.09308875360651,5.0805783,-60.0,-36.0,0.9506957,0.31798822,0.22435091,0.00015162292,32
597,2018-09-07,-44.094704861564175,-20.09361361895037,6.93382,-56.0,-40.0,0.9236856,0.39662957,0.221461,0.00016114896,32
617,2018-09-07,-44.095348420023214,-20.095581863989857,-13.143617,-28.0,-12.0,0.91071886,0.43331236,0.20454994,0.00030632524,32
621,2018-09-07,-44.095348420023214,-20.095581863989857,-14.796528,-30.0,-16.0,0.919275,0.40785578,0.221529,0.00037647443,32
631,2018-09-07,-44.150050889041545,-20.08574063879243,5.425089,-62.0,32.0,0.96217763,0.27867618,0.2173203,0.00012443759,32
632,2018-09-07,-44.158417149009054,-20.066714270077405,6.516261,-62.0,32.0,0.9420799,0.3442246,0.21013477,0.0001555898,32
639,2018-09-07,-44.14721923182177,-20.07944225466608,4.7768188,-62.0,40.0,0.9141801,0.42269146,0.23625557,0.00014431524,32
642,2018-09-07,-44.093417744646096,-20.09361361895037,8.541276,-50.0,-32.0,0.95720506,0.29472056,0.22483774,0.00017313514,32
659,2018-09-07,-44.09316032126248,-20.093876051622303,-11.237874,-26.0,0.0,0.9202357,0.41621837,0.23191184,0.0004714754,32
666,2018-09-07,-44.09612069017406,-20.098599839717068,10.48087,-32.0,-20.0,0.8369649,0.59542996,0.22777635,0.00024879372,32
674,2018-09-07,-44.15803101393363,-20.068026433437065,7.200923,-60.0,40.0,0.9488301,0.32394177,0.21363357,0.00017669244,32
687,2018-09-07,-44.095348420023214,-20.095844296661788,-13.630729,-26.0,-12.0,0.9264778,0.39259818,0.2429174,0.0003334301,32
689,2018-09-07,-44.094704861564175,-20.102273897124107,2.414032,-40.0,-24.0,0.8999888,0.45509607,0.22149613,0.00017279296,32
699,2018-09-07,-44.09277418618706,-20.092957537270543,6.0212836,-60.0,-36.0,0.8248223,0.62379014,0.22112992,0.00010524349,32
704,2018-09-07,-44.16227849976329,-20.07301265420376,1.0498347,-60.0,40.0,0.9730441,0.23360339,0.21389751,0.00015998124,32
738,2018-09-07,-44.16137751792064,-20.071044409164276,8.414058,-58.0,40.0,0.9537537,0.30705687,0.21450779,8.5356805e-05,32
743,2018-09-07,-44.095219708331406,-20.10292997880393,2.1261892,-34.0,-32.0,0.963839,0.27309382,0.2487394,0.00023321668,32
748,2018-09-07,-44.1672982557438,-20.073799952219552,5.9356685,-60.0,40.0,0.9394868,0.35379896,0.2385987,0.00016835134,32
749,2018-09-07,-44.15970426592713,-20.064614808701958,7.1325827,-60.0,36.0,0.9923783,0.1236501,0.23288263,0.00010213836,32
753,2018-09-07,-44.09444743818056,-20.09453213330213,-12.730363,-30.0,4.0,0.93633944,0.3616963,0.24223724,0.0002814164,32
772,2018-09-07,-44.093546456337904,-20.094400916966165,-9.104202,-26.0,12.0,0.9233013,0.3976936,0.23818585,0.00025641994,32
778,2018-09-07,-44.14824892535624,-20.084690908104704,7.7148657,-64.0,40.0,0.993268,0.11620175,0.217038,0.000119338845,32
781,2018-09-07,-44.09277418618706,-20.092957537270543,6.3039374,-64.0,-40.0,0.9240293,0.3957767,0.23231132,0.00016137642,32
785,2018-09-07,-44.15648647363194,-20.07655549527483,3.097875,-58.0,32.0,0.947436,0.32984012,0.24211547,8.705073e-05,32
795,2018-09-07,-44.09740780709214,-20.10463579117149,1.9344946,-30.0,-40.0,0.8850024,0.53440773,0.22723202,0.0001532011,32
800,2018-09-07,-44.1674269674356,-20.07432481756341,4.920119,-60.0,40.0,0.99912155,0.04192622,0.23580386,0.00012518003,32
809,2018-09-07,-44.16163494130425,-20.076817927946763,3.9542387,-60.0,40.0,0.9765173,0.21793333,0.2365612,0.00012580244,32
810,2018-09-07,-44.15906070746809,-20.06566453938968,5.104406,-64.0,40.0,0.9807913,0.19675484,0.22297284,0.00012886837,32
812,2018-09-07,-44.09612069017406,-20.10463579117149,5.483485,-32.0,-28.0,0.9810543,0.19555587,0.24058457,0.00018460231,32
815,2018-09-07,-44.09290289787887,-20.09361361895037,9.990208,-34.0,-32.0,0.9477484,0.3269546,0.24155085,0.00027799365,32
817,2018-09-07,-44.15326868133674,-20.081935365049425,6.9311385,-60.0,40.0,0.97455287,0.22695863,0.23753211,0.00013418394,32
819,2018-09-07,-44.15391223979578,-20.07025711114848,5.7800684,-58.0,40.0,0.96879125,0.251771,0.22422275,0.00012923428,32
826,2018-09-07,-44.09573455509864,-20.100436868420587,4.1020045,-40.0,-32.0,0.85571986,0.5583373,0.24542302,0.00029766848,32
839,2018-09-07,-44.1541696631794,-20.07983590367397,6.8149085,-60.0,40.0,0.9838538,0.18029623,0.23935002,0.00027133914,32
842,2018-09-07,-44.161892364687866,-20.07708036061869,6.883692,-62.0,36.0,0.98912096,0.14776096,0.22787876,9.263296e-05,32
843,2018-09-07,-44.09715038370853,-20.098731056053037,5.55216,-42.0,-16.0,0.8399253,0.5894708,0.22958055,0.00012341807,32
849,2018-09-07,-44.09689296032491,-20.098862272389,4.883487,-40.0,-16.0,0.8082655,0.64302075,0.23864205,0.00013250821,32
878,2018-09-07,-44.15532806840567,-20.07944225466608,2.2348542,-60.0,40.0,0.98164153,0.19241036,0.24028865,0.00024076854,32
879,2018-09-07,-44.15172414103505,-20.083772393752945,5.4044294,-62.0,40.0,0.94224805,0.34635422,0.23466736,0.00017846754,32
881,2018-09-07,-44.09727909540033,-20.098731056053037,11.595595,-40.0,-16.0,0.8462761,0.57560474,0.22890337,7.089602e-05,32
902,2018-09-07,-44.09135835757717,-20.090201994215263,8.510437,-54.0,-32.0,0.9236139,0.3990633,0.23943725,0.00012808619,32
917,2018-09-07,-44.0917444926526,-20.09164537391089,7.39514,-66.0,-28.0,0.8399489,0.58606946,0.23359168,6.524553e-05,32
922,2018-09-07,-44.095863266790445,-20.09702524368548,10.429639,-32.0,-16.0,0.8334973,0.6023138,0.22462654,0.00019463511,32
953,2018-09-07,-44.09715038370853,-20.098862272389,4.637068,-42.0,-12.0,0.81594616,0.6319421,0.22483456,0.00016212075,32
988,2018-09-07,-44.1591894191599,-20.06592697206161,6.241083,-64.0,36.0,0.9466307,0.33186823,0.23593827,9.492854e-05,32
991,2018-09-07,-44.1575161671664,-20.08482212444067,5.834229,-60.0,40.0,0.9994936,0.03182455,0.23950803,0.00027012592,32
1001,2018-09-07,-44.161892364687866,-20.076817927946763,7.4473367,-64.0,32.0,0.96615434,0.26191953,0.23441048,8.023096e-05,32
1002,2018-09-07,-44.09444743818056,-20.09492578231003,-14.382298,-34.0,-32.0,1.0,0.00039513933,0.22878867,0.00025367626,32
1010,2018-09-07,-44.15365481641216,-20.083509961081013,6.7210436,-62.0,40.0,0.99335134,0.11545927,0.23778822,0.00019389139,32
1020,2018-09-07,-44.16292205822233,-20.072094139852,6.056336,-60.0,40.0,0.91512394,0.41756633,0.24028625,0.0001782693,32
1034,2018-09-07,-44.16202107637967,-20.07721157695466,7.2628136,-60.0,40.0,0.981273,0.1944176,0.24814238,0.00010865971,32
1040,2018-09-07,-44.161892364687866,-20.07721157695466,6.986032,-60.0,40.0,0.96591824,0.26365894,0.2468073,0.00010343269,32
1050,2018-09-07,-44.09457614987237,-20.102405113460076,6.2146873,-38.0,-36.0,0.93953866,0.35215226,0.24512702,0.00030498733,32
1070,2018-09-07,-44.1575161671664,-20.08482212444067,1.8672374,-60.0,36.0,0.96219236,0.28010356,0.23884472,0.00017387042,32
1072,2018-09-07,-44.0917444926526,-20.09164537391089,7.1420946,-64.0,-36.0,0.91248626,0.42968604,0.23979232,7.8801335e-05,32
1076,2018-09-07,-44.15880328408448,-20.06592697206161,9.573704,-60.0,40.0,0.93656856,0.36525702,0.23667216,7.3392395e-05,32
1079,2018-09-07,-44.15391223979578,-20.07025711114848,8.5186,-60.0,40.0,0.9695847,0.24850449,0.24799877,9.992429e-05,32
1091,2018-09-07,-44.158417149009054,-20.0850845571126,2.9817848,-58.0,36.0,0.8887288,0.4815745,0.24550791,0.00012143039,32
1092,2018-09-07,-44.1509518708842,-20.07432481756341,2.3945212,-64.0,40.0,0.87775964,0.53542435,0.2352003,0.00030330935,32
1099,2018-09-07,-44.093546456337904,-20.09361361895037,7.8953223,-52.0,-36.0,0.8961929,0.46807668,0.23183072,0.00010412827,32
1102,2018-09-07,-44.16292205822233,-20.072094139852,5.1868076,-60.0,40.0,0.91454065,0.42063314,0.23443252,0.00013330363,32
1108,2018-09-07,-44.14734794351358,-20.07878617298625,9.025827,-60.0,40.0,0.99970615,0.02424301,0.23583807,8.263391e-05,32
1117,2018-09-07,-44.16768439081922,-20.071831707180067,5.4929576,-58.0,36.0,0.981466,0.19336696,0.22862582,0.0001814576,32
1127,2018-09-07,-44.09264547449525,-20.09308875360651,5.628341,-62.0,-40.0,0.8971481,0.47378388,0.23896502,0.00011133063,32
1146,2018-09-07,-44.16034782438617,-20.068813731452856,8.494803,-56.0,40.0,0.9864666,0.1649596,0.24976282,0.00036398857,32
1153,2018-09-07,-44.150050889041545,-20.0858718551284,7.3798122,-62.0,36.0,0.99220043,0.1250837,0.2397805,0.00020716414,32
1155,2018-09-07,-44.09444743818056,-20.102011464452172,6.290581,-34.0,-40.0,0.92435986,0.39511356,0.23405898,0.00023943702,32
1159,2018-09-07,-44.093546456337904,-20.09400726795827,-12.129731,-28.0,0.0,0.9480586,0.3266401,0.24105251,0.00034425358,32
1163,2018-09-07,-44.09766523047576,-20.105029440179383,3.49299,-28.0,-40.0,0.9311042,0.37839893,0.24166062,0.0001920892,32
1174,2018-09-07,-44.095219708331406,-20.102011464452172,0.62583935,-36.0,-40.0,0.9113488,0.42841828,0.24216647,0.00012990848,32
1181,2018-09-07,-44.09161578096079,-20.093219969942474,-14.578345,-28.0,-8.0,0.8859077,0.49635297,0.23633368,0.00021885987,32
1189,2018-09-07,-44.09715038370853,-20.098731056053037,6.372493,-42.0,-16.0,0.8359385,0.6007249,0.24258535,0.00012660914,32
1191,2018-09-07,-44.095219708331406,-20.095844296661788,-14.786095,-28.0,-12.0,0.8651284,0.5359111,0.24847127,0.00020080352,32
1197,2018-09-07,-44.16214978807148,-20.07616184626693,7.2182693,-60.0,40.0,0.9665673,0.26143262,0.24416661,0.00011817686,32
1204,2018-09-07,-44.093546456337904,-20.094400916966165,-11.1799555,-26.0,0.0,0.93913746,0.35383812,0.24792047,0.0003644777,32
1217,2018-09-07,-44.16202107637967,-20.074718466571312,8.067753,-58.0,40.0,0.9690986,0.2505538,0.24575986,9.5118936e-05,32
1231,2018-09-07,-44.14992217734974,-20.08692158581612,8.527636,-60.0,32.0,0.9371452,0.3654364,0.24572617,0.00011899009,32
1247,2018-09-07,-44.094704861564175,-20.094663349638097,-11.131176,-30.0,-12.0,0.9238721,0.39515322,0.2348293,0.00022071703,32
1251,2018-09-07,-44.09251676280344,-20.093219969942474,7.635394,-48.0,-36.0,0.89386845,0.4703759,0.24224225,0.00015514281,32
1256,2018-09-07,-44.09483357325598,-20.093219969942474,8.612448,-52.0,-40.0,0.86129993,0.54238904,0.24783906,0.0001059604,32
1259,2018-09-07,-44.16227849976329,-20.072881437867792,8.173696,-60.0,40.0,0.9829678,0.18534474,0.24443871,0.00014352797,32
1260,2018-09-07,-44.15481322163844,-20.071044409164276,2.2186465,-60.0,32.0,0.9734008,0.23258153,0.23211527,0.00010914595,32
1289,2018-09-07,-44.1541696631794,-20.07983590367397,6.672133,-60.0,40.0,0.9900696,0.14119089,0.24933314,0.00012980548,32
1290,2018-09-07,-44.095219708331406,-20.095319431317925,-15.430898,-28.0,-4.0,0.9366193,0.3611681,0.23686811,0.0001664893,32
1291,2018-09-07,-44.094704861564175,-20.09361361895037,7.1168337,-54.0,-40.0,0.8996914,0.4565308,0.2475767,0.00012423437,32
1292,2018-09-07,-44.09303160957067,-20.09335118627844,9.732297,-52.0,-36.0,0.9403788,0.35013777,0.23605238,0.00015071555,32
1305,2018-09-07,-44.09715038370853,-20.098862272389,5.3194313,-42.0,-8.0,0.83434314,0.59625983,0.23497155,0.00011737869,32
1313,2018-09-07,-44.1558429151729,-20.07340630321165,7.0727544,-60.0,40.0,0.9211648,0.4038228,0.23622842,0.00013031399,32
1329,2018-09-07,-44.1509518708842,-20.07445603389938,9.873111,-62.0,40.0,0.91050994,0.4318001,0.2425376,0.00029912443,32
25,2018-09-19,-44.177981326163845,-20.065402106717748,8.29208,-62.0,36.0,0.9934322,0.114803776,0.12596866,0.00017885656,32
36,2018-09-19,-44.161892364687866,-20.07708036061869,3.841386,-62.0,40.0,0.9895274,0.14510763,0.16019304,0.00016061729,32
49,2018-09-19,-44.158288437317246,-20.066320621069508,8.42235,-60.0,36.0,0.9677011,0.25603223,0.16889001,0.00021117146,32
51,2018-09-19,-44.1575161671664,-20.08482212444067,4.3449664,-60.0,40.0,0.99133533,0.13187632,0.15246536,0.00031897012,32
55,2018-09-19,-44.15597162686471,-20.07904860565818,9.5606985,-58.0,40.0,0.99169916,0.12906517,0.17269787,0.00030624378,32
58,2018-09-19,-44.1591894191599,-20.06592697206161,7.833985,-64.0,40.0,0.9866735,0.1637098,0.16357863,0.00016910466,32
60,2018-09-19,-44.158417149009054,-20.066714270077405,7.180384,-60.0,32.0,0.9606683,0.28429142,0.16295098,0.00027915908,32
70,2018-09-19,-44.15558549178928,-20.073143870539724,7.3784533,-58.0,40.0,0.98207843,0.1903084,0.16551217,0.00015617402,32
72,2018-09-19,-44.161892364687866,-20.076817927946763,6.2426796,-60.0,40.0,0.98664135,0.16406055,0.17289028,0.00018321899,32
77,2018-09-19,-44.15558549178928,-20.073143870539724,2.6745872,-60.0,40.0,0.9936751,0.11267752,0.17115304,0.0002308823,32
78,2018-09-19,-44.16176365299606,-20.07708036061869,7.6464386,-62.0,40.0,0.98854494,0.15176974,0.17172363,0.0001721688,32
79,2018-09-19,-44.177981326163845,-20.065533323053717,3.8503976,-62.0,36.0,0.9964764,0.08401511,0.16623512,0.00018862613,32
86,2018-09-19,-44.157130032090976,-20.07235657252393,4.4848533,-60.0,36.0,0.99061596,0.13728343,0.15821503,0.00026863083,32
87,2018-09-19,-44.15365481641216,-20.08364117741698,8.499166,-62.0,40.0,0.9950991,0.0991742,0.17583664,0.00029401673,32
92,2018-09-19,-44.15365481641216,-20.08364117741698,7.7210155,-62.0,40.0,0.99385124,0.11107637,0.1650057,0.00031562397,32
101,2018-09-19,-44.157130032090976,-20.07235657252393,9.050578,-60.0,36.0,0.98830754,0.15364271,0.16259168,0.0002030594,32
102,2018-09-19,-44.1575161671664,-20.08482212444067,3.6091366,-60.0,36.0,0.9933006,0.11592739,0.16052273,0.0002825142,32
106,2018-09-19,-44.158288437317246,-20.066320621069508,7.9759173,-60.0,40.0,0.96672195,0.260466,0.17711703,0.00022746764,32
107,2018-09-19,-44.150050889041545,-20.0858718551284,7.5241246,-62.0,32.0,0.9972439,0.07430704,0.17113066,0.00025208955,32
108,2018-09-19,-44.095348420023214,-20.095581863989857,-7.813904,-26.0,-4.0,0.9112881,0.43588206,0.17609175,0.00035253962,32
109,2018-09-19,-44.15815972562544,-20.068026433437065,9.718278,-60.0,40.0,0.92887574,0.38277623,0.18616179,0.00031713524,32
111,2018-09-19,-44.15558549178928,-20.073143870539724,6.3867416,-58.0,40.0,0.9956475,0.093374655,0.16038811,0.00014709214,32
116,2018-09-19,-44.15597162686471,-20.07904860565818,5.685155,-60.0,40.0,0.98307085,0.18469657,0.19299243,0.00018906631,32
120,2018-09-19,-44.15442708656301,-20.0717004908441,7.0299726,-60.0,40.0,0.98103976,0.19561706,0.18038051,0.0002138021,32
122,2018-09-19,-44.177981326163845,-20.065402106717748,8.226302,-62.0,36.0,0.9920553,0.12631515,0.16516092,0.00013893403,32
124,2018-09-19,-44.16768439081922,-20.071831707180067,3.7750745,-58.0,40.0,0.9844347,0.17712511,0.16961817,0.00019569618,32
125,2018-09-19,-44.09316032126248,-20.103192411475867,2.212649,-30.0,-28.0,0.9221537,0.4055343,0.18537693,0.00026284982,32
135,2018-09-19,-44.1575161671664,-20.08482212444067,7.7803144,-60.0,40.0,0.9926844,0.12122337,0.17335667,0.00032299763,32
166,2018-09-19,-44.16227849976329,-20.07301265420376,7.8651533,-60.0,40.0,0.9948693,0.10141454,0.17611928,0.0002781563,32
169,2018-09-19,-44.15906070746809,-20.06592697206161,2.326501,-62.0,36.0,0.96458185,0.26856968,0.1896261,7.7959645e-05,32
183,2018-09-19,-44.161892364687866,-20.07721157695466,8.1027775,-60.0,40.0,0.98572654,0.16954353,0.20472775,0.00016644613,32
184,2018-09-19,-44.14914990719889,-20.083509961081013,7.1233816,-62.0,24.0,0.92275953,0.39962417,0.18632154,0.00019650752,32
192,2018-09-19,-44.15558549178928,-20.073143870539724,7.8295603,-58.0,36.0,0.96856844,0.2538515,0.20102504,0.00022607588,32
208,2018-09-19,-44.09547713171502,-20.096631594677586,17.593464,-16.0,-28.0,0.8838611,0.4968438,0.19951294,0.00028506762,32
209,2018-09-19,-44.09573455509864,-20.104242142163592,6.3626723,-30.0,-32.0,0.99192834,0.12720996,0.20155519,0.00028709535,32
211,2018-09-19,-44.14824892535624,-20.08482212444067,6.897616,-62.0,36.0,0.97233886,0.23678724,0.1985304,0.00017741922,32
227,2018-09-19,-44.15172414103505,-20.083772393752945,8.0774145,-62.0,40.0,0.9442581,0.34013498,0.17343715,0.00015305412,32
230,2018-09-19,-44.1558429151729,-20.078654956650283,9.099501,-58.0,40.0,0.99377,0.11183355,0.20406978,0.00019458176,32
234,2018-09-19,-44.09496228494779,-20.095319431317925,-9.348872,-30.0,-20.0,0.933926,0.3708147,0.21000704,0.00035274707,32
235,2018-09-19,-44.1672982557438,-20.07393116855552,7.041601,-60.0,40.0,0.94888365,0.32600248,0.19429739,0.00019437468,32
250,2018-09-19,-44.1558429151729,-20.071831707180067,8.2637205,-58.0,36.0,0.9687802,0.25208294,0.20764968,0.00012654542,32
262,2018-09-19,-44.15558549178928,-20.073143870539724,6.93776,-60.0,40.0,0.9888833,0.14947388,0.214402,0.00019721958,32
279,2018-09-19,-44.15378352810397,-20.08390361008891,5.4916344,-62.0,40.0,0.9593733,0.28800502,0.1987492,0.00014123438,32
292,2018-09-19,-44.09277418618706,-20.09308875360651,6.095133,-62.0,-40.0,0.94386774,0.3385104,0.2108965,0.00015072811,32
294,2018-09-19,-44.150050889041545,-20.0858718551284,6.8619213,-62.0,40.0,0.99573416,0.09243322,0.20145847,0.00022659368,32
297,2018-09-19,-44.1509518708842,-20.07445603389938,9.701245,-62.0,40.0,0.91531914,0.42315394,0.18903947,0.000473964,32
298,2018-09-19,-44.09573455509864,-20.104110925827623,2.5564423,-32.0,-32.0,0.9713802,0.24072301,0.20770803,0.00019924583,32
302,2018-09-19,-44.1509518708842,-20.07445603389938,9.499618,-64.0,40.0,0.9010573,0.46399283,0.19030711,0.00030566705,32
307,2018-09-19,-44.15558549178928,-20.073143870539724,8.945049,-60.0,36.0,0.94426954,0.33953795,0.21462357,0.0001921205,32
322,2018-09-19,-44.16150622961244,-20.065533323053717,7.409088,-58.0,32.0,0.9559043,0.30019727,0.20587029,0.00021429466,32
326,2018-09-19,-44.158417149009054,-20.066714270077405,9.691454,-60.0,28.0,0.92922074,0.38275728,0.21405818,0.00021434038,32
334,2018-09-19,-44.14824892535624,-20.08482212444067,8.531408,-64.0,36.0,0.9591197,0.28854805,0.20624818,0.00011566065,32
341,2018-09-19,-44.093417744646096,-20.094138484294238,-13.40445,-30.0,0.0,0.9271192,0.38806647,0.20293237,0.00020528595,32
342,2018-09-19,-44.09573455509864,-20.104110925827623,1.3857489,-28.0,-32.0,0.967172,0.2586741,0.21095438,0.00017666417,32
343,2018-09-19,-44.094704861564175,-20.094663349638097,-12.204564,-30.0,-12.0,0.9320163,0.37439924,0.20520887,0.00024680147,32
350,2018-09-19,-44.15494193333024,-20.07143805817217,5.192162,-60.0,32.0,0.9771433,0.21485306,0.2082436,0.000101412086,32
351,2018-09-19,-44.15365481641216,-20.083509961081013,7.754551,-62.0,40.0,0.99176425,0.12863493,0.1975397,0.00024892512,32
354,2018-09-19,-44.095219708331406,-20.10188024811621,4.203188,-34.0,-40.0,0.85031635,0.56276417,0.19688289,0.0001462547,32
355,2018-09-19,-44.14721923182177,-20.07944225466608,8.9716835,-62.0,40.0,0.9097379,0.4362786,0.20008743,0.0001692326,32
358,2018-09-19,-44.161892364687866,-20.076817927946763,9.898835,-60.0,40.0,0.97885114,0.2066355,0.2046915,0.00012147129,32
365,2018-09-19,-44.09483357325598,-20.095975512997757,-9.602928,-16.0,-16.0,0.87048537,0.5251366,0.2145026,0.00022786683,32
371,2018-09-19,-44.16150622961244,-20.065533323053717,8.1068945,-58.0,36.0,0.96249855,0.27732918,0.21806788,0.00021408769,32
372,2018-09-19,-44.156615185323744,-20.07235657252393,9.731182,-60.0,40.0,0.98747224,0.15874347,0.22571152,0.00016332245,32
376,2018-09-19,-44.177981326163845,-20.065533323053717,7.679172,-64.0,40.0,0.98931545,0.14667082,0.2060611,0.0001226925,32
428,2018-09-19,-44.095348420023214,-20.099255921396896,9.508765,-34.0,-20.0,0.8599175,0.5520587,0.21099286,0.00021701,32
445,2018-09-19,-44.15030831242516,-20.084690908104704,1.5239768,-62.0,40.0,0.9537714,0.31028697,0.19998807,0.00011961138,32
451,2018-09-19,-44.095348420023214,-20.09269510459861,8.331053,-50.0,-32.0,0.89500684,0.4699368,0.21193483,0.000103801125,32
452,2018-09-19,-44.1624072114551,-20.06658305374144,6.96036,-60.0,36.0,0.99999905,0.0013166264,0.18705474,0.00012239197,32
454,2018-09-19,-44.161892364687866,-20.07721157695466,3.7241309,-60.0,40.0,0.98762494,0.15781839,0.21329112,0.000108521395,32
462,2018-09-19,-44.1492786188907,-20.083772393752945,3.207525,-62.0,36.0,0.9009371,0.45448023,0.21690197,0.00015435196,32
468,2018-09-19,-44.16768439081922,-20.071831707180067,7.656589,-58.0,40.0,0.99912137,0.041926306,0.1979922,0.00025140448,32
469,2018-09-19,-44.156615185323744,-20.07235657252393,9.887154,-62.0,40.0,0.9884701,0.15216252,0.21888806,0.00014295946,32
475,2018-09-19,-44.16150622961244,-20.06684548641337,4.908377,-60.0,40.0,0.9333956,0.37320685,0.20200405,0.00019318266,32
480,2018-09-19,-44.09573455509864,-20.10437335849956,4.455536,-30.0,-28.0,0.97603565,0.21994607,0.22386426,0.00023246644,32
489,2018-09-19,-44.15378352810397,-20.0854782061205,7.5218344,-60.0,36.0,0.98614484,0.16707681,0.22113495,0.00015665224,32
498,2018-09-19,-44.16202107637967,-20.07760522596256,9.48676,-60.0,40.0,0.9739393,0.22963941,0.22176117,0.00018630472,32
515,2018-09-19,-44.177981326163845,-20.065533323053717,8.827245,-62.0,40.0,0.99098617,0.13457483,0.22828959,0.00014239682,32
517,2018-09-19,-44.16137751792064,-20.071044409164276,7.9252467,-58.0,40.0,0.9873319,0.16011351,0.20574138,0.000113239825,32
518,2018-09-19,-44.16202107637967,-20.07760522596256,8.147748,-60.0,36.0,0.9819957,0.19045453,0.2204059,0.00024409748,32
520,2018-09-19,-44.14992217734974,-20.08692158581612,7.740118,-60.0,32.0,0.9329311,0.37142602,0.22161011,0.00016959709,32
533,2018-09-19,-44.093546456337904,-20.09361361895037,8.63695,-54.0,-36.0,0.92416435,0.39691073,0.22529994,0.00012681105,32
538,2018-09-19,-44.15468450994663,-20.07904860565818,5.0020905,-60.0,40.0,0.9603823,0.28433818,0.2098461,7.573011e-05,32
547,2018-09-19,-44.1509518708842,-20.07432481756341,11.513704,-62.0,40.0,0.90768754,0.43956012,0.21304497,0.00048326713,32
551,2018-09-19,-44.09431872648875,-20.09361361895037,7.6539187,-60.0,-40.0,0.9269395,0.38688326,0.22368047,8.363042e-05,32
573,2018-09-19,-44.09715038370853,-20.10437335849956,5.116483,-26.0,-40.0,0.981993,0.19041304,0.21994461,0.00020242653,32
591,2018-09-19,-44.09637811355768,-20.10476700750745,5.508792,-28.0,-28.0,0.88030064,0.50150853,0.24380408,0.00016093155,32
595,2018-09-19,-44.09277418618706,-20.09308875360651,4.238958,-60.0,-36.0,0.9506957,0.31798822,0.22435091,0.00015162292,32
597,2018-09-19,-44.094704861564175,-20.09361361895037,6.981813,-56.0,-40.0,0.9236856,0.39662957,0.221461,0.00016114896,32
617,2018-09-19,-44.095348420023214,-20.095581863989857,-9.1911955,-28.0,-12.0,0.91071886,0.43331236,0.20454994,0.00030632524,32
621,2018-09-19,-44.095348420023214,-20.095581863989857,-9.336264,-30.0,-16.0,0.919275,0.40785578,0.221529,0.00037647443,32
631,2018-09-19,-44.150050889041545,-20.08574063879243,6.971302,-62.0,32.0,0.96217763,0.27867618,0.2173203,0.00012443759,32
632,2018-09-19,-44.158417149009054,-20.066714270077405,9.166635,-62.0,32.0,0.9420799,0.3442246,0.21013477,0.0001555898,32
639,2018-09-19,-44.14721923182177,-20.07944225466608,4.217557,-62.0,40.0,0.9141801,0.42269146,0.23625557,0.00014431524,32
642,2018-09-19,-44.093417744646096,-20.09361361895037,10.401758,-50.0,-32.0,0.95720506,0.29472056,0.22483774,0.00017313514,32
659,2018-09-19,-44.09316032126248,-20.093876051622303,-11.264278,-26.0,0.0,0.9202357,0.41621837,0.23191184,0.0004714754,32
666,2018-09-19,-44.09612069017406,-20.098599839717068,11.461879,-32.0,-20.0,0.8369649,0.59542996,0.22777635,0.00024879372,32
674,2018-09-19,-44.15803101393363,-20.068026433437065,8.077623,-60.0,40.0,0.9488301,0.32394177,0.21363357,0.00017669244,32
687,2018-09-19,-44.095348420023214,-20.095844296661788,-10.996038,-26.0,-12.0,0.9264778,0.39259818,0.2429174,0.0003334301,32
689,2018-09-19,-44.094704861564175,-20.102273897124107,2.0175388,-40.0,-24.0,0.8999888,0.45509607,0.22149613,0.00017279296,32
699,2018-09-19,-44.09277418618706,-20.092957537270543,5.910419,-60.0,-36.0,0.8248223,0.62379014,0.22112992,0.00010524349,32
704,2018-09-19,-44.16227849976329,-20.07301265420376,2.6902144,-60.0,40.0,0.9730441,0.23360339,0.21389751,0.00015998124,32
738,2018-09-19,-44.16137751792064,-20.071044409164276,11.380588,-58.0,40.0,0.9537537,0.30705687,0.21450779,8.5356805e-05,32
743,2018-09-19,-44.095219708331406,-20.10292997880393,1.3798797,-34.0,-32.0,0.963839,0.27309382,0.2487394,0.00023321668,32
748,2018-09-19,-44.1672982557438,-20.073799952219552,6.8795304,-60.0,40.0,0.9394868,0.35379896,0.2385987,0.00016835134,32
749,2018-09-19,-44.15970426592713,-20.064614808701958,8.602709,-60.0,36.0,0.9923783,0.1236501,0.23288263,0.00010213836,32
753,2018-09-19,-44.09444743818056,-20.09453213330213,-11.554352,-30.0,4.0,0.93633944,0.3616963,0.24223724,0.0002814164,32
772,2018-09-19,-44.093546456337904,-20.094400916966165,-9.289509,-26.0,12.0,0.9233013,0.3976936,0.23818585,0.00025641994,32
778,2018-09-19,-44.14824892535624,-20.084690908104704,8.855704,-64.0,40.0,0.993268,0.11620175,0.217038,0.000119338845,32
781,2018-09-19,-44.09277418618706,-20.092957537270543,7.225139,-64.0,-40.0,0.9240293,0.3957767,0.23231132,0.00016137642,32
785,2018-09-19,-44.15648647363194,-20.07655549527483,5.0140815,-58.0,32.0,0.947436,0.32984012,0.24211547,8.705073e-05,32
795,2018-09-19,-44.09740780709214,-20.10463579117149,5.8234453,-30.0,-40.0,0.8850024,0.53440773,0.22723202,0.0001532011,32
800,2018-09-19,-44.1674269674356,-20.07432481756341,6.209732,-60.0,40.0,0.99912155,0.04192622,0.23580386,0.00012518003,32
809,2018-09-19,-44.16163494130425,-20.076817927946763,5.5905886,-60.0,40.0,0.9765173,0.21793333,0.2365612,0.00012580244,32
810,2018-09-19,-44.15906070746809,-20.06566453938968,6.0835767,-64.0,40.0,0.9807913,0.19675484,0.22297284,0.00012886837,32
812,2018-09-19,-44.09612069017406,-20.10463579117149,4.73388,-32.0,-28.0,0.9810543,0.19555587,0.24058457,0.00018460231,32
815,2018-09-19,-44.09290289787887,-20.09361361895037,11.583265,-34.0,-32.0,0.9477484,0.3269546,0.24155085,0.00027799365,32
817,2018-09-19,-44.15326868133674,-20.081935365049425,8.061475,-60.0,40.0,0.97455287,0.22695863,0.23753211,0.00013418394,32
819,2018-09-19,-44.15391223979578,-20.07025711114848,7.150438,-58.0,40.0,0.96879125,0.251771,0.22422275,0.00012923428,32
826,2018-09-19,-44.09573455509864,-20.100436868420587,6.227027,-40.0,-32.0,0.85571986,0.5583373,0.24542302,0.00029766848,32
839,2018-09-19,-44.1541696631794,-20.07983590367397,8.036273,-60.0,40.0,0.9838538,0.18029623,0.23935002,0.00027133914,32
842,2018-09-19,-44.161892364687866,-20.07708036061869,8.223946,-62.0,36.0,0.98912096,0.14776096,0.22787876,9.263296e-05,32
843,2018-09-19,-44.09715038370853,-20.098731056053037,6.8362513,-42.0,-16.0,0.8399253,0.5894708,0.22958055,0.00012341807,32
849,2018-09-19,-44.09689296032491,-20.098862272389,7.089153,-40.0,-16.0,0.8082655,0.64302075,0.23864205,0.00013250821,32
878,2018-09-19,-44.15532806840567,-20.07944225466608,4.380201,-60.0,40.0,0.98164153,0.19241036,0.24028865,0.00024076854,32
879,2018-09-19,-44.15172414103505,-20.083772393752945,7.097719,-62.0,40.0,0.94224805,0.34635422,0.23466736,0.00017846754,32
881,2018-09-19,-44.09727909540033,-20.098731056053037,9.698558,-40.0,-16.0,0.8462761,0.57560474,0.22890337,7.089602e-05,32
902,2018-09-19,-44.09135835757717,-20.090201994215263,7.073169,-54.0,-32.0,0.9236139,0.3990633,0.23943725,0.00012808619,32
917,2018-09-19,-44.0917444926526,-20.09164537391089,7.618952,-66.0,-28.0,0.8399489,0.58606946,0.23359168,6.524553e-05,32
922,2018-09-19,-44.095863266790445,-20.09702524368548,9.5229845,-32.0,-16.0,0.8334973,0.6023138,0.22462654,0.00019463511,32
953,2018-09-19,-44.09715038370853,-20.098862272389,8.0788765,-42.0,-12.0,0.81594616,0.6319421,0.22483456,0.00016212075,32
988,2018-09-19,-44.1591894191599,-20.06592697206161,8.214225,-64.0,36.0,0.9466307,0.33186823,0.23593827,9.492854e-05,32
991,2018-09-19,-44.1575161671664,-20.08482212444067,7.0838227,-60.0,40.0,0.9994936,0.03182455,0.23950803,0.00027012592,32
1001,2018-09-19,-44.161892364687866,-20.076817927946763,8.869927,-64.0,32.0,0.96615434,0.26191953,0.23441048,8.023096e-05,32
1002,2018-09-19,-44.09444743818056,-20.09492578231003,-13.754643,-34.0,-32.0,1.0,0.00039513933,0.22878867,0.00025367626,32
1010,2018-09-19,-44.15365481641216,-20.083509961081013,8.212838,-62.0,40.0,0.99335134,0.11545927,0.23778822,0.00019389139,32
1020,2018-09-19,-44.16292205822233,-20.072094139852,7.606518,-60.0,40.0,0.91512394,0.41756633,0.24028625,0.0001782693,32
1034,2018-09-19,-44.16202107637967,-20.07721157695466,8.402461,-60.0,40.0,0.981273,0.1944176,0.24814238,0.00010865971,32
1040,2018-09-19,-44.161892364687866,-20.07721157695466,7.9599667,-60.0,40.0,0.96591824,0.26365894,0.2468073,0.00010343269,32
1050,2018-09-19,-44.09457614987237,-20.102405113460076,3.7985582,-38.0,-36.0,0.93953866,0.35215226,0.24512702,0.00030498733,32
1070,2018-09-19,-44.1575161671664,-20.08482212444067,3.9555364,-60.0,36.0,0.96219236,0.28010356,0.23884472,0.00017387042,32
1072,2018-09-19,-44.0917444926526,-20.09164537391089,8.527124,-64.0,-36.0,0.91248626,0.42968604,0.23979232,7.8801335e-05,32
1076,2018-09-19,-44.15880328408448,-20.06592697206161,10.7297125,-60.0,40.0,0.93656856,0.36525702,0.23667216,7.3392395e-05,32
1079,2018-09-19,-44.15391223979578,-20.07025711114848,9.701879,-60.0,40.0,0.9695847,0.24850449,0.24799877,9.992429e-05,32
1091,2018-09-19,-44.158417149009054,-20.0850845571126,1.6980423,-58.0,36.0,0.8887288,0.4815745,0.24550791,0.00012143039,32
1092,2018-09-19,-44.1509518708842,-20.07432481756341,3.064324,-64.0,40.0,0.87775964,0.53542435,0.2352003,0.00030330935,32
1099,2018-09-19,-44.093546456337904,-20.09361361895037,8.315986,-52.0,-36.0,0.8961929,0.46807668,0.23183072,0.00010412827,32
1102,2018-09-19,-44.16292205822233,-20.072094139852,6.700682,-60.0,40.0,0.91454065,0.42063314,0.23443252,0.00013330363,32
1108,2018-09-19,-44.14734794351358,-20.07878617298625,10.357748,-60.0,40.0,0.99970615,0.02424301,0.23583807,8.263391e-05,32
1117,2018-09-19,-44.16768439081922,-20.071831707180067,6.849191,-58.0,36.0,0.981466,0.19336696,0.22862582,0.0001814576,32
1127,2018-09-19,-44.09264547449525,-20.09308875360651,6.307583,-62.0,-40.0,0.8971481,0.47378388,0.23896502,0.00011133063,32
1146,2018-09-19,-44.16034782438617,-20.068813731452856,9.735515,-56.0,40.0,0.9864666,0.1649596,0.24976282,0.00036398857,32
1153,2018-09-19,-44.150050889041545,-20.0858718551284,8.728885,-62.0,36.0,0.99220043,0.1250837,0.2397805,0.00020716414,32
1155,2018-09-19,-44.09444743818056,-20.102011464452172,5.5023394,-34.0,-40.0,0.92435986,0.39511356,0.23405898,0.00023943702,32
1159,2018-09-19,-44.093546456337904,-20.09400726795827,-11.4847355,-28.0,0.0,0.9480586,0.3266401,0.24105251,0.00034425358,32
1163,2018-09-19,-44.09766523047576,-20.105029440179383,5.2720256,-28.0,-40.0,0.9311042,0.37839893,0.24166062,0.0001920892,32
1174,2018-09-19,-44.095219708331406,-20.102011464452172,2.3100798,-36.0,-40.0,0.9113488,0.42841828,0.24216647,0.00012990848,32
1181,2018-09-19,-44.09161578096079,-20.093219969942474,-14.727223,-28.0,-8.0,0.8859077,0.49635297,0.23633368,0.00021885987,32
1189,2018-09-19,-44.09715038370853,-20.098731056053037,8.165918,-42.0,-16.0,0.8359385,0.6007249,0.24258535,0.00012660914,32
1191,2018-09-19,-44.095219708331406,-20.095844296661788,-7.385624,-28.0,-12.0,0.8651284,0.5359111,0.24847127,0.00020080352,32
1197,2018-09-19,-44.16214978807148,-20.07616184626693,8.456249,-60.0,40.0,0.9665673,0.26143262,0.24416661,0.00011817686,32
1204,2018-09-19,-44.093546456337904,-20.094400916966165,-11.4469385,-26.0,0.0,0.93913746,0.35383812,0.24792047,0.0003644777,32
1217,2018-09-19,-44.16202107637967,-20.074718466571312,9.117457,-58.0,40.0,0.9690986,0.2505538,0.24575986,9.5118936e-05,32
1231,2018-09-19,-44.14992217734974,-20.08692158581612,9.792718,-60.0,32.0,0.9371452,0.3654364,0.24572617,0.00011899009,32
1247,2018-09-19,-44.094704861564175,-20.094663349638097,-9.708743,-30.0,-12.0,0.9238721,0.39515322,0.2348293,0.00022071703,32
1251,2018-09-19,-44.09251676280344,-20.093219969942474,9.383625,-48.0,-36.0,0.89386845,0.4703759,0.24224225,0.00015514281,32
1256,2018-09-19,-44.09483357325598,-20.093219969942474,10.871181,-52.0,-40.0,0.86129993,0.54238904,0.24783906,0.0001059604,32
1259,2018-09-19,-44.16227849976329,-20.072881437867792,9.448781,-60.0,40.0,0.9829678,0.18534474,0.24443871,0.00014352797,32
1260,2018-09-19,-44.15481322163844,-20.071044409164276,4.024979,-60.0,32.0,0.9734008,0.23258153,0.23211527,0.00010914595,32
1289,2018-09-19,-44.1541696631794,-20.07983590367397,8.043715,-60.0,40.0,0.9900696,0.14119089,0.24933314,0.00012980548,32
1290,2018-09-19,-44.095219708331406,-20.095319431317925,-10.737202,-28.0,-4.0,0.9366193,0.3611681,0.23686811,0.0001664893,32
1291,2018-09-19,-44.094704861564175,-20.09361361895037,6.5023212,-54.0,-40.0,0.8996914,0.4565308,0.2475767,0.00012423437,32
1292,2018-09-19,-44.09303160957067,-20.09335118627844,9.142216,-52.0,-36.0,0.9403788,0.35013777,0.23605238,0.00015071555,32
1305,2018-09-19,-44.09715038370853,-20.098862272389,6.448447,-42.0,-8.0,0.83434314,0.59625983,0.23497155,0.00011737869,32
1313,2018-09-19,-44.1558429151729,-20.07340630321165,8.309637,-60.0,40.0,0.9211648,0.4038228,0.23622842,0.00013031399,32
1329,2018-09-19,-44.1509518708842,-20.07445603389938,12.327622,-62.0,40.0,0.91050994,0.4318001,0.2425376,0.00029912443,32
25,2018-10-01,-44.177981326163845,-20.065402106717748,9.63623,-62.0,36.0,0.9934322,0.114803776,0.12596866,0.00017885656,32
36,2018-10-01,-44.161892364687866,-20.07708036061869,5.963053,-62.0,40.0,0.9895274,0.14510763,0.16019304,0.00016061729,32
49,2018-10-01,-44.158288437317246,-20.066320621069508,9.701031,-60.0,36.0,0.9677011,0.25603223,0.16889001,0.00021117146,32
51,2018-10-01,-44.1575161671664,-20.08482212444067,6.275915,-60.0,40.0,0.99133533,0.13187632,0.15246536,0.00031897012,32
55,2018-10-01,-44.15597162686471,-20.07904860565818,10.690783,-58.0,40.0,0.99169916,0.12906517,0.17269787,0.00030624378,32
58,2018-10-01,-44.1591894191599,-20.06592697206161,8.976011,-64.0,40.0,0.9866735,0.1637098,0.16357863,0.00016910466,32
60,2018-10-01,-44.158417149009054,-20.066714270077405,8.494419,-60.0,32.0,0.9606683,0.28429142,0.16295098,0.00027915908,32
70,2018-10-01,-44.15558549178928,-20.073143870539724,8.697322,-58.0,40.0,0.98207843,0.1903084,0.16551217,0.00015617402,32
72,2018-10-01,-44.161892364687866,-20.076817927946763,7.5641365,-60.0,40.0,0.98664135,0.16406055,0.17289028,0.00018321899,32
77,2018-10-01,-44.15558549178928,-20.073143870539724,4.7851586,-60.0,40.0,0.9936751,0.11267752,0.17115304,0.0002308823,32
78,2018-10-01,-44.16176365299606,-20.07708036061869,9.094413,-62.0,40.0,0.98854494,0.15176974,0.17172363,0.0001721688,32
79,2018-10-01,-44.177981326163845,-20.065533323053717,6.0237308,-62.0,36.0,0.9964764,0.08401511,0.16623512,0.00018862613,32
86,2018-10-01,-44.157130032090976,-20.07235657252393,6.2923365,-60.0,36.0,0.99061596,0.13728343,0.15821503,0.00026863083,32
87,2018-10-01,-44.15365481641216,-20.08364117741698,9.539973,-62.0,40.0,0.9950991,0.0991742,0.17583664,0.00029401673,32
92,2018-10-01,-44.15365481641216,-20.08364117741698,8.918826,-62.0,40.0,0.99385124,0.11107637,0.1650057,0.00031562397,32
101,2018-10-01,-44.157130032090976,-20.07235657252393,10.585264,-60.0,36.0,0.98830754,0.15364271,0.16259168,0.0002030594,32
102,2018-10-01,-44.1575161671664,-20.08482212444067,5.659972,-60.0,36.0,0.9933006,0.11592739,0.16052273,0.0002825142,32
106,2018-10-01,-44.158288437317246,-20.066320621069508,9.264314,-60.0,40.0,0.96672195,0.260466,0.17711703,0.00022746764,32
107,2018-10-01,-44.150050889041545,-20.0858718551284,8.813627,-62.0,32.0,0.9972439,0.07430704,0.17113066,0.00025208955,32
108,2018-10-01,-44.095348420023214,-20.095581863989857,-11.421404,-26.0,-4.0,0.9112881,0.43588206,0.17609175,0.00035253962,32
109,2018-10-01,-44.15815972562544,-20.068026433437065,11.720707,-60.0,40.0,0.92887574,0.38277623,0.18616179,0.00031713524,32
111,2018-10-01,-44.15558549178928,-20.073143870539724,7.7865405,-58.0,40.0,0.9956475,0.093374655,0.16038811,0.00014709214,32
116,2018-10-01,-44.15597162686471,-20.07904860565818,7.327276,-60.0,40.0,0.98307085,0.18469657,0.19299243,0.00018906631,32
120,2018-10-01,-44.15442708656301,-20.0717004908441,8.193084,-60.0,40.0,0.98103976,0.19561706,0.18038051,0.0002138021,32
122,2018-10-01,-44.177981326163845,-20.065402106717748,9.603684,-62.0,36.0,0.9920553,0.12631515,0.16516092,0.00013893403,32
124,2018-10-01,-44.16768439081922,-20.071831707180067,5.7743897,-58.0,40.0,0.9844347,0.17712511,0.16961817,0.00019569618,32
125,2018-10-01,-44.09316032126248,-20.103192411475867,6.5287466,-30.0,-28.0,0.9221537,0.4055343,0.18537693,0.00026284982,32
135,2018-10-01,-44.1575161671664,-20.08482212444067,8.928192,-60.0,40.0,0.9926844,0.12122337,0.17335667,0.00032299763,32
166,2018-10-01,-44.16227849976329,-20.07301265420376,9.267168,-60.0,40.0,0.9948693,0.10141454,0.17611928,0.0002781563,32
169,2018-10-01,-44.15906070746809,-20.06592697206161,4.379944,-62.0,36.0,0.96458185,0.26856968,0.1896261,7.7959645e-05,32
183,2018-10-01,-44.161892364687866,-20.07721157695466,9.374956,-60.0,40.0,0.98572654,0.16954353,0.20472775,0.00016644613,32
184,2018-10-01,-44.14914990719889,-20.083509961081013,8.283334,-62.0,24.0,0.92275953,0.39962417,0.18632154,0.00019650752,32
192,2018-10-01,-44.15558549178928,-20.073143870539724,9.299329,-58.0,36.0,0.96856844,0.2538515,0.20102504,0.00022607588,32
208,2018-10-01,-44.09547713171502,-20.096631594677586,17.76624,-16.0,-28.0,0.8838611,0.4968438,0.19951294,0.00028506762,32
209,2018-10-01,-44.09573455509864,-20.104242142163592,5.9851956,-30.0,-32.0,0.99192834,0.12720996,0.20155519,0.00028709535,32
211,2018-10-01,-44.14824892535624,-20.08482212444067,8.0590725,-62.0,36.0,0.97233886,0.23678724,0.1985304,0.00017741922,32
227,2018-10-01,-44.15172414103505,-20.083772393752945,9.544165,-62.0,40.0,0.9442581,0.34013498,0.17343715,0.00015305412,32
230,2018-10-01,-44.1558429151729,-20.078654956650283,10.509112,-58.0,40.0,0.99377,0.11183355,0.20406978,0.00019458176,32
234,2018-10-01,-44.09496228494779,-20.095319431317925,-11.082522,-30.0,-20.0,0.933926,0.3708147,0.21000704,0.00035274707,32
235,2018-10-01,-44.1672982557438,-20.07393116855552,8.279739,-60.0,40.0,0.94888365,0.32600248,0.19429739,0.00019437468,32
250,2018-10-01,-44.1558429151729,-20.071831707180067,9.23482,-58.0,36.0,0.9687802,0.25208294,0.20764968,0.00012654542,32
262,2018-10-01,-44.15558549178928,-20.073143870539724,8.329027,-60.0,40.0,0.9888833,0.14947388,0.214402,0.00019721958,32
279,2018-10-01,-44.15378352810397,-20.08390361008891,6.989991,-62.0,40.0,0.9593733,0.28800502,0.1987492,0.00014123438,32
292,2018-10-01,-44.09277418618706,-20.09308875360651,6.134641,-62.0,-40.0,0.94386774,0.3385104,0.2108965,0.00015072811,32
294,2018-10-01,-44.150050889041545,-20.0858718551284,8.10213,-62.0,40.0,0.99573416,0.09243322,0.20145847,0.00022659368,32
297,2018-10-01,-44.1509518708842,-20.07445603389938,10.9896345,-62.0,40.0,0.91531914,0.42315394,0.18903947,0.000473964,32
298,2018-10-01,-44.09573455509864,-20.104110925827623,6.1162004,-32.0,-32.0,0.9713802,0.24072301,0.20770803,0.00019924583,32
302,2018-10-01,-44.1509518708842,-20.07445603389938,10.807107,-64.0,40.0,0.9010573,0.46399283,0.19030711,0.00030566705,32
307,2018-10-01,-44.15558549178928,-20.073143870539724,11.291895,-60.0,36.0,0.94426954,0.33953795,0.21462357,0.0001921205,32
322,2018-10-01,-44.16150622961244,-20.065533323053717,8.484332,-58.0,32.0,0.9559043,0.30019727,0.20587029,0.00021429466,32
326,2018-10-01,-44.158417149009054,-20.066714270077405,11.76254,-60.0,28.0,0.92922074,0.38275728,0.21405818,0.00021434038,32
334,2018-10-01,-44.14824892535624,-20.08482212444067,9.602959,-64.0,36.0,0.9591197,0.28854805,0.20624818,0.00011566065,32
341,2018-10-01,-44.093417744646096,-20.094138484294238,-15.480797,-30.0,0.0,0.9271192,0.38806647,0.20293237,0.00020528595,32
342,2018-10-01,-44.09573455509864,-20.104110925827623,3.5839908,-28.0,-32.0,0.967172,0.2586741,0.21095438,0.00017666417,32
343,2018-10-01,-44.094704861564175,-20.094663349638097,-10.895072,-30.0,-12.0,0.9320163,0.37439924,0.20520887,0.00024680147,32
350,2018-10-01,-44.15494193333024,-20.07143805817217,6.7664022,-60.0,32.0,0.9771433,0.21485306,0.2082436,0.000101412086,32
351,2018-10-01,-44.15365481641216,-20.083509961081013,9.274348,-62.0,40.0,0.99176425,0.12863493,0.1975397,0.00024892512,32
354,2018-10-01,-44.095219708331406,-20.10188024811621,10.634589,-34.0,-40.0,0.85031635,0.56276417,0.19688289,0.0001462547,32
355,2018-10-01,-44.14721923182177,-20.07944225466608,9.609798,-62.0,40.0,0.9097379,0.4362786,0.20008743,0.0001692326,32
358,2018-10-01,-44.161892364687866,-20.076817927946763,12.628545,-60.0,40.0,0.97885114,0.2066355,0.2046915,0.00012147129,32
365,2018-10-01,-44.09483357325598,-20.095975512997757,-8.03419,-16.0,-16.0,0.87048537,0.5251366,0.2145026,0.00022786683,32
371,2018-10-01,-44.16150622961244,-20.065533323053717,9.114287,-58.0,36.0,0.96249855,0.27732918,0.21806788,0.00021408769,32
372,2018-10-01,-44.156615185323744,-20.07235657252393,10.886178,-60.0,40.0,0.98747224,0.15874347,0.22571152,0.00016332245,32
376,2018-10-01,-44.177981326163845,-20.065533323053717,8.825078,-64.0,40.0,0.98931545,0.14667082,0.2060611,0.0001226925,32
428,2018-10-01,-44.095348420023214,-20.099255921396896,11.472426,-34.0,-20.0,0.8599175,0.5520587,0.21099286,0.00021701,32
445,2018-10-01,-44.15030831242516,-20.084690908104704,3.5675485,-62.0,40.0,0.9537714,0.31028697,0.19998807,0.00011961138,32
451,2018-10-01,-44.095348420023214,-20.09269510459861,7.739167,-50.0,-32.0,0.89500684,0.4699368,0.21193483,0.000103801125,32
452,2018-10-01,-44.1624072114551,-20.06658305374144,8.321875,-60.0,36.0,0.99999905,0.0013166264,0.18705474,0.00012239197,32
454,2018-10-01,-44.161892364687866,-20.07721157695466,5.8783813,-60.0,40.0,0.98762494,0.15781839,0.21329112,0.000108521395,32
462,2018-10-01,-44.1492786188907,-20.083772393752945,3.8387127,-62.0,36.0,0.9009371,0.45448023,0.21690197,0.00015435196,32
468,2018-10-01,-44.16768439081922,-20.071831707180067,9.02123,-58.0,40.0,0.99912137,0.041926306,0.1979922,0.00025140448,32
469,2018-10-01,-44.156615185323744,-20.07235657252393,11.000369,-62.0,40.0,0.9884701,0.15216252,0.21888806,0.00014295946,32
475,2018-10-01,-44.16150622961244,-20.06684548641337,8.14746,-60.0,40.0,0.9333956,0.37320685,0.20200405,0.00019318266,32
480,2018-10-01,-44.09573455509864,-20.10437335849956,5.096094,-30.0,-28.0,0.97603565,0.21994607,0.22386426,0.00023246644,32
489,2018-10-01,-44.15378352810397,-20.0854782061205,8.676434,-60.0,36.0,0.98614484,0.16707681,0.22113495,0.00015665224,32
498,2018-10-01,-44.16202107637967,-20.07760522596256,10.961073,-60.0,40.0,0.9739393,0.22963941,0.22176117,0.00018630472,32
515,2018-10-01,-44.177981326163845,-20.065533323053717,10.005743,-62.0,40.0,0.99098617,0.13457483,0.22828959,0.00014239682,32
517,2018-10-01,-44.16137751792064,-20.071044409164276,9.278821,-58.0,40.0,0.9873319,0.16011351,0.20574138,0.000113239825,32
518,2018-10-01,-44.16202107637967,-20.07760522596256,8.636399,-60.0,36.0,0.9819957,0.19045453,0.2204059,0.00024409748,32
520,2018-10-01,-44.14992217734974,-20.08692158581612,9.055451,-60.0,32.0,0.9329311,0.37142602,0.22161011,0.00016959709,32
533,2018-10-01,-44.093546456337904,-20.09361361895037,7.0202622,-54.0,-36.0,0.92416435,0.39691073,0.22529994,0.00012681105,32
538,2018-10-01,-44.15468450994663,-20.07904860565818,6.050944,-60.0,40.0,0.9603823,0.28433818,0.2098461,7.573011e-05,32
547,2018-10-01,-44.1509518708842,-20.07432481756341,13.7787895,-62.0,40.0,0.90768754,0.43956012,0.21304497,0.00048326713,32
551,2018-10-01,-44.09431872648875,-20.09361361895037,10.162002,-60.0,-40.0,0.9269395,0.38688326,0.22368047,8.363042e-05,32
573,2018-10-01,-44.09715038370853,-20.10437335849956,6.466738,-26.0,-40.0,0.981993,0.19041304,0.21994461,0.00020242653,32
591,2018-10-01,-44.09637811355768,-20.10476700750745,5.6109576,-28.0,-28.0,0.88030064,0.50150853,0.24380408,0.00016093155,32
595,2018-10-01,-44.09277418618706,-20.09308875360651,4.696861,-60.0,-36.0,0.9506957,0.31798822,0.22435091,0.00015162292,32
597,2018-10-01,-44.094704861564175,-20.09361361895037,8.871609,-56.0,-40.0,0.9236856,0.39662957,0.221461,0.00016114896,32
617,2018-10-01,-44.095348420023214,-20.095581863989857,-11.436094,-28.0,-12.0,0.91071886,0.43331236,0.20454994,0.00030632524,32
621,2018-10-01,-44.095348420023214,-20.095581863989857,-11.399472,-30.0,-16.0,0.919275,0.40785578,0.221529,0.00037647443,32
631,2018-10-01,-44.150050889041545,-20.08574063879243,8.517515,-62.0,32.0,0.96217763,0.27867618,0.2173203,0.00012443759,32
632,2018-10-01,-44.158417149009054,-20.066714270077405,11.817009,-62.0,32.0,0.9420799,0.3442246,0.21013477,0.0001555898,32
639,2018-10-01,-44.14721923182177,-20.07944225466608,5.876887,-62.0,40.0,0.9141801,0.42269146,0.23625557,0.00014431524,32
642,2018-10-01,-44.093417744646096,-20.09361361895037,10.324371,-50.0,-32.0,0.95720506,0.29472056,0.22483774,0.00017313514,32
659,2018-10-01,-44.09316032126248,-20.093876051622303,-12.39505,-26.0,0.0,0.9202357,0.41621837,0.23191184,0.0004714754,32
666,2018-10-01,-44.09612069017406,-20.098599839717068,12.716632,-32.0,-20.0,0.8369649,0.59542996,0.22777635,0.00024879372,32
674,2018-10-01,-44.15803101393363,-20.068026433437065,8.954324,-60.0,40.0,0.9488301,0.32394177,0.21363357,0.00017669244,32
687,2018-10-01,-44.095348420023214,-20.095844296661788,-12.439317,-26.0,-12.0,0.9264778,0.39259818,0.2429174,0.0003334301,32
689,2018-10-01,-44.094704861564175,-20.102273897124107,1.6210455,-40.0,-24.0,0.8999888,0.45509607,0.22149613,0.00017279296,32
699,2018-10-01,-44.09277418618706,-20.092957537270543,8.155563,-60.0,-36.0,0.8248223,0.62379014,0.22112992,0.00010524349,32
704,2018-10-01,-44.16227849976329,-20.07301265420376,4.330594,-60.0,40.0,0.9730441,0.23360339,0.21389751,0.00015998124,32
738,2018-10-01,-44.16137751792064,-20.071044409164276,14.347116,-58.0,40.0,0.9537537,0.30705687,0.21450779,8.5356805e-05,32
743,2018-10-01,-44.095219708331406,-20.10292997880393,4.852921,-34.0,-32.0,0.963839,0.27309382,0.2487394,0.00023321668,32
748,2018-10-01,-44.1672982557438,-20.073799952219552,7.823392,-60.0,40.0,0.9394868,0.35379896,0.2385987,0.00016835134,32
749,2018-10-01,-44.15970426592713,-20.064614808701958,10.072836,-60.0,36.0,0.9923783,0.1236501,0.23288263,0.00010213836,32
753,2018-10-01,-44.09444743818056,-20.09453213330213,-14.321018,-30.0,4.0,0.93633944,0.3616963,0.24223724,0.0002814164,32
772,2018-10-01,-44.093546456337904,-20.094400916966165,-12.002647,-26.0,12.0,0.9233013,0.3976936,0.23818585,0.00025641994,32
778,2018-10-01,-44.14824892535624,-20.084690908104704,9.996543,-64.0,40.0,0.993268,0.11620175,0.217038,0.000119338845,32
781,2018-10-01,-44.09277418618706,-20.092957537270543,6.554381,-64.0,-40.0,0.9240293,0.3957767,0.23231132,0.00016137642,32
785,2018-10-01,-44.15648647363194,-20.07655549527483,6.9302883,-58.0,32.0,0.947436,0.32984012,0.24211547,8.705073e-05,32
795,2018-10-01,-44.09740780709214,-20.10463579117149,7.396643,-30.0,-40.0,0.8850024,0.53440773,0.22723202,0.0001532011,32
800,2018-10-01,-44.1674269674356,-20.07432481756341,7.4993453,-60.0,40.0,0.99912155,0.04192622,0.23580386,0.00012518003,32
809,2018-10-01,-44.16163494130425,-20.076817927946763,7.2269387,-60.0,40.0,0.9765173,0.21793333,0.2365612,0.00012580244,32
810,2018-10-01,-44.15906070746809,-20.06566453938968,7.0627475,-64.0,40.0,0.9807913,0.19675484,0.22297284,0.00012886837,32
812,2018-10-01,-44.09612069017406,-20.10463579117149,6.402596,-32.0,-28.0,0.9810543,0.19555587,0.24058457,0.00018460231,32
815,2018-10-01,-44.09290289787887,-20.09361361895037,11.348773,-34.0,-32.0,0.9477484,0.3269546,0.24155085,0.00027799365,32
817,2018-10-01,-44.15326868133674,-20.081935365049425,9.191811,-60.0,40.0,0.97455287,0.22695863,0.23753211,0.00013418394,32
819,2018-10-01,-44.15391223979578,-20.07025711114848,8.520807,-58.0,40.0,0.96879125,0.251771,0.22422275,0.00012923428,32
826,2018-10-01,-44.09573455509864,-20.100436868420587,9.899216,-40.0,-32.0,0.85571986,0.5583373,0.24542302,0.00029766848,32
839,2018-10-01,-44.1541696631794,-20.07983590367397,9.257638,-60.0,40.0,0.9838538,0.18029623,0.23935002,0.00027133914,32
842,2018-10-01,-44.161892364687866,-20.07708036061869,9.5642,-62.0,36.0,0.98912096,0.14776096,0.22787876,9.263296e-05,32
843,2018-10-01,-44.09715038370853,-20.098731056053037,9.158008,-42.0,-16.0,0.8399253,0.5894708,0.22958055,0.00012341807,32
849,2018-10-01,-44.09689296032491,-20.098862272389,7.0175977,-40.0,-16.0,0.8082655,0.64302075,0.23864205,0.00013250821,32
878,2018-10-01,-44.15532806840567,-20.07944225466608,6.5255475,-60.0,40.0,0.98164153,0.19241036,0.24028865,0.00024076854,32
879,2018-10-01,-44.15172414103505,-20.083772393752945,8.791009,-62.0,40.0,0.94224805,0.34635422,0.23466736,0.00017846754,32
881,2018-10-01,-44.09727909540033,-20.098731056053037,11.46479,-40.0,-16.0,0.8462761,0.57560474,0.22890337,7.089602e-05,32
902,2018-10-01,-44.09135835757717,-20.090201994215263,7.240372,-54.0,-32.0,0.9236139,0.3990633,0.23943725,0.00012808619,32
917,2018-10-01,-44.0917444926526,-20.09164537391089,6.37566,-66.0,-28.0,0.8399489,0.58606946,0.23359168,6.524553e-05,32
922,2018-10-01,-44.095863266790445,-20.09702524368548,11.076377,-32.0,-16.0,0.8334973,0.6023138,0.22462654,0.00019463511,32
953,2018-10-01,-44.09715038370853,-20.098862272389,7.905226,-42.0,-12.0,0.81594616,0.6319421,0.22483456,0.00016212075,32
988,2018-10-01,-44.1591894191599,-20.06592697206161,10.187367,-64.0,36.0,0.9466307,0.33186823,0.23593827,9.492854e-05,32
991,2018-10-01,-44.1575161671664,-20.08482212444067,8.333416,-60.0,40.0,0.9994936,0.03182455,0.23950803,0.00027012592,32
1001,2018-10-01,-44.161892364687866,-20.076817927946763,10.292519,-64.0,32.0,0.96615434,0.26191953,0.23441048,8.023096e-05,32
1002,2018-10-01,-44.09444743818056,-20.09492578231003,-13.048118,-34.0,-32.0,1.0,0.00039513933,0.22878867,0.00025367626,32
1010,2018-10-01,-44.15365481641216,-20.083509961081013,9.704633,-62.0,40.0,0.99335134,0.11545927,0.23778822,0.00019389139,32
1020,2018-10-01,-44.16292205822233,-20.072094139852,9.1567,-60.0,40.0,0.91512394,0.41756633,0.24028625,0.0001782693,32
1034,2018-10-01,-44.16202107637967,-20.07721157695466,9.542109,-60.0,40.0,0.981273,0.1944176,0.24814238,0.00010865971,32
1040,2018-10-01,-44.161892364687866,-20.07721157695466,8.933901,-60.0,40.0,0.96591824,0.26365894,0.2468073,0.00010343269,32
1050,2018-10-01,-44.09457614987237,-20.102405113460076,6.879414,-38.0,-36.0,0.93953866,0.35215226,0.24512702,0.00030498733,32
1070,2018-10-01,-44.1575161671664,-20.08482212444067,6.043835,-60.0,36.0,0.96219236,0.28010356,0.23884472,0.00017387042,32
1072,2018-10-01,-44.0917444926526,-20.09164537391089,6.9381804,-64.0,-36.0,0.91248626,0.42968604,0.23979232,7.8801335e-05,32
1076,2018-10-01,-44.15880328408448,-20.06592697206161,11.88572,-60.0,40.0,0.93656856,0.36525702,0.23667216,7.3392395e-05,32
1079,2018-10-01,-44.15391223979578,-20.07025711114848,10.885157,-60.0,40.0,0.9695847,0.24850449,0.24799877,9.992429e-05,32
1091,2018-10-01,-44.158417149009054,-20.0850845571126,3.7038162,-58.0,36.0,0.8887288,0.4815745,0.24550791,0.00012143039,32
1092,2018-10-01,-44.1509518708842,-20.07432481756341,3.7341268,-64.0,40.0,0.87775964,0.53542435,0.2352003,0.00030330935,32
1099,2018-10-01,-44.093546456337904,-20.09361361895037,6.0193143,-52.0,-36.0,0.8961929,0.46807668,0.23183072,0.00010412827,32
1102,2018-10-01,-44.16292205822233,-20.072094139852,8.214557,-60.0,40.0,0.91454065,0.42063314,0.23443252,0.00013330363,32
1108,2018-10-01,-44.14734794351358,-20.07878617298625,11.689668,-60.0,40.0,0.99970615,0.02424301,0.23583807,8.263391e-05,32
1117,2018-10-01,-44.16768439081922,-20.071831707180067,8.205425,-58.0,36.0,0.981466,0.19336696,0.22862582,0.0001814576,32
1127,2018-10-01,-44.09264547449525,-20.09308875360651,6.1073112,-62.0,-40.0,0.8971481,0.47378388,0.23896502,0.00011133063,32
1146,2018-10-01,-44.16034782438617,-20.068813731452856,10.976226,-56.0,40.0,0.9864666,0.1649596,0.24976282,0.00036398857,32
1153,2018-10-01,-44.150050889041545,-20.0858718551284,10.077956,-62.0,36.0,0.99220043,0.1250837,0.2397805,0.00020716414,32
1155,2018-10-01,-44.09444743818056,-20.102011464452172,7.0794964,-34.0,-40.0,0.92435986,0.39511356,0.23405898,0.00023943702,32
1159,2018-10-01,-44.093546456337904,-20.09400726795827,-12.0747795,-28.0,0.0,0.9480586,0.3266401,0.24105251,0.00034425358,32
1163,2018-10-01,-44.09766523047576,-20.105029440179383,6.3101997,-28.0,-40.0,0.9311042,0.37839893,0.24166062,0.0001920892,32
1174,2018-10-01,-44.095219708331406,-20.102011464452172,5.9754887,-36.0,-40.0,0.9113488,0.42841828,0.24216647,0.00012990848,32
1181,2018-10-01,-44.09161578096079,-20.093219969942474,-15.358935,-28.0,-8.0,0.8859077,0.49635297,0.23633368,0.00021885987,32
1189,2018-10-01,-44.09715038370853,-20.098731056053037,8.6252575,-42.0,-16.0,0.8359385,0.6007249,0.24258535,0.00012660914,32
1191,2018-10-01,-44.095219708331406,-20.095844296661788,-12.984843,-28.0,-12.0,0.8651284,0.5359111,0.24847127,0.00020080352,32
1197,2018-10-01,-44.16214978807148,-20.07616184626693,9.694229,-60.0,40.0,0.9665673,0.26143262,0.24416661,0.00011817686,32
1204,2018-10-01,-44.093546456337904,-20.094400916966165,-13.553013,-26.0,0.0,0.93913746,0.35383812,0.24792047,0.0003644777,32
1217,2018-10-01,-44.16202107637967,-20.074718466571312,10.167161,-58.0,40.0,0.9690986,0.2505538,0.24575986,9.5118936e-05,32
1231,2018-10-01,-44.14992217734974,-20.08692158581612,11.0578,-60.0,32.0,0.9371452,0.3654364,0.24572617,0.00011899009,32
1247,2018-10-01,-44.094704861564175,-20.094663349638097,-11.63506,-30.0,-12.0,0.9238721,0.39515322,0.2348293,0.00022071703,32
1251,2018-10-01,-44.09251676280344,-20.093219969942474,11.927728,-48.0,-36.0,0.89386845,0.4703759,0.24224225,0.00015514281,32
1256,2018-10-01,-44.09483357325598,-20.093219969942474,12.521529,-52.0,-40.0,0.86129993,0.54238904,0.24783906,0.0001059604,32
1259,2018-10-01,-44.16227849976329,-20.072881437867792,10.723866,-60.0,40.0,0.9829678,0.18534474,0.24443871,0.00014352797,32
1260,2018-10-01,-44.15481322163844,-20.071044409164276,5.8313117,-60.0,32.0,0.9734008,0.23258153,0.23211527,0.00010914595,32
1289,2018-10-01,-44.1541696631794,-20.07983590367397,9.415296,-60.0,40.0,0.9900696,0.14119089,0.24933314,0.00012980548,32
1290,2018-10-01,-44.095219708331406,-20.095319431317925,-12.948271,-28.0,-4.0,0.9366193,0.3611681,0.23686811,0.0001664893,32
1291,2018-10-01,-44.094704861564175,-20.09361361895037,9.081015,-54.0,-40.0,0.8996914,0.4565308,0.2475767,0.00012423437,32
1292,2018-10-01,-44.09303160957067,-20.09335118627844,8.950471,-52.0,-36.0,0.9403788,0.35013777,0.23605238,0.00015071555,32
1305,2018-10-01,-44.09715038370853,-20.098862272389,6.3873987,-42.0,-8.0,0.83434314,0.59625983,0.23497155,0.00011737869,32
1313,2018-10-01,-44.1558429151729,-20.07340630321165,9.54652,-60.0,40.0,0.9211648,0.4038228,0.23622842,0.00013031399,32
1329,2018-10-01,-44.1509518708842,-20.07445603389938,14.782134,-62.0,40.0,0.91050994,0.4318001,0.2425376,0.00029912443,32
25,2018-10-13,-44.177981326163845,-20.065402106717748,10.980381,-62.0,36.0,0.9934322,0.114803776,0.12596866,0.00017885656,32
36,2018-10-13,-44.161892364687866,-20.07708036061869,8.08472,-62.0,40.0,0.9895274,0.14510763,0.16019304,0.00016061729,32
49,2018-10-13,-44.158288437317246,-20.066320621069508,10.9797125,-60.0,36.0,0.9677011,0.25603223,0.16889001,0.00021117146,32
51,2018-10-13,-44.1575161671664,-20.08482212444067,8.206864,-60.0,40.0,0.99133533,0.13187632,0.15246536,0.00031897012,32
55,2018-10-13,-44.15597162686471,-20.07904860565818,11.820867,-58.0,40.0,0.99169916,0.12906517,0.17269787,0.00030624378,32
58,2018-10-13,-44.1591894191599,-20.06592697206161,10.118038,-64.0,40.0,0.9866735,0.1637098,0.16357863,0.00016910466,32
60,2018-10-13,-44.158417149009054,-20.066714270077405,9.8084545,-60.0,32.0,0.9606683,0.28429142,0.16295098,0.00027915908,32
70,2018-10-13,-44.15558549178928,-20.073143870539724,10.016191,-58.0,40.0,0.98207843,0.1903084,0.16551217,0.00015617402,32
72,2018-10-13,-44.161892364687866,-20.076817927946763,8.885593,-60.0,40.0,0.98664135,0.16406055,0.17289028,0.00018321899,32
77,2018-10-13,-44.15558549178928,-20.073143870539724,6.89573,-60.0,40.0,0.9936751,0.11267752,0.17115304,0.0002308823,32
78,2018-10-13,-44.16176365299606,-20.07708036061869,10.542387,-62.0,40.0,0.98854494,0.15176974,0.17172363,0.0001721688,32
79,2018-10-13,-44.177981326163845,-20.065533323053717,8.197064,-62.0,36.0,0.9964764,0.08401511,0.16623512,0.00018862613,32
86,2018-10-13,-44.157130032090976,-20.07235657252393,8.099819,-60.0,36.0,0.99061596,0.13728343,0.15821503,0.00026863083,32
87,2018-10-13,-44.15365481641216,-20.08364117741698,10.580781,-62.0,40.0,0.9950991,0.0991742,0.17583664,0.00029401673,32
92,2018-10-13,-44.15365481641216,-20.08364117741698,10.116636,-62.0,40.0,0.99385124,0.11107637,0.1650057,0.00031562397,32
101,2018-10-13,-44.157130032090976,-20.07235657252393,12.119951,-60.0,36.0,0.98830754,0.15364271,0.16259168,0.0002030594,32
102,2018-10-13,-44.1575161671664,-20.08482212444067,7.710808,-60.0,36.0,0.9933006,0.11592739,0.16052273,0.0002825142,32
106,2018-10-13,-44.158288437317246,-20.066320621069508,10.55271,-60.0,40.0,0.96672195,0.260466,0.17711703,0.00022746764,32
107,2018-10-13,-44.150050889041545,-20.0858718551284,10.10313,-62.0,32.0,0.9972439,0.07430704,0.17113066,0.00025208955,32
108,2018-10-13,-44.095348420023214,-20.095581863989857,-11.088547,-26.0,-4.0,0.9112881,0.43588206,0.17609175,0.00035253962,32
109,2018-10-13,-44.15815972562544,-20.068026433437065,13.723137,-60.0,40.0,0.92887574,0.38277623,0.18616179,0.00031713524,32
111,2018-10-13,-44.15558549178928,-20.073143870539724,9.186339,-58.0,40.0,0.9956475,0.093374655,0.16038811,0.00014709214,32
116,2018-10-13,-44.15597162686471,-20.07904860565818,8.969398,-60.0,40.0,0.98307085,0.18469657,0.19299243,0.00018906631,32
120,2018-10-13,-44.15442708656301,-20.0717004908441,9.356195,-60.0,40.0,0.98103976,0.19561706,0.18038051,0.0002138021,32
122,2018-10-13,-44.177981326163845,-20.065402106717748,10.981066,-62.0,36.0,0.9920553,0.12631515,0.16516092,0.00013893403,32
124,2018-10-13,-44.16768439081922,-20.071831707180067,7.7737055,-58.0,40.0,0.9844347,0.17712511,0.16961817,0.00019569618,32
125,2018-10-13,-44.09316032126248,-20.103192411475867,5.2700305,-30.0,-28.0,0.9221537,0.4055343,0.18537693,0.00026284982,32
135,2018-10-13,-44.1575161671664,-20.08482212444067,10.07607,-60.0,40.0,0.9926844,0.12122337,0.17335667,0.00032299763,32
166,2018-10-13,-44.16227849976329,-20.07301265420376,10.669184,-60.0,40.0,0.9948693,0.10141454,0.17611928,0.0002781563,32
169,2018-10-13,-44.15906070746809,-20.06592697206161,6.433387,-62.0,36.0,0.96458185,0.26856968,0.1896261,7.7959645e-05,32
183,2018-10-13,-44.161892364687866,-20.07721157695466,10.647134,-60.0,40.0,0.98572654,0.16954353,0.20472775,0.00016644613,32
184,2018-10-13,-44.14914990719889,-20.083509961081013,9.443286,-62.0,24.0,0.92275953,0.39962417,0.18632154,0.00019650752,32
192,2018-10-13,-44.15558549178928,-20.073143870539724,10.769098,-58.0,36.0,0.96856844,0.2538515,0.20102504,0.00022607588,32
208,2018-10-13,-44.09547713171502,-20.096631594677586,18.884666,-16.0,-28.0,0.8838611,0.4968438,0.19951294,0.00028506762,32
209,2018-10-13,-44.09573455509864,-20.104242142163592,5.338967,-30.0,-32.0,0.99192834,0.12720996,0.20155519,0.00028709535,32
211,2018-10-13,-44.14824892535624,-20.08482212444067,9.22053,-62.0,36.0,0.97233886,0.23678724,0.1985304,0.00017741922,32
227,2018-10-13,-44.15172414103505,-20.083772393752945,11.010914,-62.0,40.0,0.9442581,0.34013498,0.17343715,0.00015305412,32
230,2018-10-13,-44.1558429151729,-20.078654956650283,11.918725,-58.0,40.0,0.99377,0.11183355,0.20406978,0.00019458176,32
234,2018-10-13,-44.09496228494779,-20.095319431317925,-9.815378,-30.0,-20.0,0.933926,0.3708147,0.21000704,0.00035274707,32
235,2018-10-13,-44.1672982557438,-20.07393116855552,9.517879,-60.0,40.0,0.94888365,0.32600248,0.19429739,0.00019437468,32
250,2018-10-13,-44.1558429151729,-20.071831707180067,10.205921,-58.0,36.0,0.9687802,0.25208294,0.20764968,0.00012654542,32
262,2018-10-13,-44.15558549178928,-20.073143870539724,9.720295,-60.0,40.0,0.9888833,0.14947388,0.214402,0.00019721958,32
279,2018-10-13,-44.15378352810397,-20.08390361008891,8.488348,-62.0,40.0,0.9593733,0.28800502,0.1987492,0.00014123438,32
292,2018-10-13,-44.09277418618706,-20.09308875360651,5.2367263,-62.0,-40.0,0.94386774,0.3385104,0.2108965,0.00015072811,32
294,2018-10-13,-44.150050889041545,-20.0858718551284,9.342339,-62.0,40.0,0.99573416,0.09243322,0.20145847,0.00022659368,32
297,2018-10-13,-44.1509518708842,-20.07445603389938,12.278025,-62.0,40.0,0.91531914,0.42315394,0.18903947,0.000473964,32
298,2018-10-13,-44.09573455509864,-20.104110925827623,5.8393273,-32.0,-32.0,0.9713802,0.24072301,0.20770803,0.00019924583,32
302,2018-10-13,-44.1509518708842,-20.07445603389938,12.114596,-64.0,40.0,0.9010573,0.46399283,0.19030711,0.00030566705,32
307,2018-10-13,-44.15558549178928,-20.073143870539724,13.6387415,-60.0,36.0,0.94426954,0.33953795,0.21462357,0.0001921205,32
322,2018-10-13,-44.16150622961244,-20.065533323053717,9.559577,-58.0,32.0,0.9559043,0.30019727,0.20587029,0.00021429466,32
326,2018-10-13,-44.158417149009054,-20.066714270077405,13.833626,-60.0,28.0,0.92922074,0.38275728,0.21405818,0.00021434038,32
334,2018-10-13,-44.14824892535624,-20.08482212444067,10.674508,-64.0,36.0,0.9591197,0.28854805,0.20624818,0.00011566065,32
341,2018-10-13,-44.093417744646096,-20.094138484294238,-14.261506,-30.0,0.0,0.9271192,0.38806647,0.20293237,0.00020528595,32
342,2018-10-13,-44.09573455509864,-20.104110925827623,2.6072223,-28.0,-32.0,0.967172,0.2586741,0.21095438,0.00017666417,32
343,2018-10-13,-44.094704861564175,-20.094663349638097,-11.110158,-30.0,-12.0,0.9320163,0.37439924,0.20520887,0.00024680147,32
350,2018-10-13,-44.15494193333024,-20.07143805817217,8.340642,-60.0,32.0,0.9771433,0.21485306,0.2082436,0.000101412086,32
351,2018-10-13,-44.15365481641216,-20.083509961081013,10.794146,-62.0,40.0,0.99176425,0.12863493,0.1975397,0.00024892512,32
354,2018-10-13,-44.095219708331406,-20.10188024811621,9.296903,-34.0,-40.0,0.85031635,0.56276417,0.19688289,0.0001462547,32
355,2018-10-13,-44.14721923182177,-20.07944225466608,10.247913,-62.0,40.0,0.9097379,0.4362786,0.20008743,0.0001692326,32
358,2018-10-13,-44.161892364687866,-20.076817927946763,15.358254,-60.0,40.0,0.97885114,0.2066355,0.2046915,0.00012147129,32
365,2018-10-13,-44.09483357325598,-20.095975512997757,-7.1295757,-16.0,-16.0,0.87048537,0.5251366,0.2145026,0.00022786683,32
371,2018-10-13,-44.16150622961244,-20.065533323053717,10.121679,-58.0,36.0,0.96249855,0.27732918,0.21806788,0.00021408769,32
372,2018-10-13,-44.156615185323744,-20.07235657252393,12.041173,-60.0,40.0,0.98747224,0.15874347,0.22571152,0.00016332245,32
376,2018-10-13,-44.177981326163845,-20.065533323053717,9.9709835,-64.0,40.0,0.98931545,0.14667082,0.2060611,0.0001226925,32
428,2018-10-13,-44.095348420023214,-20.099255921396896,10.92111,-34.0,-20.0,0.8599175,0.5520587,0.21099286,0.00021701,32
445,2018-10-13,-44.15030831242516,-20.084690908104704,5.61112,-62.0,40.0,0.9537714,0.31028697,0.19998807,0.00011961138,32
451,2018-10-13,-44.095348420023214,-20.09269510459861,8.498749,-50.0,-32.0,0.89500684,0.4699368,0.21193483,0.000103801125,32
452,2018-10-13,-44.1624072114551,-20.06658305374144,9.68339,-60.0,36.0,0.99999905,0.0013166264,0.18705474,0.00012239197,32
454,2018-10-13,-44.161892364687866,-20.07721157695466,8.032632,-60.0,40.0,0.98762494,0.15781839,0.21329112,0.000108521395,32
462,2018-10-13,-44.1492786188907,-20.083772393752945,4.4699006,-62.0,36.0,0.9009371,0.45448023,0.21690197,0.00015435196,32
468,2018-10-13,-44.16768439081922,-20.071831707180067,10.38587,-58.0,40.0,0.99912137,0.041926306,0.1979922,0.00025140448,32
469,2018-10-13,-44.156615185323744,-20.07235657252393,12.113585,-62.0,40.0,0.9884701,0.15216252,0.21888806,0.00014295946,32
475,2018-10-13,-44.16150622961244,-20.06684548641337,11.386542,-60.0,40.0,0.9333956,0.37320685,0.20200405,0.00019318266,32
480,2018-10-13,-44.09573455509864,-20.10437335849956,4.89653,-30.0,-28.0,0.97603565,0.21994607,0.22386426,0.00023246644,32
489,2018-10-13,-44.15378352810397,-20.0854782061205,9.831033,-60.0,36.0,0.98614484,0.16707681,0.22113495,0.00015665224,32
498,2018-10-13,-44.16202107637967,-20.07760522596256,12.435386,-60.0,40.0,0.9739393,0.22963941,0.22176117,0.00018630472,32
515,2018-10-13,-44.177981326163845,-20.065533323053717,11.184241,-62.0,40.0,0.99098617,0.13457483,0.22828959,0.00014239682,32
517,2018-10-13,-44.16137751792064,-20.071044409164276,10.632396,-58.0,40.0,0.9873319,0.16011351,0.20574138,0.000113239825,32
518,2018-10-13,-44.16202107637967,-20.07760522596256,9.125051,-60.0,36.0,0.9819957,0.19045453,0.2204059,0.00024409748,32
520,2018-10-13,-44.14992217734974,-20.08692158581612,10.370785,-60.0,32.0,0.9329311,0.37142602,0.22161011,0.00016959709,32
533,2018-10-13,-44.093546456337904,-20.09361361895037,8.669843,-54.0,-36.0,0.92416435,0.39691073,0.22529994,0.00012681105,32
538,2018-10-13,-44.15468450994663,-20.07904860565818,7.0997972,-60.0,40.0,0.9603823,0.28433818,0.2098461,7.573011e-05,32
547,2018-10-13,-44.1509518708842,-20.07432481756341,16.043875,-62.0,40.0,0.90768754,0.43956012,0.21304497,0.00048326713,32
551,2018-10-13,-44.09431872648875,-20.09361361895037,7.018724,-60.0,-40.0,0.9269395,0.38688326,0.22368047,8.363042e-05,32
573,2018-10-13,-44.09715038370853,-20.10437335849956,6.436271,-26.0,-40.0,0.981993,0.19041304,0.21994461,0.00020242653,32
591,2018-10-13,-44.09637811355768,-20.10476700750745,7.32516,-28.0,-28.0,0.88030064,0.50150853,0.24380408,0.00016093155,32
595,2018-10-13,-44.09277418618706,-20.09308875360651,4.367889,-60.0,-36.0,0.9506957,0.31798822,0.22435091,0.00015162292,32
597,2018-10-13,-44.094704861564175,-20.09361361895037,7.141,-56.0,-40.0,0.9236856,0.39662957,0.221461,0.00016114896,32
617,2018-10-13,-44.095348420023214,-20.095581863989857,-12.554453,-28.0,-12.0,0.91071886,0.43331236,0.20454994,0.00030632524,32
621,2018-10-13,-44.095348420023214,-20.095581863989857,-12.286828,-30.0,-16.0,0.919275,0.40785578,0.221529,0.00037647443,32
631,2018-10-13,-44.150050889041545,-20.08574063879243,10.063727,-62.0,32.0,0.96217763,0.27867618,0.2173203,0.00012443759,32
632,2018-10-13,-44.158417149009054,-20.066714270077405,14.467382,-62.0,32.0,0.9420799,0.3442246,0.21013477,0.0001555898,32
639,2018-10-13,-44.14721923182177,-20.07944225466608,7.536217,-62.0,40.0,0.9141801,0.42269146,0.23625557,0.00014431524,32
642,2018-10-13,-44.093417744646096,-20.09361361895037,8.391531,-50.0,-32.0,0.95720506,0.29472056,0.22483774,0.00017313514,32
659,2018-10-13,-44.09316032126248,-20.093876051622303,-12.711505,-26.0,0.0,0.9202357,0.41621837,0.23191184,0.0004714754,32
666,2018-10-13,-44.09612069017406,-20.098599839717068,11.328708,-32.0,-20.0,0.8369649,0.59542996,0.22777635,0.00024879372,32
674,2018-10-13,-44.15803101393363,-20.068026433437065,9.831025,-60.0,40.0,0.9488301,0.32394177,0.21363357,0.00017669244,32
687,2018-10-13,-44.095348420023214,-20.095844296661788,-11.045008,-26.0,-12.0,0.9264778,0.39259818,0.2429174,0.0003334301,32
689,2018-10-13,-44.094704861564175,-20.102273897124107,1.7215807,-40.0,-24.0,0.8999888,0.45509607,0.22149613,0.00017279296,32
699,2018-10-13,-44.09277418618706,-20.092957537270543,7.141794,-60.0,-36.0,0.8248223,0.62379014,0.22112992,0.00010524349,32
704,2018-10-13,-44.16227849976329,-20.07301265420376,5.9709735,-60.0,40.0,0.9730441,0.23360339,0.21389751,0.00015998124,32
738,2018-10-13,-44.16137751792064,-20.071044409164276,17.313646,-58.0,40.0,0.9537537,0.30705687,0.21450779,8.5356805e-05,32
743,2018-10-13,-44.095219708331406,-20.10292997880393,4.4388013,-34.0,-32.0,0.963839,0.27309382,0.2487394,0.00023321668,32
748,2018-10-13,-44.1672982557438,-20.073799952219552,8.767254,-60.0,40.0,0.9394868,0.35379896,0.2385987,0.00016835134,32
749,2018-10-13,-44.15970426592713,-20.064614808701958,11.542962,-60.0,36.0,0.9923783,0.1236501,0.23288263,0.00010213836,32
753,2018-10-13,-44.09444743818056,-20.09453213330213,-15.187565,-30.0,4.0,0.93633944,0.3616963,0.24223724,0.0002814164,32
772,2018-10-13,-44.093546456337904,-20.094400916966165,-11.814932,-26.0,12.0,0.9233013,0.3976936,0.23818585,0.00025641994,32
778,2018-10-13,-44.14824892535624,-20.084690908104704,11.137381,-64.0,40.0,0.993268,0.11620175,0.217038,0.000119338845,32
781,2018-10-13,-44.09277418618706,-20.092957537270543,6.981584,-64.0,-40.0,0.9240293,0.3957767,0.23231132,0.00016137642,32
785,2018-10-13,-44.15648647363194,-20.07655549527483,8.846495,-58.0,32.0,0.947436,0.32984012,0.24211547,8.705073e-05,32
795,2018-10-13,-44.09740780709214,-20.10463579117149,7.647935,-30.0,-40.0,0.8850024,0.53440773,0.22723202,0.0001532011,32
800,2018-10-13,-44.1674269674356,-20.07432481756341,8.788959,-60.0,40.0,0.99912155,0.04192622,0.23580386,0.00012518003,32
809,2018-10-13,-44.16163494130425,-20.076817927946763,8.863289,-60.0,40.0,0.9765173,0.21793333,0.2365612,0.00012580244,32
810,2018-10-13,-44.15906070746809,-20.06566453938968,8.041918,-64.0,40.0,0.9807913,0.19675484,0.22297284,0.00012886837,32
812,2018-10-13,-44.09612069017406,-20.10463579117149,5.282727,-32.0,-28.0,0.9810543,0.19555587,0.24058457,0.00018460231,32
815,2018-10-13,-44.09290289787887,-20.09361361895037,13.268622,-34.0,-32.0,0.9477484,0.3269546,0.24155085,0.00027799365,32
817,2018-10-13,-44.15326868133674,-20.081935365049425,10.322146,-60.0,40.0,0.97455287,0.22695863,0.23753211,0.00013418394,32
819,2018-10-13,-44.15391223979578,-20.07025711114848,9.891176,-58.0,40.0,0.96879125,0.251771,0.22422275,0.00012923428,32
826,2018-10-13,-44.09573455509864,-20.100436868420587,7.214245,-40.0,-32.0,0.85571986,0.5583373,0.24542302,0.00029766848,32
839,2018-10-13,-44.1541696631794,-20.07983590367397,10.479003,-60.0,40.0,0.9838538,0.18029623,0.23935002,0.00027133914,32
842,2018-10-13,-44.161892364687866,-20.07708036061869,10.904455,-62.0,36.0,0.98912096,0.14776096,0.22787876,9.263296e-05,32
843,2018-10-13,-44.09715038370853,-20.098731056053037,7.5303974,-42.0,-16.0,0.8399253,0.5894708,0.22958055,0.00012341807,32
849,2018-10-13,-44.09689296032491,-20.098862272389,7.99281,-40.0,-16.0,0.8082655,0.64302075,0.23864205,0.00013250821,32
878,2018-10-13,-44.15532806840567,-20.07944225466608,8.670894,-60.0,40.0,0.98164153,0.19241036,0.24028865,0.00024076854,32
879,2018-10-13,-44.15172414103505,-20.083772393752945,10.484299,-62.0,40.0,0.94224805,0.34635422,0.23466736,0.00017846754,32
881,2018-10-13,-44.09727909540033,-20.098731056053037,8.643684,-40.0,-16.0,0.8462761,0.57560474,0.22890337,7.089602e-05,32
902,2018-10-13,-44.09135835757717,-20.090201994215263,6.9154305,-54.0,-32.0,0.9236139,0.3990633,0.23943725,0.00012808619,32
917,2018-10-13,-44.0917444926526,-20.09164537391089,6.2122555,-66.0,-28.0,0.8399489,0.58606946,0.23359168,6.524553e-05,32
922,2018-10-13,-44.095863266790445,-20.09702524368548,10.860041,-32.0,-16.0,0.8334973,0.6023138,0.22462654,0.00019463511,32
953,2018-10-13,-44.09715038370853,-20.098862272389,5.996936,-42.0,-12.0,0.81594616,0.6319421,0.22483456,0.00016212075,32
988,2018-10-13,-44.1591894191599,-20.06592697206161,12.160509,-64.0,36.0,0.9466307,0.33186823,0.23593827,9.492854e-05,32
991,2018-10-13,-44.1575161671664,-20.08482212444067,9.58301,-60.0,40.0,0.9994936,0.03182455,0.23950803,0.00027012592,32
1001,2018-10-13,-44.161892364687866,-20.076817927946763,11.715109,-64.0,32.0,0.96615434,0.26191953,0.23441048,8.023096e-05,32
1002,2018-10-13,-44.09444743818056,-20.09492578231003,-13.7081375,-34.0,-32.0,1.0,0.00039513933,0.22878867,0.00025367626,32
1010,2018-10-13,-44.15365481641216,-20.083509961081013,11.196427,-62.0,40.0,0.99335134,0.11545927,0.23778822,0.00019389139,32
1020,2018-10-13,-44.16292205822233,-20.072094139852,10.7068815,-60.0,40.0,0.91512394,0.41756633,0.24028625,0.0001782693,32
1034,2018-10-13,-44.16202107637967,-20.07721157695466,10.681756,-60.0,40.0,0.981273,0.1944176,0.24814238,0.00010865971,32
1040,2018-10-13,-44.161892364687866,-20.07721157695466,9.907836,-60.0,40.0,0.96591824,0.26365894,0.2468073,0.00010343269,32
1050,2018-10-13,-44.09457614987237,-20.102405113460076,6.952788,-38.0,-36.0,0.93953866,0.35215226,0.24512702,0.00030498733,32
1070,2018-10-13,-44.1575161671664,-20.08482212444067,8.132134,-60.0,36.0,0.96219236,0.28010356,0.23884472,0.00017387042,32
1072,2018-10-13,-44.0917444926526,-20.09164537391089,7.385439,-64.0,-36.0,0.91248626,0.42968604,0.23979232,7.8801335e-05,32
1076,2018-10-13,-44.15880328408448,-20.06592697206161,13.041728,-60.0,40.0,0.93656856,0.36525702,0.23667216,7.3392395e-05,32
1079,2018-10-13,-44.15391223979578,-20.07025711114848,12.068436,-60.0,40.0,0.9695847,0.24850449,0.24799877,9.992429e-05,32
1091,2018-10-13,-44.158417149009054,-20.0850845571126,5.70959,-58.0,36.0,0.8887288,0.4815745,0.24550791,0.00012143039,32
1092,2018-10-13,-44.1509518708842,-20.07432481756341,4.403929,-64.0,40.0,0.87775964,0.53542435,0.2352003,0.00030330935,32
1099,2018-10-13,-44.093546456337904,-20.09361361895037,8.18432,-52.0,-36.0,0.8961929,0.46807668,0.23183072,0.00010412827,32
1102,2018-10-13,-44.16292205822233,-20.072094139852,9.728431,-60.0,40.0,0.91454065,0.42063314,0.23443252,0.00013330363,32
1108,2018-10-13,-44.14734794351358,-20.07878617298625,13.021588,-60.0,40.0,0.99970615,0.02424301,0.23583807,8.263391e-05,32
1117,2018-10-13,-44.16768439081922,-20.071831707180067,9.561659,-58.0,36.0,0.981466,0.19336696,0.22862582,0.0001814576,32
1127,2018-10-13,-44.09264547449525,-20.09308875360651,5.543027,-62.0,-40.0,0.8971481,0.47378388,0.23896502,0.00011133063,32
1146,2018-10-13,-44.16034782438617,-20.068813731452856,12.216937,-56.0,40.0,0.9864666,0.1649596,0.24976282,0.00036398857,32
1153,2018-10-13,-44.150050889041545,-20.0858718551284,11.427029,-62.0,36.0,0.99220043,0.1250837,0.2397805,0.00020716414,32
1155,2018-10-13,-44.09444743818056,-20.102011464452172,8.289952,-34.0,-40.0,0.92435986,0.39511356,0.23405898,0.00023943702,32
1159,2018-10-13,-44.093546456337904,-20.09400726795827,-12.1449,-28.0,0.0,0.9480586,0.3266401,0.24105251,0.00034425358,32
1163,2018-10-13,-44.09766523047576,-20.105029440179383,5.860759,-28.0,-40.0,0.9311042,0.37839893,0.24166062,0.0001920892,32
1174,2018-10-13,-44.095219708331406,-20.102011464452172,5.0403266,-36.0,-40.0,0.9113488,0.42841828,0.24216647,0.00012990848,32
1181,2018-10-13,-44.09161578096079,-20.093219969942474,-14.890145,-28.0,-8.0,0.8859077,0.49635297,0.23633368,0.00021885987,32
1189,2018-10-13,-44.09715038370853,-20.098731056053037,6.984556,-42.0,-16.0,0.8359385,0.6007249,0.24258535,0.00012660914,32
1191,2018-10-13,-44.095219708331406,-20.095844296661788,-13.393918,-28.0,-12.0,0.8651284,0.5359111,0.24847127,0.00020080352,32
1197,2018-10-13,-44.16214978807148,-20.07616184626693,10.932209,-60.0,40.0,0.9665673,0.26143262,0.24416661,0.00011817686,32
1204,2018-10-13,-44.093546456337904,-20.094400916966165,-13.155814,-26.0,0.0,0.93913746,0.35383812,0.24792047,0.0003644777,32
1217,2018-10-13,-44.16202107637967,-20.074718466571312,11.216865,-58.0,40.0,0.9690986,0.2505538,0.24575986,9.5118936e-05,32
1231,2018-10-13,-44.14992217734974,-20.08692158581612,12.322884,-60.0,32.0,0.9371452,0.3654364,0.24572617,0.00011899009,32
1247,2018-10-13,-44.094704861564175,-20.094663349638097,-12.150171,-30.0,-12.0,0.9238721,0.39515322,0.2348293,0.00022071703,32
1251,2018-10-13,-44.09251676280344,-20.093219969942474,11.396581,-48.0,-36.0,0.89386845,0.4703759,0.24224225,0.00015514281,32
1256,2018-10-13,-44.09483357325598,-20.093219969942474,10.646647,-52.0,-40.0,0.86129993,0.54238904,0.24783906,0.0001059604,32
1259,2018-10-13,-44.16227849976329,-20.072881437867792,11.998952,-60.0,40.0,0.9829678,0.18534474,0.24443871,0.00014352797,32
1260,2018-10-13,-44.15481322163844,-20.071044409164276,7.6376443,-60.0,32.0,0.9734008,0.23258153,0.23211527,0.00010914595,32
1289,2018-10-13,-44.1541696631794,-20.07983590367397,10.786878,-60.0,40.0,0.9900696,0.14119089,0.24933314,0.00012980548,32
1290,2018-10-13,-44.095219708331406,-20.095319431317925,-13.952605,-28.0,-4.0,0.9366193,0.3611681,0.23686811,0.0001664893,32
1291,2018-10-13,-44.094704861564175,-20.09361361895037,7.7847676,-54.0,-40.0,0.8996914,0.4565308,0.2475767,0.00012423437,32
1292,2018-10-13,-44.09303160957067,-20.09335118627844,8.608896,-52.0,-36.0,0.9403788,0.35013777,0.23605238,0.00015071555,32
1305,2018-10-13,-44.09715038370853,-20.098862272389,5.7438183,-42.0,-8.0,0.83434314,0.59625983,0.23497155,0.00011737869,32
1313,2018-10-13,-44.1558429151729,-20.07340630321165,10.783402,-60.0,40.0,0.9211648,0.4038228,0.23622842,0.00013031399,32
1329,2018-10-13,-44.1509518708842,-20.07445603389938,17.236647,-62.0,40.0,0.91050994,0.4318001,0.2425376,0.00029912443,32
25,2018-10-25,-44.177981326163845,-20.065402106717748,12.324532,-62.0,36.0,0.9934322,0.114803776,0.12596866,0.00017885656,32
36,2018-10-25,-44.161892364687866,-20.07708036061869,10.206387,-62.0,40.0,0.9895274,0.14510763,0.16019304,0.00016061729,32
49,2018-10-25,-44.158288437317246,-20.066320621069508,12.258393,-60.0,36.0,0.9677011,0.25603223,0.16889001,0.00021117146,32
51,2018-10-25,-44.1575161671664,-20.08482212444067,10.137813,-60.0,40.0,0.99133533,0.13187632,0.15246536,0.00031897012,32
55,2018-10-25,-44.15597162686471,-20.07904860565818,12.950952,-58.0,40.0,0.99169916,0.12906517,0.17269787,0.00030624378,32
58,2018-10-25,-44.1591894191599,-20.06592697206161,11.260064,-64.0,40.0,0.9866735,0.1637098,0.16357863,0.00016910466,32
60,2018-10-25,-44.158417149009054,-20.066714270077405,11.122489,-60.0,32.0,0.9606683,0.28429142,0.16295098,0.00027915908,32
70,2018-10-25,-44.15558549178928,-20.073143870539724,11.335059,-58.0,40.0,0.98207843,0.1903084,0.16551217,0.00015617402,32
72,2018-10-25,-44.161892364687866,-20.076817927946763,10.20705,-60.0,40.0,0.98664135,0.16406055,0.17289028,0.00018321899,32
77,2018-10-25,-44.15558549178928,-20.073143870539724,9.006302,-60.0,40.0,0.9936751,0.11267752,0.17115304,0.0002308823,32
78,2018-10-25,-44.16176365299606,-20.07708036061869,11.99036,-62.0,40.0,0.98854494,0.15176974,0.17172363,0.0001721688,32
79,2018-10-25,-44.177981326163845,-20.065533323053717,10.370398,-62.0,36.0,0.9964764,0.08401511,0.16623512,0.00018862613,32
86,2018-10-25,-44.157130032090976,-20.07235657252393,9.907303,-60.0,36.0,0.99061596,0.13728343,0.15821503,0.00026863083,32
87,2018-10-25,-44.15365481641216,-20.08364117741698,11.62159,-62.0,40.0,0.9950991,0.0991742,0.17583664,0.00029401673,32
92,2018-10-25,-44.15365481641216,-20.08364117741698,11.3144455,-62.0,40.0,0.99385124,0.11107637,0.1650057,0.00031562397,32
101,2018-10-25,-44.157130032090976,-20.07235657252393,13.654637,-60.0,36.0,0.98830754,0.15364271,0.16259168,0.0002030594,32
102,2018-10-25,-44.1575161671664,-20.08482212444067,9.761643,-60.0,36.0,0.9933006,0.11592739,0.16052273,0.0002825142,32
106,2018-10-25,-44.158288437317246,-20.066320621069508,11.841105,-60.0,40.0,0.96672195,0.260466,0.17711703,0.00022746764,32
107,2018-10-25,-44.150050889041545,-20.0858718551284,11.3926325,-62.0,32.0,0.9972439,0.07430704,0.17113066,0.00025208955,32
108,2018-10-25,-44.095348420023214,-20.095581863989857,-10.538518,-26.0,-4.0,0.9112881,0.43588206,0.17609175,0.00035253962,32
109,2018-10-25,-44.15815972562544,-20.068026433437065,15.725566,-60.0,40.0,0.92887574,0.38277623,0.18616179,0.00031713524,32
111,2018-10-25,-44.15558549178928,-20.073143870539724,10.586139,-58.0,40.0,0.9956475,0.093374655,0.16038811,0.00014709214,32
116,2018-10-25,-44.15597162686471,-20.07904860565818,10.611519,-60.0,40.0,0.98307085,0.18469657,0.19299243,0.00018906631,32
120,2018-10-25,-44.15442708656301,-20.0717004908441,10.519307,-60.0,40.0,0.98103976,0.19561706,0.18038051,0.0002138021,32
122,2018-10-25,-44.177981326163845,-20.065402106717748,12.358448,-62.0,36.0,0.9920553,0.12631515,0.16516092,0.00013893403,32
124,2018-10-25,-44.16768439081922,-20.071831707180067,9.773021,-58.0,40.0,0.9844347,0.17712511,0.16961817,0.00019569618,32
125,2018-10-25,-44.09316032126248,-20.103192411475867,4.0698857,-30.0,-28.0,0.9221537,0.4055343,0.18537693,0.00026284982,32
135,2018-10-25,-44.1575161671664,-20.08482212444067,11.223948,-60.0,40.0,0.9926844,0.12122337,0.17335667,0.00032299763,32
166,2018-10-25,-44.16227849976329,-20.07301265420376,12.071198,-60.0,40.0,0.9948693,0.10141454,0.17611928,0.0002781563,32
169,2018-10-25,-44.15906070746809,-20.06592697206161,8.48683,-62.0,36.0,0.96458185,0.26856968,0.1896261,7.7959645e-05,32
183,2018-10-25,-44.161892364687866,-20.07721157695466,11.919312,-60.0,40.0,0.98572654,0.16954353,0.20472775,0.00016644613,32
184,2018-10-25,-44.14914990719889,-20.083509961081013,10.603238,-62.0,24.0,0.92275953,0.39962417,0.18632154,0.00019650752,32
192,2018-10-25,-44.15558549178928,-20.073143870539724,12.238867,-58.0,36.0,0.96856844,0.2538515,0.20102504,0.00022607588,32
208,2018-10-25,-44.09547713171502,-20.096631594677586,15.772524,-16.0,-28.0,0.8838611,0.4968438,0.19951294,0.00028506762,32
209,2018-10-25,-44.09573455509864,-20.104242142163592,0.8300353,-30.0,-32.0,0.99192834,0.12720996,0.20155519,0.00028709535,32
211,2018-10-25,-44.14824892535624,-20.08482212444067,10.381987,-62.0,36.0,0.97233886,0.23678724,0.1985304,0.00017741922,32
227,2018-10-25,-44.15172414103505,-20.083772393752945,12.477664,-62.0,40.0,0.9442581,0.34013498,0.17343715,0.00015305412,32
230,2018-10-25,-44.1558429151729,-20.078654956650283,13.328338,-58.0,40.0,0.99377,0.11183355,0.20406978,0.00019458176,32
234,2018-10-25,-44.09496228494779,-20.095319431317925,-12.800638,-30.0,-20.0,0.933926,0.3708147,0.21000704,0.00035274707,32
235,2018-10-25,-44.1672982557438,-20.07393116855552,10.756017,-60.0,40.0,0.94888365,0.32600248,0.19429739,0.00019437468,32
250,2018-10-25,-44.1558429151729,-20.071831707180067,11.177021,-58.0,36.0,0.9687802,0.25208294,0.20764968,0.00012654542,32
262,2018-10-25,-44.15558549178928,-20.073143870539724,11.111563,-60.0,40.0,0.9888833,0.14947388,0.214402,0.00019721958,32
279,2018-10-25,-44.15378352810397,-20.08390361008891,9.986706,-62.0,40.0,0.9593733,0.28800502,0.1987492,0.00014123438,32
292,2018-10-25,-44.09277418618706,-20.09308875360651,6.3950806,-62.0,-40.0,0.94386774,0.3385104,0.2108965,0.00015072811,32
294,2018-10-25,-44.150050889041545,-20.0858718551284,10.582546,-62.0,40.0,0.99573416,0.09243322,0.20145847,0.00022659368,32
297,2018-10-25,-44.1509518708842,-20.07445603389938,13.566415,-62.0,40.0,0.91531914,0.42315394,0.18903947,0.000473964,32
298,2018-10-25,-44.09573455509864,-20.104110925827623,4.40455,-32.0,-32.0,0.9713802,0.24072301,0.20770803,0.00019924583,32
302,2018-10-25,-44.1509518708842,-20.07445603389938,13.422086,-64.0,40.0,0.9010573,0.46399283,0.19030711,0.00030566705,32
307,2018-10-25,-44.15558549178928,-20.073143870539724,15.985587,-60.0,36.0,0.94426954,0.33953795,0.21462357,0.0001921205,32
322,2018-10-25,-44.16150622961244,-20.065533323053717,10.634821,-58.0,32.0,0.9559043,0.30019727,0.20587029,0.00021429466,32
326,2018-10-25,-44.158417149009054,-20.066714270077405,15.904712,-60.0,28.0,0.92922074,0.38275728,0.21405818,0.00021434038,32
334,2018-10-25,-44.14824892535624,-20.08482212444067,11.7460575,-64.0,36.0,0.9591197,0.28854805,0.20624818,0.00011566065,32
341,2018-10-25,-44.093417744646096,-20.094138484294238,-14.889484,-30.0,0.0,0.9271192,0.38806647,0.20293237,0.00020528595,32
342,2018-10-25,-44.09573455509864,-20.104110925827623,-3.3567638,-28.0,-32.0,0.967172,0.2586741,0.21095438,0.00017666417,32
343,2018-10-25,-44.094704861564175,-20.094663349638097,-14.7689,-30.0,-12.0,0.9320163,0.37439924,0.20520887,0.00024680147,32
350,2018-10-25,-44.15494193333024,-20.07143805817217,9.914882,-60.0,32.0,0.9771433,0.21485306,0.2082436,0.000101412086,32
351,2018-10-25,-44.15365481641216,-20.083509961081013,12.313943,-62.0,40.0,0.99176425,0.12863493,0.1975397,0.00024892512,32
354,2018-10-25,-44.095219708331406,-20.10188024811621,4.710086,-34.0,-40.0,0.85031635,0.56276417,0.19688289,0.0001462547,32
355,2018-10-25,-44.14721923182177,-20.07944225466608,10.886029,-62.0,40.0,0.9097379,0.4362786,0.20008743,0.0001692326,32
358,2018-10-25,-44.161892364687866,-20.076817927946763,14.487317,-60.0,40.0,0.97885114,0.2066355,0.2046915,0.00012147129,32
365,2018-10-25,-44.09483357325598,-20.095975512997757,-8.170864,-16.0,-16.0,0.87048537,0.5251366,0.2145026,0.00022786683,32
371,2018-10-25,-44.16150622961244,-20.065533323053717,11.129071,-58.0,36.0,0.96249855,0.27732918,0.21806788,0.00021408769,32
372,2018-10-25,-44.156615185323744,-20.07235657252393,13.196169,-60.0,40.0,0.98747224,0.15874347,0.22571152,0.00016332245,32
376,2018-10-25,-44.177981326163845,-20.065533323053717,11.116889,-64.0,40.0,0.98931545,0.14667082,0.2060611,0.0001226925,32
428,2018-10-25,-44.095348420023214,-20.099255921396896,8.702645,-34.0,-20.0,0.8599175,0.5520587,0.21099286,0.00021701,32
445,2018-10-25,-44.15030831242516,-20.084690908104704,7.6546917,-62.0,40.0,0.9537714,0.31028697,0.19998807,0.00011961138,32
451,2018-10-25,-44.095348420023214,-20.09269510459861,7.154002,-50.0,-32.0,0.89500684,0.4699368,0.21193483,0.000103801125,32
452,2018-10-25,-44.1624072114551,-20.06658305374144,11.044905,-60.0,36.0,0.99999905,0.0013166264,0.18705474,0.00012239197,32
454,2018-10-25,-44.161892364687866,-20.07721157695466,10.186883,-60.0,40.0,0.98762494,0.15781839,0.21329112,0.000108521395,32
462,2018-10-25,-44.1492786188907,-20.083772393752945,5.101088,-62.0,36.0,0.9009371,0.45448023,0.21690197,0.00015435196,32
468,2018-10-25,-44.16768439081922,-20.071831707180067,11.75051,-58.0,40.0,0.99912137,0.041926306,0.1979922,0.00025140448,32
469,2018-10-25,-44.156615185323744,-20.07235657252393,13.226801,-62.0,40.0,0.9884701,0.15216252,0.21888806,0.00014295946,32
475,2018-10-25,-44.16150622961244,-20.06684548641337,14.625626,-60.0,40.0,0.9333956,0.37320685,0.20200405,0.00019318266,32
480,2018-10-25,-44.09573455509864,-20.10437335849956,0.85827994,-30.0,-28.0,0.97603565,0.21994607,0.22386426,0.00023246644,32
489,2018-10-25,-44.15378352810397,-20.0854782061205,10.985631,-60.0,36.0,0.98614484,0.16707681,0.22113495,0.00015665224,32
498,2018-10-25,-44.16202107637967,-20.07760522596256,13.909698,-60.0,40.0,0.9739393,0.22963941,0.22176117,0.00018630472,32
515,2018-10-25,-44.177981326163845,-20.065533323053717,12.362739,-62.0,40.0,0.99098617,0.13457483,0.22828959,0.00014239682,32
517,2018-10-25,-44.16137751792064,-20.071044409164276,11.98597,-58.0,40.0,0.9873319,0.16011351,0.20574138,0.000113239825,32
518,2018-10-25,-44.16202107637967,-20.07760522596256,9.613701,-60.0,36.0,0.9819957,0.19045453,0.2204059,0.00024409748,32
520,2018-10-25,-44.14992217734974,-20.08692158581612,11.686119,-60.0,32.0,0.9329311,0.37142602,0.22161011,0.00016959709,32
533,2018-10-25,-44.093546456337904,-20.09361361895037,4.136246,-54.0,-36.0,0.92416435,0.39691073,0.22529994,0.00012681105,32
538,2018-10-25,-44.15468450994663,-20.07904860565818,8.14865,-60.0,40.0,0.9603823,0.28433818,0.2098461,7.573011e-05,32
547,2018-10-25,-44.1509518708842,-20.07432481756341,16.005957,-62.0,40.0,0.90768754,0.43956012,0.21304497,0.00048326713,32
551,2018-10-25,-44.09431872648875,-20.09361361895037,8.006304,-60.0,-40.0,0.9269395,0.38688326,0.22368047,8.363042e-05,32
573,2018-10-25,-44.09715038370853,-20.10437335849956,0.40701962,-26.0,-40.0,0.981993,0.19041304,0.21994461,0.00020242653,32
591,2018-10-25,-44.09637811355768,-20.10476700750745,8.225852,-28.0,-28.0,0.88030064,0.50150853,0.24380408,0.00016093155,32
595,2018-10-25,-44.09277418618706,-20.09308875360651,5.425074,-60.0,-36.0,0.9506957,0.31798822,0.22435091,0.00015162292,32
597,2018-10-25,-44.094704861564175,-20.09361361895037,8.350484,-56.0,-40.0,0.9236856,0.39662957,0.221461,0.00016114896,32
617,2018-10-25,-44.095348420023214,-20.095581863989857,-10.204361,-28.0,-12.0,0.91071886,0.43331236,0.20454994,0.00030632524,32
621,2018-10-25,-44.095348420023214,-20.095581863989857,-12.36226,-30.0,-16.0,0.919275,0.40785578,0.221529,0.00037647443,32
631,2018-10-25,-44.150050889041545,-20.08574063879243,11.609941,-62.0,32.0,0.96217763,0.27867618,0.2173203,0.00012443759,32
632,2018-10-25,-44.158417149009054,-20.066714270077405,17.117756,-62.0,32.0,0.9420799,0.3442246,0.21013477,0.0001555898,32
639,2018-10-25,-44.14721923182177,-20.07944225466608,9.195547,-62.0,40.0,0.9141801,0.42269146,0.23625557,0.00014431524,32
642,2018-10-25,-44.093417744646096,-20.09361361895037,6.009696,-50.0,-32.0,0.95720506,0.29472056,0.22483774,0.00017313514,32
659,2018-10-25,-44.09316032126248,-20.093876051622303,-12.503998,-26.0,0.0,0.9202357,0.41621837,0.23191184,0.0004714754,32
666,2018-10-25,-44.09612069017406,-20.098599839717068,6.059265,-32.0,-20.0,0.8369649,0.59542996,0.22777635,0.00024879372,32
674,2018-10-25,-44.15803101393363,-20.068026433437065,10.707726,-60.0,40.0,0.9488301,0.32394177,0.21363357,0.00017669244,32
687,2018-10-25,-44.095348420023214,-20.095844296661788,-13.628668,-26.0,-12.0,0.9264778,0.39259818,0.2429174,0.0003334301,32
689,2018-10-25,-44.094704861564175,-20.102273897124107,2.1754477,-40.0,-24.0,0.8999888,0.45509607,0.22149613,0.00017279296,32
699,2018-10-25,-44.09277418618706,-20.092957537270543,9.575499,-60.0,-36.0,0.8248223,0.62379014,0.22112992,0.00010524349,32
704,2018-10-25,-44.16227849976329,-20.07301265420376,7.611353,-60.0,40.0,0.9730441,0.23360339,0.21389751,0.00015998124,32
738,2018-10-25,-44.16137751792064,-20.071044409164276,16.492767,-58.0,40.0,0.9537537,0.30705687,0.21450779,8.5356805e-05,32
743,2018-10-25,-44.095219708331406,-20.10292997880393,-0.1531959,-34.0,-32.0,0.963839,0.27309382,0.2487394,0.00023321668,32
748,2018-10-25,-44.1672982557438,-20.073799952219552,9.711116,-60.0,40.0,0.9394868,0.35379896,0.2385987,0.00016835134,32
749,2018-10-25,-44.15970426592713,-20.064614808701958,13.013088,-60.0,36.0,0.9923783,0.1236501,0.23288263,0.00010213836,32
753,2018-10-25,-44.09444743818056,-20.09453213330213,-13.939493,-30.0,4.0,0.93633944,0.3616963,0.24223724,0.0002814164,32
772,2018-10-25,-44.093546456337904,-20.094400916966165,-11.548033,-26.0,12.0,0.9233013,0.3976936,0.23818585,0.00025641994,32
778,2018-10-25,-44.14824892535624,-20.084690908104704,12.278219,-64.0,40.0,0.993268,0.11620175,0.217038,0.000119338845,32
781,2018-10-25,-44.09277418618706,-20.092957537270543,9.076251,-64.0,-40.0,0.9240293,0.3957767,0.23231132,0.00016137642,32
785,2018-10-25,-44.15648647363194,-20.07655549527483,10.762701,-58.0,32.0,0.947436,0.32984012,0.24211547,8.705073e-05,32
795,2018-10-25,-44.09740780709214,-20.10463579117149,2.7670765,-30.0,-40.0,0.8850024,0.53440773,0.22723202,0.0001532011,32
800,2018-10-25,-44.1674269674356,-20.07432481756341,10.078571,-60.0,40.0,0.99912155,0.04192622,0.23580386,0.00012518003,32
809,2018-10-25,-44.16163494130425,-20.076817927946763,10.499639,-60.0,40.0,0.9765173,0.21793333,0.2365612,0.00012580244,32
810,2018-10-25,-44.15906070746809,-20.06566453938968,9.021089,-64.0,40.0,0.9807913,0.19675484,0.22297284,0.00012886837,32
812,2018-10-25,-44.09612069017406,-20.10463579117149,2.5872052,-32.0,-28.0,0.9810543,0.19555587,0.24058457,0.00018460231,32
815,2018-10-25,-44.09290289787887,-20.09361361895037,9.49032,-34.0,-32.0,0.9477484,0.3269546,0.24155085,0.00027799365,32
817,2018-10-25,-44.15326868133674,-20.081935365049425,11.452482,-60.0,40.0,0.97455287,0.22695863,0.23753211,0.00013418394,32
819,2018-10-25,-44.15391223979578,-20.07025711114848,11.261545,-58.0,40.0,0.96879125,0.251771,0.22422275,0.00012923428,32
826,2018-10-25,-44.09573455509864,-20.100436868420587,5.9900885,-40.0,-32.0,0.85571986,0.5583373,0.24542302,0.00029766848,32
839,2018-10-25,-44.1541696631794,-20.07983590367397,11.700368,-60.0,40.0,0.9838538,0.18029623,0.23935002,0.00027133914,32
842,2018-10-25,-44.161892364687866,-20.07708036061869,12.244709,-62.0,36.0,0.98912096,0.14776096,0.22787876,9.263296e-05,32
843,2018-10-25,-44.09715038370853,-20.098731056053037,6.7029204,-42.0,-16.0,0.8399253,0.5894708,0.22958055,0.00012341807,32
849,2018-10-25,-44.09689296032491,-20.098862272389,6.8504515,-40.0,-16.0,0.8082655,0.64302075,0.23864205,0.00013250821,32
878,2018-10-25,-44.15532806840567,-20.07944225466608,10.81624,-60.0,40.0,0.98164153,0.19241036,0.24028865,0.00024076854,32
879,2018-10-25,-44.15172414103505,-20.083772393752945,12.177588,-62.0,40.0,0.94224805,0.34635422,0.23466736,0.00017846754,32
881,2018-10-25,-44.09727909540033,-20.098731056053037,5.927207,-40.0,-16.0,0.8462761,0.57560474,0.22890337,7.089602e-05,32
902,2018-10-25,-44.09135835757717,-20.090201994215263,8.451828,-54.0,-32.0,0.9236139,0.3990633,0.23943725,0.00012808619,32
917,2018-10-25,-44.0917444926526,-20.09164537391089,8.570406,-66.0,-28.0,0.8399489,0.58606946,0.23359168,6.524553e-05,32
922,2018-10-25,-44.095863266790445,-20.09702524368548,8.709826,-32.0,-16.0,0.8334973,0.6023138,0.22462654,0.00019463511,32
953,2018-10-25,-44.09715038370853,-20.098862272389,4.875933,-42.0,-12.0,0.81594616,0.6319421,0.22483456,0.00016212075,32
988,2018-10-25,-44.1591894191599,-20.06592697206161,14.133652,-64.0,36.0,0.9466307,0.33186823,0.23593827,9.492854e-05,32
991,2018-10-25,-44.1575161671664,-20.08482212444067,10.832603,-60.0,40.0,0.9994936,0.03182455,0.23950803,0.00027012592,32
1001,2018-10-25,-44.161892364687866,-20.076817927946763,13.1377,-64.0,32.0,0.96615434,0.26191953,0.23441048,8.023096e-05,32
1002,2018-10-25,-44.09444743818056,-20.09492578231003,-18.029482,-34.0,-32.0,1.0,0.00039513933,0.22878867,0.00025367626,32
1010,2018-10-25,-44.15365481641216,-20.083509961081013,12.688222,-62.0,40.0,0.99335134,0.11545927,0.23778822,0.00019389139,32
1020,2018-10-25,-44.16292205822233,-20.072094139852,12.257064,-60.0,40.0,0.91512394,0.41756633,0.24028625,0.0001782693,32
1034,2018-10-25,-44.16202107637967,-20.07721157695466,11.821404,-60.0,40.0,0.981273,0.1944176,0.24814238,0.00010865971,32
1040,2018-10-25,-44.161892364687866,-20.07721157695466,10.88177,-60.0,40.0,0.96591824,0.26365894,0.2468073,0.00010343269,32
1050,2018-10-25,-44.09457614987237,-20.102405113460076,0.6949939,-38.0,-36.0,0.93953866,0.35215226,0.24512702,0.00030498733,32
1070,2018-10-25,-44.1575161671664,-20.08482212444067,10.220433,-60.0,36.0,0.96219236,0.28010356,0.23884472,0.00017387042,32
1072,2018-10-25,-44.0917444926526,-20.09164537391089,9.676045,-64.0,-36.0,0.91248626,0.42968604,0.23979232,7.8801335e-05,32
1076,2018-10-25,-44.15880328408448,-20.06592697206161,14.197736,-60.0,40.0,0.93656856,0.36525702,0.23667216,7.3392395e-05,32
1079,2018-10-25,-44.15391223979578,-20.07025711114848,13.251714,-60.0,40.0,0.9695847,0.24850449,0.24799877,9.992429e-05,32
1091,2018-10-25,-44.158417149009054,-20.0850845571126,7.715364,-58.0,36.0,0.8887288,0.4815745,0.24550791,0.00012143039,32
1092,2018-10-25,-44.1509518708842,-20.07432481756341,5.0737324,-64.0,40.0,0.87775964,0.53542435,0.2352003,0.00030330935,32
1099,2018-10-25,-44.093546456337904,-20.09361361895037,9.396059,-52.0,-36.0,0.8961929,0.46807668,0.23183072,0.00010412827,32
1102,2018-10-25,-44.16292205822233,-20.072094139852,11.242305,-60.0,40.0,0.91454065,0.42063314,0.23443252,0.00013330363,32
1108,2018-10-25,-44.14734794351358,-20.07878617298625,14.353509,-60.0,40.0,0.99970615,0.02424301,0.23583807,8.263391e-05,32
1117,2018-10-25,-44.16768439081922,-20.071831707180067,10.917892,-58.0,36.0,0.981466,0.19336696,0.22862582,0.0001814576,32
1127,2018-10-25,-44.09264547449525,-20.09308875360651,5.9352612,-62.0,-40.0,0.8971481,0.47378388,0.23896502,0.00011133063,32
1146,2018-10-25,-44.16034782438617,-20.068813731452856,13.457648,-56.0,40.0,0.9864666,0.1649596,0.24976282,0.00036398857,32
1153,2018-10-25,-44.150050889041545,-20.0858718551284,12.7761,-62.0,36.0,0.99220043,0.1250837,0.2397805,0.00020716414,32
1155,2018-10-25,-44.09444743818056,-20.102011464452172,3.81182,-34.0,-40.0,0.92435986,0.39511356,0.23405898,0.00023943702,32
1159,2018-10-25,-44.093546456337904,-20.09400726795827,-14.328613,-28.0,0.0,0.9480586,0.3266401,0.24105251,0.00034425358,32
1163,2018-10-25,-44.09766523047576,-20.105029440179383,3.324841,-28.0,-40.0,0.9311042,0.37839893,0.24166062,0.0001920892,32
1174,2018-10-25,-44.095219708331406,-20.102011464452172,2.484761,-36.0,-40.0,0.9113488,0.42841828,0.24216647,0.00012990848,32
1181,2018-10-25,-44.09161578096079,-20.093219969942474,-14.342464,-28.0,-8.0,0.8859077,0.49635297,0.23633368,0.00021885987,32
1189,2018-10-25,-44.09715038370853,-20.098731056053037,4.8674703,-42.0,-16.0,0.8359385,0.6007249,0.24258535,0.00012660914,32
1191,2018-10-25,-44.095219708331406,-20.095844296661788,-10.472618,-28.0,-12.0,0.8651284,0.5359111,0.24847127,0.00020080352,32
1197,2018-10-25,-44.16214978807148,-20.07616184626693,12.170189,-60.0,40.0,0.9665673,0.26143262,0.24416661,0.00011817686,32
1204,2018-10-25,-44.093546456337904,-20.094400916966165,-13.155814,-26.0,0.0,0.93913746,0.35383812,0.24792047,0.0003644777,32
1217,2018-10-25,-44.16202107637967,-20.074718466571312,12.266569,-58.0,40.0,0.9690986,0.2505538,0.24575986,9.5118936e-05,32
1231,2018-10-25,-44.14992217734974,-20.08692158581612,13.587966,-60.0,32.0,0.9371452,0.3654364,0.24572617,0.00011899009,32
1247,2018-10-25,-44.094704861564175,-20.094663349638097,-12.291012,-30.0,-12.0,0.9238721,0.39515322,0.2348293,0.00022071703,32
1251,2018-10-25,-44.09251676280344,-20.093219969942474,6.654427,-48.0,-36.0,0.89386845,0.4703759,0.24224225,0.00015514281,32
1256,2018-10-25,-44.09483357325598,-20.093219969942474,8.208189,-52.0,-40.0,0.86129993,0.54238904,0.24783906,0.0001059604,32
1259,2018-10-25,-44.16227849976329,-20.072881437867792,13.274037,-60.0,40.0,0.9829678,0.18534474,0.24443871,0.00014352797,32
1260,2018-10-25,-44.15481322163844,-20.071044409164276,9.443977,-60.0,32.0,0.9734008,0.23258153,0.23211527,0.00010914595,32
1289,2018-10-25,-44.1541696631794,-20.07983590367397,12.158459,-60.0,40.0,0.9900696,0.14119089,0.24933314,0.00012980548,32
1290,2018-10-25,-44.095219708331406,-20.095319431317925,-15.614791,-28.0,-4.0,0.9366193,0.3611681,0.23686811,0.0001664893,32
1291,2018-10-25,-44.094704861564175,-20.09361361895037,8.528301,-54.0,-40.0,0.8996914,0.4565308,0.2475767,0.00012423437,32
1292,2018-10-25,-44.09303160957067,-20.09335118627844,9.934015,-52.0,-36.0,0.9403788,0.35013777,0.23605238,0.00015071555,32
1305,2018-10-25,-44.09715038370853,-20.098862272389,4.3573875,-42.0,-8.0,0.83434314,0.59625983,0.23497155,0.00011737869,32
1313,2018-10-25,-44.1558429151729,-20.07340630321165,12.020286,-60.0,40.0,0.9211648,0.4038228,0.23622842,0.00013031399,32
1329,2018-10-25,-44.1509518708842,-20.07445603389938,16.743559,-62.0,40.0,0.91050994,0.4318001,0.2425376,0.00029912443,32
25,2018-11-06,-44.177981326163845,-20.065402106717748,13.668681,-62.0,36.0,0.9934322,0.114803776,0.12596866,0.00017885656,32
36,2018-11-06,-44.161892364687866,-20.07708036061869,12.328053,-62.0,40.0,0.9895274,0.14510763,0.16019304,0.00016061729,32
49,2018-11-06,-44.158288437317246,-20.066320621069508,13.537074,-60.0,36.0,0.9677011,0.25603223,0.16889001,0.00021117146,32
51,2018-11-06,-44.1575161671664,-20.08482212444067,12.068762,-60.0,40.0,0.99133533,0.13187632,0.15246536,0.00031897012,32
55,2018-11-06,-44.15597162686471,-20.07904860565818,14.081036,-58.0,40.0,0.99169916,0.12906517,0.17269787,0.00030624378,32
58,2018-11-06,-44.1591894191599,-20.06592697206161,12.402091,-64.0,40.0,0.9866735,0.1637098,0.16357863,0.00016910466,32
60,2018-11-06,-44.158417149009054,-20.066714270077405,12.436524,-60.0,32.0,0.9606683,0.28429142,0.16295098,0.00027915908,32
70,2018-11-06,-44.15558549178928,-20.073143870539724,12.653928,-58.0,40.0,0.98207843,0.1903084,0.16551217,0.00015617402,32
72,2018-11-06,-44.161892364687866,-20.076817927946763,11.528507,-60.0,40.0,0.98664135,0.16406055,0.17289028,0.00018321899,32
77,2018-11-06,-44.15558549178928,-20.073143870539724,11.116874,-60.0,40.0,0.9936751,0.11267752,0.17115304,0.0002308823,32
78,2018-11-06,-44.16176365299606,-20.07708036061869,13.438334,-62.0,40.0,0.98854494,0.15176974,0.17172363,0.0001721688,32
79,2018-11-06,-44.177981326163845,-20.065533323053717,12.543731,-62.0,36.0,0.9964764,0.08401511,0.16623512,0.00018862613,32
86,2018-11-06,-44.157130032090976,-20.07235657252393,11.714786,-60.0,36.0,0.99061596,0.13728343,0.15821503,0.00026863083,32
87,2018-11-06,-44.15365481641216,-20.08364117741698,12.662397,-62.0,40.0,0.9950991,0.0991742,0.17583664,0.00029401673,32
92,2018-11-06,-44.15365481641216,-20.08364117741698,12.512256,-62.0,40.0,0.99385124,0.11107637,0.1650057,0.00031562397,32
101,2018-11-06,-44.157130032090976,-20.07235657252393,15.189324,-60.0,36.0,0.98830754,0.15364271,0.16259168,0.0002030594,32
102,2018-11-06,-44.1575161671664,-20.08482212444067,11.812479,-60.0,36.0,0.9933006,0.11592739,0.16052273,0.0002825142,32
106,2018-11-06,-44.158288437317246,-20.066320621069508,13.129501,-60.0,40.0,0.96672195,0.260466,0.17711703,0.00022746764,32
107,2018-11-06,-44.150050889041545,-20.0858718551284,12.682136,-62.0,32.0,0.9972439,0.07430704,0.17113066,0.00025208955,32
108,2018-11-06,-44.095348420023214,-20.095581863989857,-11.676328,-26.0,-4.0,0.9112881,0.43588206,0.17609175,0.00035253962,32
109,2018-11-06,-44.15815972562544,-20.068026433437065,13.78334,-60.0,40.0,0.92887574,0.38277623,0.18616179,0.00031713524,32
111,2018-11-06,-44.15558549178928,-20.073143870539724,11.985937,-58.0,40.0,0.9956475,0.093374655,0.16038811,0.00014709214,32
116,2018-11-06,-44.15597162686471,-20.07904860565818,12.25364,-60.0,40.0,0.98307085,0.18469657,0.19299243,0.00018906631,32
120,2018-11-06,-44.15442708656301,-20.0717004908441,11.682419,-60.0,40.0,0.98103976,0.19561706,0.18038051,0.0002138021,32
122,2018-11-06,-44.177981326163845,-20.065402106717748,13.73583,-62.0,36.0,0.9920553,0.12631515,0.16516092,0.00013893403,32
124,2018-11-06,-44.16768439081922,-20.071831707180067,11.772336,-58.0,40.0,0.9844347,0.17712511,0.16961817,0.00019569618,32
125,2018-11-06,-44.09316032126248,-20.103192411475867,3.7500153,-30.0,-28.0,0.9221537,0.4055343,0.18537693,0.00026284982,32
135,2018-11-06,-44.1575161671664,-20.08482212444067,12.371825,-60.0,40.0,0.9926844,0.12122337,0.17335667,0.00032299763,32
166,2018-11-06,-44.16227849976329,-20.07301265420376,13.473214,-60.0,40.0,0.9948693,0.10141454,0.17611928,0.0002781563,32
169,2018-11-06,-44.15906070746809,-20.06592697206161,10.540273,-62.0,36.0,0.96458185,0.26856968,0.1896261,7.7959645e-05,32
183,2018-11-06,-44.161892364687866,-20.07721157695466,13.191489,-60.0,40.0,0.98572654,0.16954353,0.20472775,0.00016644613,32
184,2018-11-06,-44.14914990719889,-20.083509961081013,11.76319,-62.0,24.0,0.92275953,0.39962417,0.18632154,0.00019650752,32
192,2018-11-06,-44.15558549178928,-20.073143870539724,13.708635,-58.0,36.0,0.96856844,0.2538515,0.20102504,0.00022607588,32
208,2018-11-06,-44.09547713171502,-20.096631594677586,16.422998,-16.0,-28.0,0.8838611,0.4968438,0.19951294,0.00028506762,32
209,2018-11-06,-44.09573455509864,-20.104242142163592,1.374972,-30.0,-32.0,0.99192834,0.12720996,0.20155519,0.00028709535,32
211,2018-11-06,-44.14824892535624,-20.08482212444067,11.543444,-62.0,36.0,0.97233886,0.23678724,0.1985304,0.00017741922,32
227,2018-11-06,-44.15172414103505,-20.083772393752945,13.944413,-62.0,40.0,0.9442581,0.34013498,0.17343715,0.00015305412,32
230,2018-11-06,-44.1558429151729,-20.078654956650283,14.73795,-58.0,40.0,0.99377,0.11183355,0.20406978,0.00019458176,32
234,2018-11-06,-44.09496228494779,-20.095319431317925,-14.460179,-30.0,-20.0,0.933926,0.3708147,0.21000704,0.00035274707,32
235,2018-11-06,-44.1672982557438,-20.07393116855552,11.994156,-60.0,40.0,0.94888365,0.32600248,0.19429739,0.00019437468,32
250,2018-11-06,-44.1558429151729,-20.071831707180067,12.148121,-58.0,36.0,0.9687802,0.25208294,0.20764968,0.00012654542,32
262,2018-11-06,-44.15558549178928,-20.073143870539724,12.5028305,-60.0,40.0,0.9888833,0.14947388,0.214402,0.00019721958,32
279,2018-11-06,-44.15378352810397,-20.08390361008891,11.485063,-62.0,40.0,0.9593733,0.28800502,0.1987492,0.00014123438,32
292,2018-11-06,-44.09277418618706,-20.09308875360651,7.553435,-62.0,-40.0,0.94386774,0.3385104,0.2108965,0.00015072811,32
294,2018-11-06,-44.150050889041545,-20.0858718551284,11.822755,-62.0,40.0,0.99573416,0.09243322,0.20145847,0.00022659368,32
297,2018-11-06,-44.1509518708842,-20.07445603389938,14.854804,-62.0,40.0,0.91531914,0.42315394,0.18903947,0.000473964,32
298,2018-11-06,-44.09573455509864,-20.104110925827623,2.9697726,-32.0,-32.0,0.9713802,0.24072301,0.20770803,0.00019924583,32
302,2018-11-06,-44.1509518708842,-20.07445603389938,14.729575,-64.0,40.0,0.9010573,0.46399283,0.19030711,0.00030566705,32
307,2018-11-06,-44.15558549178928,-20.073143870539724,15.159671,-60.0,36.0,0.94426954,0.33953795,0.21462357,0.0001921205,32
322,2018-11-06,-44.16150622961244,-20.065533323053717,11.710066,-58.0,32.0,0.9559043,0.30019727,0.20587029,0.00021429466,32
326,2018-11-06,-44.158417149009054,-20.066714270077405,15.436948,-60.0,28.0,0.92922074,0.38275728,0.21405818,0.00021434038,32
334,2018-11-06,-44.14824892535624,-20.08482212444067,12.817607,-64.0,36.0,0.9591197,0.28854805,0.20624818,0.00011566065,32
341,2018-11-06,-44.093417744646096,-20.094138484294238,-14.12129,-30.0,0.0,0.9271192,0.38806647,0.20293237,0.00020528595,32
342,2018-11-06,-44.09573455509864,-20.104110925827623,-1.3207759,-28.0,-32.0,0.967172,0.2586741,0.21095438,0.00017666417,32
343,2018-11-06,-44.094704861564175,-20.094663349638097,-15.387402,-30.0,-12.0,0.9320163,0.37439924,0.20520887,0.00024680147,32
350,2018-11-06,-44.15494193333024,-20.07143805817217,11.489121,-60.0,32.0,0.9771433,0.21485306,0.2082436,0.000101412086,32
351,2018-11-06,-44.15365481641216,-20.083509961081013,13.83374,-62.0,40.0,0.99176425,0.12863493,0.1975397,0.00024892512,32
354,2018-11-06,-44.095219708331406,-20.10188024811621,3.6854718,-34.0,-40.0,0.85031635,0.56276417,0.19688289,0.0001462547,32
355,2018-11-06,-44.14721923182177,-20.07944225466608,11.524144,-62.0,40.0,0.9097379,0.4362786,0.20008743,0.0001692326,32
358,2018-11-06,-44.161892364687866,-20.076817927946763,13.616381,-60.0,40.0,0.97885114,0.2066355,0.2046915,0.00012147129,32
365,2018-11-06,-44.09483357325598,-20.095975512997757,-7.991542,-16.0,-16.0,0.87048537,0.5251366,0.2145026,0.00022786683,32
371,2018-11-06,-44.16150622961244,-20.065533323053717,12.136464,-58.0,36.0,0.96249855,0.27732918,0.21806788,0.00021408769,32
372,2018-11-06,-44.156615185323744,-20.07235657252393,14.351164,-60.0,40.0,0.98747224,0.15874347,0.22571152,0.00016332245,32
376,2018-11-06,-44.177981326163845,-20.065533323053717,12.2627945,-64.0,40.0,0.98931545,0.14667082,0.2060611,0.0001226925,32
428,2018-11-06,-44.095348420023214,-20.099255921396896,7.589104,-34.0,-20.0,0.8599175,0.5520587,0.21099286,0.00021701,32
445,2018-11-06,-44.15030831242516,-20.084690908104704,9.698263,-62.0,40.0,0.9537714,0.31028697,0.19998807,0.00011961138,32
451,2018-11-06,-44.095348420023214,-20.09269510459861,9.134917,-50.0,-32.0,0.89500684,0.4699368,0.21193483,0.000103801125,32
452,2018-11-06,-44.1624072114551,-20.06658305374144,12.40642,-60.0,36.0,0.99999905,0.0013166264,0.18705474,0.00012239197,32
454,2018-11-06,-44.161892364687866,-20.07721157695466,12.341133,-60.0,40.0,0.98762494,0.15781839,0.21329112,0.000108521395,32
462,2018-11-06,-44.1492786188907,-20.083772393752945,5.732276,-62.0,36.0,0.9009371,0.45448023,0.21690197,0.00015435196,32
468,2018-11-06,-44.16768439081922,-20.071831707180067,13.115151,-58.0,40.0,0.99912137,0.041926306,0.1979922,0.00025140448,32
469,2018-11-06,-44.156615185323744,-20.07235657252393,14.340017,-62.0,40.0,0.9884701,0.15216252,0.21888806,0.00014295946,32
475,2018-11-06,-44.16150622961244,-20.06684548641337,13.915562,-60.0,40.0,0.9333956,0.37320685,0.20200405,0.00019318266,32
480,2018-11-06,-44.09573455509864,-20.10437335849956,0.85827994,-30.0,-28.0,0.97603565,0.21994607,0.22386426,0.00023246644,32
489,2018-11-06,-44.15378352810397,-20.0854782061205,12.14023,-60.0,36.0,0.98614484,0.16707681,0.22113495,0.00015665224,32
498,2018-11-06,-44.16202107637967,-20.07760522596256,15.38401,-60.0,40.0,0.9739393,0.22963941,0.22176117,0.00018630472,32
515,2018-11-06,-44.177981326163845,-20.065533323053717,13.541237,-62.0,40.0,0.99098617,0.13457483,0.22828959,0.00014239682,32
517,2018-11-06,-44.16137751792064,-20.071044409164276,13.339544,-58.0,40.0,0.9873319,0.16011351,0.20574138,0.000113239825,32
518,2018-11-06,-44.16202107637967,-20.07760522596256,10.102352,-60.0,36.0,0.9819957,0.19045453,0.2204059,0.00024409748,32
520,2018-11-06,-44.14992217734974,-20.08692158581612,13.001452,-60.0,32.0,0.9329311,0.37142602,0.22161011,0.00016959709,32
533,2018-11-06,-44.093546456337904,-20.09361361895037,6.086869,-54.0,-36.0,0.92416435,0.39691073,0.22529994,0.00012681105,32
538,2018-11-06,-44.15468450994663,-20.07904860565818,9.197504,-60.0,40.0,0.9603823,0.28433818,0.2098461,7.573011e-05,32
547,2018-11-06,-44.1509518708842,-20.07432481756341,15.96804,-62.0,40.0,0.90768754,0.43956012,0.21304497,0.00048326713,32
551,2018-11-06,-44.09431872648875,-20.09361361895037,8.993883,-60.0,-40.0,0.9269395,0.38688326,0.22368047,8.363042e-05,32
573,2018-11-06,-44.09715038370853,-20.10437335849956,1.3827553,-26.0,-40.0,0.981993,0.19041304,0.21994461,0.00020242653,32
591,2018-11-06,-44.09637811355768,-20.10476700750745,3.072336,-28.0,-28.0,0.88030064,0.50150853,0.24380408,0.00016093155,32
595,2018-11-06,-44.09277418618706,-20.09308875360651,6.4822593,-60.0,-36.0,0.9506957,0.31798822,0.22435091,0.00015162292,32
597,2018-11-06,-44.094704861564175,-20.09361361895037,9.559968,-56.0,-40.0,0.9236856,0.39662957,0.221461,0.00016114896,32
617,2018-11-06,-44.095348420023214,-20.095581863989857,-15.259195,-28.0,-12.0,0.91071886,0.43331236,0.20454994,0.00030632524,32
621,2018-11-06,-44.095348420023214,-20.095581863989857,-15.873045,-30.0,-16.0,0.919275,0.40785578,0.221529,0.00037647443,32
631,2018-11-06,-44.150050889041545,-20.08574063879243,13.156154,-62.0,32.0,0.96217763,0.27867618,0.2173203,0.00012443759,32
632,2018-11-06,-44.158417149009054,-20.066714270077405,15.587022,-62.0,32.0,0.9420799,0.3442246,0.21013477,0.0001555898,32
639,2018-11-06,-44.14721923182177,-20.07944225466608,10.854877,-62.0,40.0,0.9141801,0.42269146,0.23625557,0.00014431524,32
642,2018-11-06,-44.093417744646096,-20.09361361895037,7.6800175,-50.0,-32.0,0.95720506,0.29472056,0.22483774,0.00017313514,32
659,2018-11-06,-44.09316032126248,-20.093876051622303,-12.932479,-26.0,0.0,0.9202357,0.41621837,0.23191184,0.0004714754,32
666,2018-11-06,-44.09612069017406,-20.098599839717068,6.417532,-32.0,-20.0,0.8369649,0.59542996,0.22777635,0.00024879372,32
674,2018-11-06,-44.15803101393363,-20.068026433437065,11.584426,-60.0,40.0,0.9488301,0.32394177,0.21363357,0.00017669244,32
687,2018-11-06,-44.095348420023214,-20.095844296661788,-13.238497,-26.0,-12.0,0.9264778,0.39259818,0.2429174,0.0003334301,32
689,2018-11-06,-44.094704861564175,-20.102273897124107,2.1754477,-40.0,-24.0,0.8999888,0.45509607,0.22149613,0.00017279296,32
699,2018-11-06,-44.09277418618706,-20.092957537270543,12.009202,-60.0,-36.0,0.8248223,0.62379014,0.22112992,0.00010524349,32
704,2018-11-06,-44.16227849976329,-20.07301265420376,9.251733,-60.0,40.0,0.9730441,0.23360339,0.21389751,0.00015998124,32
738,2018-11-06,-44.16137751792064,-20.071044409164276,15.671888,-58.0,40.0,0.9537537,0.30705687,0.21450779,8.5356805e-05,32
743,2018-11-06,-44.095219708331406,-20.10292997880393,-0.6852952,-34.0,-32.0,0.963839,0.27309382,0.2487394,0.00023321668,32
748,2018-11-06,-44.1672982557438,-20.073799952219552,10.654977,-60.0,40.0,0.9394868,0.35379896,0.2385987,0.00016835134,32
749,2018-11-06,-44.15970426592713,-20.064614808701958,14.483215,-60.0,36.0,0.9923783,0.1236501,0.23288263,0.00010213836,32
753,2018-11-06,-44.09444743818056,-20.09453213330213,-13.73591,-30.0,4.0,0.93633944,0.3616963,0.24223724,0.0002814164,32
772,2018-11-06,-44.093546456337904,-20.094400916966165,-10.558307,-26.0,12.0,0.9233013,0.3976936,0.23818585,0.00025641994,32
778,2018-11-06,-44.14824892535624,-20.084690908104704,13.419058,-64.0,40.0,0.993268,0.11620175,0.217038,0.000119338845,32
781,2018-11-06,-44.09277418618706,-20.092957537270543,11.170917,-64.0,-40.0,0.9240293,0.3957767,0.23231132,0.00016137642,32
785,2018-11-06,-44.15648647363194,-20.07655549527483,12.678908,-58.0,32.0,0.947436,0.32984012,0.24211547,8.705073e-05,32
795,2018-11-06,-44.09740780709214,-20.10463579117149,3.233327,-30.0,-40.0,0.8850024,0.53440773,0.22723202,0.0001532011,32
800,2018-11-06,-44.1674269674356,-20.07432481756341,11.368185,-60.0,40.0,0.99912155,0.04192622,0.23580386,0.00012518003,32
809,2018-11-06,-44.16163494130425,-20.076817927946763,12.135989,-60.0,40.0,0.9765173,0.21793333,0.2365612,0.00012580244,32
810,2018-11-06,-44.15906070746809,-20.06566453938968,10.000259,-64.0,40.0,0.9807913,0.19675484,0.22297284,0.00012886837,32
812,2018-11-06,-44.09612069017406,-20.10463579117149,1.5491064,-32.0,-28.0,0.9810543,0.19555587,0.24058457,0.00018460231,32
815,2018-11-06,-44.09290289787887,-20.09361361895037,8.327097,-34.0,-32.0,0.9477484,0.3269546,0.24155085,0.00027799365,32
817,2018-11-06,-44.15326868133674,-20.081935365049425,12.582818,-60.0,40.0,0.97455287,0.22695863,0.23753211,0.00013418394,32
819,2018-11-06,-44.15391223979578,-20.07025711114848,12.631915,-58.0,40.0,0.96879125,0.251771,0.22422275,0.00012923428,32
826,2018-11-06,-44.09573455509864,-20.100436868420587,3.8597348,-40.0,-32.0,0.85571986,0.5583373,0.24542302,0.00029766848,32
839,2018-11-06,-44.1541696631794,-20.07983590367397,12.921733,-60.0,40.0,0.9838538,0.18029623,0.23935002,0.00027133914,32
842,2018-11-06,-44.161892364687866,-20.07708036061869,13.584964,-62.0,36.0,0.98912096,0.14776096,0.22787876,9.263296e-05,32
843,2018-11-06,-44.09715038370853,-20.098731056053037,6.7029204,-42.0,-16.0,0.8399253,0.5894708,0.22958055,0.00012341807,32
849,2018-11-06,-44.09689296032491,-20.098862272389,8.046386,-40.0,-16.0,0.8082655,0.64302075,0.23864205,0.00013250821,32
878,2018-11-06,-44.15532806840567,-20.07944225466608,12.961587,-60.0,40.0,0.98164153,0.19241036,0.24028865,0.00024076854,32
879,2018-11-06,-44.15172414103505,-20.083772393752945,13.870878,-62.0,40.0,0.94224805,0.34635422,0.23466736,0.00017846754,32
881,2018-11-06,-44.09727909540033,-20.098731056053037,5.927207,-40.0,-16.0,0.8462761,0.57560474,0.22890337,7.089602e-05,32
902,2018-11-06,-44.09135835757717,-20.090201994215263,9.988225,-54.0,-32.0,0.9236139,0.3990633,0.23943725,0.00012808619,32
917,2018-11-06,-44.0917444926526,-20.09164537391089,10.928556,-66.0,-28.0,0.8399489,0.58606946,0.23359168,6.524553e-05,32
922,2018-11-06,-44.095863266790445,-20.09702524368548,7.290491,-32.0,-16.0,0.8334973,0.6023138,0.22462654,0.00019463511,32
953,2018-11-06,-44.09715038370853,-20.098862272389,6.1970124,-42.0,-12.0,0.81594616,0.6319421,0.22483456,0.00016212075,32
988,2018-11-06,-44.1591894191599,-20.06592697206161,13.066898,-64.0,36.0,0.9466307,0.33186823,0.23593827,9.492854e-05,32
991,2018-11-06,-44.1575161671664,-20.08482212444067,12.082196,-60.0,40.0,0.9994936,0.03182455,0.23950803,0.00027012592,32
1001,2018-11-06,-44.161892364687866,-20.076817927946763,14.56029,-64.0,32.0,0.96615434,0.26191953,0.23441048,8.023096e-05,32
1002,2018-11-06,-44.09444743818056,-20.09492578231003,-18.35323,-34.0,-32.0,1.0,0.00039513933,0.22878867,0.00025367626,32
1010,2018-11-06,-44.15365481641216,-20.083509961081013,14.1800165,-62.0,40.0,0.99335134,0.11545927,0.23778822,0.00019389139,32
1020,2018-11-06,-44.16292205822233,-20.072094139852,13.807245,-60.0,40.0,0.91512394,0.41756633,0.24028625,0.0001782693,32
1034,2018-11-06,-44.16202107637967,-20.07721157695466,12.961052,-60.0,40.0,0.981273,0.1944176,0.24814238,0.00010865971,32
1040,2018-11-06,-44.161892364687866,-20.07721157695466,11.855704,-60.0,40.0,0.96591824,0.26365894,0.2468073,0.00010343269,32
1050,2018-11-06,-44.09457614987237,-20.102405113460076,0.6949939,-38.0,-36.0,0.93953866,0.35215226,0.24512702,0.00030498733,32
1070,2018-11-06,-44.1575161671664,-20.08482212444067,12.308732,-60.0,36.0,0.96219236,0.28010356,0.23884472,0.00017387042,32
1072,2018-11-06,-44.0917444926526,-20.09164537391089,11.966651,-64.0,-36.0,0.91248626,0.42968604,0.23979232,7.8801335e-05,32
1076,2018-11-06,-44.15880328408448,-20.06592697206161,15.3537445,-60.0,40.0,0.93656856,0.36525702,0.23667216,7.3392395e-05,32
1079,2018-11-06,-44.15391223979578,-20.07025711114848,14.434992,-60.0,40.0,0.9695847,0.24850449,0.24799877,9.992429e-05,32
1091,2018-11-06,-44.158417149009054,-20.0850845571126,9.721138,-58.0,36.0,0.8887288,0.4815745,0.24550791,0.00012143039,32
1092,2018-11-06,-44.1509518708842,-20.07432481756341,5.743535,-64.0,40.0,0.87775964,0.53542435,0.2352003,0.00030330935,32
1099,2018-11-06,-44.093546456337904,-20.09361361895037,10.593217,-52.0,-36.0,0.8961929,0.46807668,0.23183072,0.00010412827,32
1102,2018-11-06,-44.16292205822233,-20.072094139852,12.756179,-60.0,40.0,0.91454065,0.42063314,0.23443252,0.00013330363,32
1108,2018-11-06,-44.14734794351358,-20.07878617298625,15.685429,-60.0,40.0,0.99970615,0.02424301,0.23583807,8.263391e-05,32
1117,2018-11-06,-44.16768439081922,-20.071831707180067,12.274126,-58.0,36.0,0.981466,0.19336696,0.22862582,0.0001814576,32
1127,2018-11-06,-44.09264547449525,-20.09308875360651,6.3274956,-62.0,-40.0,0.8971481,0.47378388,0.23896502,0.00011133063,32
1146,2018-11-06,-44.16034782438617,-20.068813731452856,14.6983595,-56.0,40.0,0.9864666,0.1649596,0.24976282,0.00036398857,32
1153,2018-11-06,-44.150050889041545,-20.0858718551284,14.125173,-62.0,36.0,0.99220043,0.1250837,0.2397805,0.00020716414,32
1155,2018-11-06,-44.09444743818056,-20.102011464452172,3.6487887,-34.0,-40.0,0.92435986,0.39511356,0.23405898,0.00023943702,32
1159,2018-11-06,-44.093546456337904,-20.09400726795827,-13.504647,-28.0,0.0,0.9480586,0.3266401,0.24105251,0.00034425358,32
1163,2018-11-06,-44.09766523047576,-20.105029440179383,3.0368962,-28.0,-40.0,0.9311042,0.37839893,0.24166062,0.0001920892,32
1174,2018-11-06,-44.095219708331406,-20.102011464452172,1.0892562,-36.0,-40.0,0.9113488,0.42841828,0.24216647,0.00012990848,32
1181,2018-11-06,-44.09161578096079,-20.093219969942474,-13.794785,-28.0,-8.0,0.8859077,0.49635297,0.23633368,0.00021885987,32
1189,2018-11-06,-44.09715038370853,-20.098731056053037,6.433027,-42.0,-16.0,0.8359385,0.6007249,0.24258535,0.00012660914,32
1191,2018-11-06,-44.095219708331406,-20.095844296661788,-15.056541,-28.0,-12.0,0.8651284,0.5359111,0.24847127,0.00020080352,32
1197,2018-11-06,-44.16214978807148,-20.07616184626693,13.408169,-60.0,40.0,0.9665673,0.26143262,0.24416661,0.00011817686,32
1204,2018-11-06,-44.093546456337904,-20.094400916966165,-13.155814,-26.0,0.0,0.93913746,0.35383812,0.24792047,0.0003644777,32
1217,2018-11-06,-44.16202107637967,-20.074718466571312,13.316273,-58.0,40.0,0.9690986,0.2505538,0.24575986,9.5118936e-05,32
1231,2018-11-06,-44.14992217734974,-20.08692158581612,14.853048,-60.0,32.0,0.9371452,0.3654364,0.24572617,0.00011899009,32
1247,2018-11-06,-44.094704861564175,-20.094663349638097,-14.577198,-30.0,-12.0,0.9238721,0.39515322,0.2348293,0.00022071703,32
1251,2018-11-06,-44.09251676280344,-20.093219969942474,8.228205,-48.0,-36.0,0.89386845,0.4703759,0.24224225,0.00015514281,32
1256,2018-11-06,-44.09483357325598,-20.093219969942474,9.824157,-52.0,-40.0,0.86129993,0.54238904,0.24783906,0.0001059604,32
1259,2018-11-06,-44.16227849976329,-20.072881437867792,14.549124,-60.0,40.0,0.9829678,0.18534474,0.24443871,0.00014352797,32
1260,2018-11-06,-44.15481322163844,-20.071044409164276,11.25031,-60.0,32.0,0.9734008,0.23258153,0.23211527,0.00010914595,32
1289,2018-11-06,-44.1541696631794,-20.07983590367397,13.53004,-60.0,40.0,0.9900696,0.14119089,0.24933314,0.00012980548,32
1290,2018-11-06,-44.095219708331406,-20.095319431317925,-15.757742,-28.0,-4.0,0.9366193,0.3611681,0.23686811,0.0001664893,32
1291,2018-11-06,-44.094704861564175,-20.09361361895037,9.271836,-54.0,-40.0,0.8996914,0.4565308,0.2475767,0.00012423437,32
1292,2018-11-06,-44.09303160957067,-20.09335118627844,11.259133,-52.0,-36.0,0.9403788,0.35013777,0.23605238,0.00015071555,32
1305,2018-11-06,-44.09715038370853,-20.098862272389,5.6583004,-42.0,-8.0,0.83434314,0.59625983,0.23497155,0.00011737869,32
1313,2018-11-06,-44.1558429151729,-20.07340630321165,13.257169,-60.0,40.0,0.9211648,0.4038228,0.23622842,0.00013031399,32
1329,2018-11-06,-44.1509518708842,-20.07445603389938,16.250473,-62.0,40.0,0.91050994,0.4318001,0.2425376,0.00029912443,32
25,2018-11-18,-44.177981326163845,-20.065402106717748,15.012832,-62.0,36.0,0.9934322,0.114803776,0.12596866,0.00017885656,32
36,2018-11-18,-44.161892364687866,-20.07708036061869,14.44972,-62.0,40.0,0.9895274,0.14510763,0.16019304,0.00016061729,32
49,2018-11-18,-44.158288437317246,-20.066320621069508,14.815756,-60.0,36.0,0.9677011,0.25603223,0.16889001,0.00021117146,32
51,2018-11-18,-44.1575161671664,-20.08482212444067,13.99971,-60.0,40.0,0.99133533,0.13187632,0.15246536,0.00031897012,32
55,2018-11-18,-44.15597162686471,-20.07904860565818,15.21112,-58.0,40.0,0.99169916,0.12906517,0.17269787,0.00030624378,32
58,2018-11-18,-44.1591894191599,-20.06592697206161,13.544117,-64.0,40.0,0.9866735,0.1637098,0.16357863,0.00016910466,32
60,2018-11-18,-44.158417149009054,-20.066714270077405,13.750559,-60.0,32.0,0.9606683,0.28429142,0.16295098,0.00027915908,32
70,2018-11-18,-44.15558549178928,-20.073143870539724,13.972796,-58.0,40.0,0.98207843,0.1903084,0.16551217,0.00015617402,32
72,2018-11-18,-44.161892364687866,-20.076817927946763,12.849964,-60.0,40.0,0.98664135,0.16406055,0.17289028,0.00018321899,32
77,2018-11-18,-44.15558549178928,-20.073143870539724,13.227445,-60.0,40.0,0.9936751,0.11267752,0.17115304,0.0002308823,32
78,2018-11-18,-44.16176365299606,-20.07708036061869,14.886309,-62.0,40.0,0.98854494,0.15176974,0.17172363,0.0001721688,32
79,2018-11-18,-44.177981326163845,-20.065533323053717,14.717064,-62.0,36.0,0.9964764,0.08401511,0.16623512,0.00018862613,32
86,2018-11-18,-44.157130032090976,-20.07235657252393,13.522269,-60.0,36.0,0.99061596,0.13728343,0.15821503,0.00026863083,32
87,2018-11-18,-44.15365481641216,-20.08364117741698,13.703206,-62.0,40.0,0.9950991,0.0991742,0.17583664,0.00029401673,32
92,2018-11-18,-44.15365481641216,-20.08364117741698,13.710066,-62.0,40.0,0.99385124,0.11107637,0.1650057,0.00031562397,32
101,2018-11-18,-44.157130032090976,-20.07235657252393,16.72401,-60.0,36.0,0.98830754,0.15364271,0.16259168,0.0002030594,32
102,2018-11-18,-44.1575161671664,-20.08482212444067,13.863315,-60.0,36.0,0.9933006,0.11592739,0.16052273,0.0002825142,32
106,2018-11-18,-44.158288437317246,-20.066320621069508,14.417897,-60.0,40.0,0.96672195,0.260466,0.17711703,0.00022746764,32
107,2018-11-18,-44.150050889041545,-20.0858718551284,13.971639,-62.0,32.0,0.9972439,0.07430704,0.17113066,0.00025208955,32
108,2018-11-18,-44.095348420023214,-20.095581863989857,-13.4663105,-26.0,-4.0,0.9112881,0.43588206,0.17609175,0.00035253962,32
109,2018-11-18,-44.15815972562544,-20.068026433437065,11.841114,-60.0,40.0,0.92887574,0.38277623,0.18616179,0.00031713524,32
111,2018-11-18,-44.15558549178928,-20.073143870539724,13.385736,-58.0,40.0,0.9956475,0.093374655,0.16038811,0.00014709214,32
116,2018-11-18,-44.15597162686471,-20.07904860565818,13.895761,-60.0,40.0,0.98307085,0.18469657,0.19299243,0.00018906631,32
120,2018-11-18,-44.15442708656301,-20.0717004908441,12.8455305,-60.0,40.0,0.98103976,0.19561706,0.18038051,0.0002138021,32
122,2018-11-18,-44.177981326163845,-20.065402106717748,15.113212,-62.0,36.0,0.9920553,0.12631515,0.16516092,0.00013893403,32
124,2018-11-18,-44.16768439081922,-20.071831707180067,13.771652,-58.0,40.0,0.9844347,0.17712511,0.16961817,0.00019569618,32
125,2018-11-18,-44.09316032126248,-20.103192411475867,3.4301448,-30.0,-28.0,0.9221537,0.4055343,0.18537693,0.00026284982,32
135,2018-11-18,-44.1575161671664,-20.08482212444067,13.519703,-60.0,40.0,0.9926844,0.12122337,0.17335667,0.00032299763,32
166,2018-11-18,-44.16227849976329,-20.07301265420376,14.87523,-60.0,40.0,0.9948693,0.10141454,0.17611928,0.0002781563,32
169,2018-11-18,-44.15906070746809,-20.06592697206161,12.593716,-62.0,36.0,0.96458185,0.26856968,0.1896261,7.7959645e-05,32
183,2018-11-18,-44.161892364687866,-20.07721157695466,14.463667,-60.0,40.0,0.98572654,0.16954353,0.20472775,0.00016644613,32
184,2018-11-18,-44.14914990719889,-20.083509961081013,12.9231415,-62.0,24.0,0.92275953,0.39962417,0.18632154,0.00019650752,32
192,2018-11-18,-44.15558549178928,-20.073143870539724,15.178404,-58.0,36.0,0.96856844,0.2538515,0.20102504,0.00022607588,32
208,2018-11-18,-44.09547713171502,-20.096631594677586,14.228684,-16.0,-28.0,0.8838611,0.4968438,0.19951294,0.00028506762,32
209,2018-11-18,-44.09573455509864,-20.104242142163592,1.9199086,-30.0,-32.0,0.99192834,0.12720996,0.20155519,0.00028709535,32
211,2018-11-18,-44.14824892535624,-20.08482212444067,12.704901,-62.0,36.0,0.97233886,0.23678724,0.1985304,0.00017741922,32
227,2018-11-18,-44.15172414103505,-20.083772393752945,15.411163,-62.0,40.0,0.9442581,0.34013498,0.17343715,0.00015305412,32
230,2018-11-18,-44.1558429151729,-20.078654956650283,16.147562,-58.0,40.0,0.99377,0.11183355,0.20406978,0.00019458176,32
234,2018-11-18,-44.09496228494779,-20.095319431317925,-16.588129,-30.0,-20.0,0.933926,0.3708147,0.21000704,0.00035274707,32
235,2018-11-18,-44.1672982557438,-20.07393116855552,13.232294,-60.0,40.0,0.94888365,0.32600248,0.19429739,0.00019437468,32
250,2018-11-18,-44.1558429151729,-20.071831707180067,13.119222,-58.0,36.0,0.9687802,0.25208294,0.20764968,0.00012654542,32
262,2018-11-18,-44.15558549178928,-20.073143870539724,13.894098,-60.0,40.0,0.9888833,0.14947388,0.214402,0.00019721958,32
279,2018-11-18,-44.15378352810397,-20.08390361008891,12.983419,-62.0,40.0,0.9593733,0.28800502,0.1987492,0.00014123438,32
292,2018-11-18,-44.09277418618706,-20.09308875360651,8.711789,-62.0,-40.0,0.94386774,0.3385104,0.2108965,0.00015072811,32
294,2018-11-18,-44.150050889041545,-20.0858718551284,13.0629635,-62.0,40.0,0.99573416,0.09243322,0.20145847,0.00022659368,32
297,2018-11-18,-44.1509518708842,-20.07445603389938,16.143194,-62.0,40.0,0.91531914,0.42315394,0.18903947,0.000473964,32
298,2018-11-18,-44.09573455509864,-20.104110925827623,1.5349952,-32.0,-32.0,0.9713802,0.24072301,0.20770803,0.00019924583,32
302,2018-11-18,-44.1509518708842,-20.07445603389938,16.037064,-64.0,40.0,0.9010573,0.46399283,0.19030711,0.00030566705,32
307,2018-11-18,-44.15558549178928,-20.073143870539724,14.333755,-60.0,36.0,0.94426954,0.33953795,0.21462357,0.0001921205,32
322,2018-11-18,-44.16150622961244,-20.065533323053717,12.78531,-58.0,32.0,0.9559043,0.30019727,0.20587029,0.00021429466,32
326,2018-11-18,-44.158417149009054,-20.066714270077405,14.969184,-60.0,28.0,0.92922074,0.38275728,0.21405818,0.00021434038,32
334,2018-11-18,-44.14824892535624,-20.08482212444067,13.889156,-64.0,36.0,0.9591197,0.28854805,0.20624818,0.00011566065,32
341,2018-11-18,-44.093417744646096,-20.094138484294238,-14.642351,-30.0,0.0,0.9271192,0.38806647,0.20293237,0.00020528595,32
342,2018-11-18,-44.09573455509864,-20.104110925827623,0.71521205,-28.0,-32.0,0.967172,0.2586741,0.21095438,0.00017666417,32
343,2018-11-18,-44.094704861564175,-20.094663349638097,-15.387402,-30.0,-12.0,0.9320163,0.37439924,0.20520887,0.00024680147,32
350,2018-11-18,-44.15494193333024,-20.07143805817217,13.063361,-60.0,32.0,0.9771433,0.21485306,0.2082436,0.000101412086,32
351,2018-11-18,-44.15365481641216,-20.083509961081013,15.353538,-62.0,40.0,0.99176425,0.12863493,0.1975397,0.00024892512,32
354,2018-11-18,-44.095219708331406,-20.10188024811621,2.6608577,-34.0,-40.0,0.85031635,0.56276417,0.19688289,0.0001462547,32
355,2018-11-18,-44.14721923182177,-20.07944225466608,12.162259,-62.0,40.0,0.9097379,0.4362786,0.20008743,0.0001692326,32
358,2018-11-18,-44.161892364687866,-20.076817927946763,12.745444,-60.0,40.0,0.97885114,0.2066355,0.2046915,0.00012147129,32
365,2018-11-18,-44.09483357325598,-20.095975512997757,-12.292189,-16.0,-16.0,0.87048537,0.5251366,0.2145026,0.00022786683,32
371,2018-11-18,-44.16150622961244,-20.065533323053717,13.143856,-58.0,36.0,0.96249855,0.27732918,0.21806788,0.00021408769,32
372,2018-11-18,-44.156615185323744,-20.07235657252393,15.50616,-60.0,40.0,0.98747224,0.15874347,0.22571152,0.00016332245,32
376,2018-11-18,-44.177981326163845,-20.065533323053717,13.4087,-64.0,40.0,0.98931545,0.14667082,0.2060611,0.0001226925,32
428,2018-11-18,-44.095348420023214,-20.099255921396896,6.475563,-34.0,-20.0,0.8599175,0.5520587,0.21099286,0.00021701,32
445,2018-11-18,-44.15030831242516,-20.084690908104704,11.741835,-62.0,40.0,0.9537714,0.31028697,0.19998807,0.00011961138,32
451,2018-11-18,-44.095348420023214,-20.09269510459861,11.115833,-50.0,-32.0,0.89500684,0.4699368,0.21193483,0.000103801125,32
452,2018-11-18,-44.1624072114551,-20.06658305374144,13.767935,-60.0,36.0,0.99999905,0.0013166264,0.18705474,0.00012239197,32
454,2018-11-18,-44.161892364687866,-20.07721157695466,14.495384,-60.0,40.0,0.98762494,0.15781839,0.21329112,0.000108521395,32
462,2018-11-18,-44.1492786188907,-20.083772393752945,6.3634634,-62.0,36.0,0.9009371,0.45448023,0.21690197,0.00015435196,32
468,2018-11-18,-44.16768439081922,-20.071831707180067,14.479792,-58.0,40.0,0.99912137,0.041926306,0.1979922,0.00025140448,32
469,2018-11-18,-44.156615185323744,-20.07235657252393,15.453234,-62.0,40.0,0.9884701,0.15216252,0.21888806,0.00014295946,32
475,2018-11-18,-44.16150622961244,-20.06684548641337,13.205499,-60.0,40.0,0.9333956,0.37320685,0.20200405,0.00019318266,32
480,2018-11-18,-44.09573455509864,-20.10437335849956,0.85827994,-30.0,-28.0,0.97603565,0.21994607,0.22386426,0.00023246644,32
489,2018-11-18,-44.15378352810397,-20.0854782061205,13.294829,-60.0,36.0,0.98614484,0.16707681,0.22113495,0.00015665224,32
498,2018-11-18,-44.16202107637967,-20.07760522596256,16.858322,-60.0,40.0,0.9739393,0.22963941,0.22176117,0.00018630472,32
515,2018-11-18,-44.177981326163845,-20.065533323053717,14.719734,-62.0,40.0,0.99098617,0.13457483,0.22828959,0.00014239682,32
517,2018-11-18,-44.16137751792064,-20.071044409164276,14.693118,-58.0,40.0,0.9873319,0.16011351,0.20574138,0.000113239825,32
518,2018-11-18,-44.16202107637967,-20.07760522596256,10.591003,-60.0,36.0,0.9819957,0.19045453,0.2204059,0.00024409748,32
520,2018-11-18,-44.14992217734974,-20.08692158581612,14.316786,-60.0,32.0,0.9329311,0.37142602,0.22161011,0.00016959709,32
533,2018-11-18,-44.093546456337904,-20.09361361895037,8.037491,-54.0,-36.0,0.92416435,0.39691073,0.22529994,0.00012681105,32
538,2018-11-18,-44.15468450994663,-20.07904860565818,10.246357,-60.0,40.0,0.9603823,0.28433818,0.2098461,7.573011e-05,32
547,2018-11-18,-44.1509518708842,-20.07432481756341,15.930122,-62.0,40.0,0.90768754,0.43956012,0.21304497,0.00048326713,32
551,2018-11-18,-44.09431872648875,-20.09361361895037,9.9814625,-60.0,-40.0,0.9269395,0.38688326,0.22368047,8.363042e-05,32
573,2018-11-18,-44.09715038370853,-20.10437335849956,2.358491,-26.0,-40.0,0.981993,0.19041304,0.21994461,0.00020242653,32
591,2018-11-18,-44.09637811355768,-20.10476700750745,2.2371862,-28.0,-28.0,0.88030064,0.50150853,0.24380408,0.00016093155,32
595,2018-11-18,-44.09277418618706,-20.09308875360651,7.539445,-60.0,-36.0,0.9506957,0.31798822,0.22435091,0.00015162292,32
597,2018-11-18,-44.094704861564175,-20.09361361895037,10.769452,-56.0,-40.0,0.9236856,0.39662957,0.221461,0.00016114896,32
617,2018-11-18,-44.095348420023214,-20.095581863989857,-15.665945,-28.0,-12.0,0.91071886,0.43331236,0.20454994,0.00030632524,32
621,2018-11-18,-44.095348420023214,-20.095581863989857,-16.616974,-30.0,-16.0,0.919275,0.40785578,0.221529,0.00037647443,32
631,2018-11-18,-44.150050889041545,-20.08574063879243,14.702366,-62.0,32.0,0.96217763,0.27867618,0.2173203,0.00012443759,32
632,2018-11-18,-44.158417149009054,-20.066714270077405,14.056288,-62.0,32.0,0.9420799,0.3442246,0.21013477,0.0001555898,32
639,2018-11-18,-44.14721923182177,-20.07944225466608,12.514208,-62.0,40.0,0.9141801,0.42269146,0.23625557,0.00014431524,32
642,2018-11-18,-44.093417744646096,-20.09361361895037,9.35034,-50.0,-32.0,0.95720506,0.29472056,0.22483774,0.00017313514,32
659,2018-11-18,-44.09316032126248,-20.093876051622303,-12.932479,-26.0,0.0,0.9202357,0.41621837,0.23191184,0.0004714754,32
666,2018-11-18,-44.09612069017406,-20.098599839717068,6.7757993,-32.0,-20.0,0.8369649,0.59542996,0.22777635,0.00024879372,32
674,2018-11-18,-44.15803101393363,-20.068026433437065,12.461126,-60.0,40.0,0.9488301,0.32394177,0.21363357,0.00017669244,32
687,2018-11-18,-44.095348420023214,-20.095844296661788,-14.386373,-26.0,-12.0,0.9264778,0.39259818,0.2429174,0.0003334301,32
689,2018-11-18,-44.094704861564175,-20.102273897124107,2.1754477,-40.0,-24.0,0.8999888,0.45509607,0.22149613,0.00017279296,32
699,2018-11-18,-44.09277418618706,-20.092957537270543,14.442906,-60.0,-36.0,0.8248223,0.62379014,0.22112992,0.00010524349,32
704,2018-11-18,-44.16227849976329,-20.07301265420376,10.892112,-60.0,40.0,0.9730441,0.23360339,0.21389751,0.00015998124,32
738,2018-11-18,-44.16137751792064,-20.071044409164276,14.851009,-58.0,40.0,0.9537537,0.30705687,0.21450779,8.5356805e-05,32
743,2018-11-18,-44.095219708331406,-20.10292997880393,-1.2173945,-34.0,-32.0,0.963839,0.27309382,0.2487394,0.00023321668,32
748,2018-11-18,-44.1672982557438,-20.073799952219552,11.598839,-60.0,40.0,0.9394868,0.35379896,0.2385987,0.00016835134,32
749,2018-11-18,-44.15970426592713,-20.064614808701958,15.9533415,-60.0,36.0,0.9923783,0.1236501,0.23288263,0.00010213836,32
753,2018-11-18,-44.09444743818056,-20.09453213330213,-13.73591,-30.0,4.0,0.93633944,0.3616963,0.24223724,0.0002814164,32
772,2018-11-18,-44.093546456337904,-20.094400916966165,-10.558307,-26.0,12.0,0.9233013,0.3976936,0.23818585,0.00025641994,32
778,2018-11-18,-44.14824892535624,-20.084690908104704,14.559896,-64.0,40.0,0.993268,0.11620175,0.217038,0.000119338845,32
781,2018-11-18,-44.09277418618706,-20.092957537270543,13.265583,-64.0,-40.0,0.9240293,0.3957767,0.23231132,0.00016137642,32
785,2018-11-18,-44.15648647363194,-20.07655549527483,14.595115,-58.0,32.0,0.947436,0.32984012,0.24211547,8.705073e-05,32
795,2018-11-18,-44.09740780709214,-20.10463579117149,3.699577,-30.0,-40.0,0.8850024,0.53440773,0.22723202,0.0001532011,32
800,2018-11-18,-44.1674269674356,-20.07432481756341,12.657798,-60.0,40.0,0.99912155,0.04192622,0.23580386,0.00012518003,32
809,2018-11-18,-44.16163494130425,-20.076817927946763,13.772339,-60.0,40.0,0.9765173,0.21793333,0.2365612,0.00012580244,32
810,2018-11-18,-44.15906070746809,-20.06566453938968,10.97943,-64.0,40.0,0.9807913,0.19675484,0.22297284,0.00012886837,32
812,2018-11-18,-44.09612069017406,-20.10463579117149,0.51100767,-32.0,-28.0,0.9810543,0.19555587,0.24058457,0.00018460231,32
815,2018-11-18,-44.09290289787887,-20.09361361895037,7.163874,-34.0,-32.0,0.9477484,0.3269546,0.24155085,0.00027799365,32
817,2018-11-18,-44.15326868133674,-20.081935365049425,13.713154,-60.0,40.0,0.97455287,0.22695863,0.23753211,0.00013418394,32
819,2018-11-18,-44.15391223979578,-20.07025711114848,14.002284,-58.0,40.0,0.96879125,0.251771,0.22422275,0.00012923428,32
826,2018-11-18,-44.09573455509864,-20.100436868420587,1.7293808,-40.0,-32.0,0.85571986,0.5583373,0.24542302,0.00029766848,32
839,2018-11-18,-44.1541696631794,-20.07983590367397,14.143098,-60.0,40.0,0.9838538,0.18029623,0.23935002,0.00027133914,32
842,2018-11-18,-44.161892364687866,-20.07708036061869,14.925219,-62.0,36.0,0.98912096,0.14776096,0.22787876,9.263296e-05,32
843,2018-11-18,-44.09715038370853,-20.098731056053037,6.7029204,-42.0,-16.0,0.8399253,0.5894708,0.22958055,0.00012341807,32
849,2018-11-18,-44.09689296032491,-20.098862272389,9.24232,-40.0,-16.0,0.8082655,0.64302075,0.23864205,0.00013250821,32
878,2018-11-18,-44.15532806840567,-20.07944225466608,15.106934,-60.0,40.0,0.98164153,0.19241036,0.24028865,0.00024076854,32
879,2018-11-18,-44.15172414103505,-20.083772393752945,15.564168,-62.0,40.0,0.94224805,0.34635422,0.23466736,0.00017846754,32
881,2018-11-18,-44.09727909540033,-20.098731056053037,5.927207,-40.0,-16.0,0.8462761,0.57560474,0.22890337,7.089602e-05,32
902,2018-11-18,-44.09135835757717,-20.090201994215263,11.524622,-54.0,-32.0,0.9236139,0.3990633,0.23943725,0.00012808619,32
917,2018-11-18,-44.0917444926526,-20.09164537391089,13.286707,-66.0,-28.0,0.8399489,0.58606946,0.23359168,6.524553e-05,32
922,2018-11-18,-44.095863266790445,-20.09702524368548,7.166496,-32.0,-16.0,0.8334973,0.6023138,0.22462654,0.00019463511,32
953,2018-11-18,-44.09715038370853,-20.098862272389,7.5180917,-42.0,-12.0,0.81594616,0.6319421,0.22483456,0.00016212075,32
988,2018-11-18,-44.1591894191599,-20.06592697206161,12.000146,-64.0,36.0,0.9466307,0.33186823,0.23593827,9.492854e-05,32
991,2018-11-18,-44.1575161671664,-20.08482212444067,13.33179,-60.0,40.0,0.9994936,0.03182455,0.23950803,0.00027012592,32
1001,2018-11-18,-44.161892364687866,-20.076817927946763,15.982882,-64.0,32.0,0.96615434,0.26191953,0.23441048,8.023096e-05,32
1002,2018-11-18,-44.09444743818056,-20.09492578231003,-18.676975,-34.0,-32.0,1.0,0.00039513933,0.22878867,0.00025367626,32
1010,2018-11-18,-44.15365481641216,-20.083509961081013,15.671812,-62.0,40.0,0.99335134,0.11545927,0.23778822,0.00019389139,32
1020,2018-11-18,-44.16292205822233,-20.072094139852,15.357428,-60.0,40.0,0.91512394,0.41756633,0.24028625,0.0001782693,32
1034,2018-11-18,-44.16202107637967,-20.07721157695466,14.100699,-60.0,40.0,0.981273,0.1944176,0.24814238,0.00010865971,32
1040,2018-11-18,-44.161892364687866,-20.07721157695466,12.829639,-60.0,40.0,0.96591824,0.26365894,0.2468073,0.00010343269,32
1050,2018-11-18,-44.09457614987237,-20.102405113460076,0.6949939,-38.0,-36.0,0.93953866,0.35215226,0.24512702,0.00030498733,32
1070,2018-11-18,-44.1575161671664,-20.08482212444067,14.397031,-60.0,36.0,0.96219236,0.28010356,0.23884472,0.00017387042,32
1072,2018-11-18,-44.0917444926526,-20.09164537391089,14.257257,-64.0,-36.0,0.91248626,0.42968604,0.23979232,7.8801335e-05,32
1076,2018-11-18,-44.15880328408448,-20.06592697206161,16.509752,-60.0,40.0,0.93656856,0.36525702,0.23667216,7.3392395e-05,32
1079,2018-11-18,-44.15391223979578,-20.07025711114848,15.618271,-60.0,40.0,0.9695847,0.24850449,0.24799877,9.992429e-05,32
1091,2018-11-18,-44.158417149009054,-20.0850845571126,11.726912,-58.0,36.0,0.8887288,0.4815745,0.24550791,0.00012143039,32
1092,2018-11-18,-44.1509518708842,-20.07432481756341,6.4133377,-64.0,40.0,0.87775964,0.53542435,0.2352003,0.00030330935,32
1099,2018-11-18,-44.093546456337904,-20.09361361895037,11.790375,-52.0,-36.0,0.8961929,0.46807668,0.23183072,0.00010412827,32
1102,2018-11-18,-44.16292205822233,-20.072094139852,14.270053,-60.0,40.0,0.91454065,0.42063314,0.23443252,0.00013330363,32
1108,2018-11-18,-44.14734794351358,-20.07878617298625,17.01735,-60.0,40.0,0.99970615,0.02424301,0.23583807,8.263391e-05,32
1117,2018-11-18,-44.16768439081922,-20.071831707180067,13.63036,-58.0,36.0,0.981466,0.19336696,0.22862582,0.0001814576,32
1127,2018-11-18,-44.09264547449525,-20.09308875360651,6.7197294,-62.0,-40.0,0.8971481,0.47378388,0.23896502,0.00011133063,32
1146,2018-11-18,-44.16034782438617,-20.068813731452856,15.939071,-56.0,40.0,0.9864666,0.1649596,0.24976282,0.00036398857,32
1153,2018-11-18,-44.150050889041545,-20.0858718551284,15.474245,-62.0,36.0,0.99220043,0.1250837,0.2397805,0.00020716414,32
1155,2018-11-18,-44.09444743818056,-20.102011464452172,3.4857574,-34.0,-40.0,0.92435986,0.39511356,0.23405898,0.00023943702,32
1159,2018-11-18,-44.093546456337904,-20.09400726795827,-13.504647,-28.0,0.0,0.9480586,0.3266401,0.24105251,0.00034425358,32
1163,2018-11-18,-44.09766523047576,-20.105029440179383,2.7489517,-28.0,-40.0,0.9311042,0.37839893,0.24166062,0.0001920892,32
1174,2018-11-18,-44.095219708331406,-20.102011464452172,-0.3062487,-36.0,-40.0,0.9113488,0.42841828,0.24216647,0.00012990848,32
1181,2018-11-18,-44.09161578096079,-20.093219969942474,-13.794785,-28.0,-8.0,0.8859077,0.49635297,0.23633368,0.00021885987,32
1189,2018-11-18,-44.09715038370853,-20.098731056053037,7.9985833,-42.0,-16.0,0.8359385,0.6007249,0.24258535,0.00012660914,32
1191,2018-11-18,-44.095219708331406,-20.095844296661788,-15.395687,-28.0,-12.0,0.8651284,0.5359111,0.24847127,0.00020080352,32
1197,2018-11-18,-44.16214978807148,-20.07616184626693,14.646149,-60.0,40.0,0.9665673,0.26143262,0.24416661,0.00011817686,32
1204,2018-11-18,-44.093546456337904,-20.094400916966165,-13.155814,-26.0,0.0,0.93913746,0.35383812,0.24792047,0.0003644777,32
1217,2018-11-18,-44.16202107637967,-20.074718466571312,14.365977,-58.0,40.0,0.9690986,0.2505538,0.24575986,9.5118936e-05,32
1231,2018-11-18,-44.14992217734974,-20.08692158581612,16.11813,-60.0,32.0,0.9371452,0.3654364,0.24572617,0.00011899009,32
1247,2018-11-18,-44.094704861564175,-20.094663349638097,-14.577198,-30.0,-12.0,0.9238721,0.39515322,0.2348293,0.00022071703,32
1251,2018-11-18,-44.09251676280344,-20.093219969942474,9.801982,-48.0,-36.0,0.89386845,0.4703759,0.24224225,0.00015514281,32
1256,2018-11-18,-44.09483357325598,-20.093219969942474,11.440125,-52.0,-40.0,0.86129993,0.54238904,0.24783906,0.0001059604,32
1259,2018-11-18,-44.16227849976329,-20.072881437867792,15.824209,-60.0,40.0,0.9829678,0.18534474,0.24443871,0.00014352797,32
1260,2018-11-18,-44.15481322163844,-20.071044409164276,13.056643,-60.0,32.0,0.9734008,0.23258153,0.23211527,0.00010914595,32
1289,2018-11-18,-44.1541696631794,-20.07983590367397,14.901622,-60.0,40.0,0.9900696,0.14119089,0.24933314,0.00012980548,32
1290,2018-11-18,-44.095219708331406,-20.095319431317925,-15.757742,-28.0,-4.0,0.9366193,0.3611681,0.23686811,0.0001664893,32
1291,2018-11-18,-44.094704861564175,-20.09361361895037,10.01537,-54.0,-40.0,0.8996914,0.4565308,0.2475767,0.00012423437,32
1292,2018-11-18,-44.09303160957067,-20.09335118627844,12.584252,-52.0,-36.0,0.9403788,0.35013777,0.23605238,0.00015071555,32
1305,2018-11-18,-44.09715038370853,-20.098862272389,6.9592137,-42.0,-8.0,0.83434314,0.59625983,0.23497155,0.00011737869,32
1313,2018-11-18,-44.1558429151729,-20.07340630321165,14.494051,-60.0,40.0,0.9211648,0.4038228,0.23622842,0.00013031399,32
1329,2018-11-18,-44.1509518708842,-20.07445603389938,15.757386,-62.0,40.0,0.91050994,0.4318001,0.2425376,0.00029912443,32
25,2018-11-30,-44.177981326163845,-20.065402106717748,15.278595,-62.0,36.0,0.9934322,0.114803776,0.12596866,0.00017885656,32
36,2018-11-30,-44.161892364687866,-20.07708036061869,13.816593,-62.0,40.0,0.9895274,0.14510763,0.16019304,0.00016061729,32
49,2018-11-30,-44.158288437317246,-20.066320621069508,15.337991,-60.0,36.0,0.9677011,0.25603223,0.16889001,0.00021117146,32
51,2018-11-30,-44.1575161671664,-20.08482212444067,13.832788,-60.0,40.0,0.99133533,0.13187632,0.15246536,0.00031897012,32
55,2018-11-30,-44.15597162686471,-20.07904860565818,15.417078,-58.0,40.0,0.99169916,0.12906517,0.17269787,0.00030624378,32
58,2018-11-30,-44.1591894191599,-20.06592697206161,12.39779,-64.0,40.0,0.9866735,0.1637098,0.16357863,0.00016910466,32
60,2018-11-30,-44.158417149009054,-20.066714270077405,14.388945,-60.0,32.0,0.9606683,0.28429142,0.16295098,0.00027915908,32
70,2018-11-30,-44.15558549178928,-20.073143870539724,13.042327,-58.0,40.0,0.98207843,0.1903084,0.16551217,0.00015617402,32
72,2018-11-30,-44.161892364687866,-20.076817927946763,12.861403,-60.0,40.0,0.98664135,0.16406055,0.17289028,0.00018321899,32
77,2018-11-30,-44.15558549178928,-20.073143870539724,13.247166,-60.0,40.0,0.9936751,0.11267752,0.17115304,0.0002308823,32
78,2018-11-30,-44.16176365299606,-20.07708036061869,14.498977,-62.0,40.0,0.98854494,0.15176974,0.17172363,0.0001721688,32
79,2018-11-30,-44.177981326163845,-20.065533323053717,13.821304,-62.0,36.0,0.9964764,0.08401511,0.16623512,0.00018862613,32
86,2018-11-30,-44.157130032090976,-20.07235657252393,15.329752,-60.0,36.0,0.99061596,0.13728343,0.15821503,0.00026863083,32
87,2018-11-30,-44.15365481641216,-20.08364117741698,13.265186,-62.0,40.0,0.9950991,0.0991742,0.17583664,0.00029401673,32
92,2018-11-30,-44.15365481641216,-20.08364117741698,14.001321,-62.0,40.0,0.99385124,0.11107637,0.1650057,0.00031562397,32
101,2018-11-30,-44.157130032090976,-20.07235657252393,16.371338,-60.0,36.0,0.98830754,0.15364271,0.16259168,0.0002030594,32
102,2018-11-30,-44.1575161671664,-20.08482212444067,12.427802,-60.0,36.0,0.9933006,0.11592739,0.16052273,0.0002825142,32
106,2018-11-30,-44.158288437317246,-20.066320621069508,14.843105,-60.0,40.0,0.96672195,0.260466,0.17711703,0.00022746764,32
107,2018-11-30,-44.150050889041545,-20.0858718551284,14.152257,-62.0,32.0,0.9972439,0.07430704,0.17113066,0.00025208955,32
108,2018-11-30,-44.095348420023214,-20.095581863989857,-15.256292,-26.0,-4.0,0.9112881,0.43588206,0.17609175,0.00035253962,32
109,2018-11-30,-44.15815972562544,-20.068026433437065,13.652181,-60.0,40.0,0.92887574,0.38277623,0.18616179,0.00031713524,32
111,2018-11-30,-44.15558549178928,-20.073143870539724,13.304612,-58.0,40.0,0.9956475,0.093374655,0.16038811,0.00014709214,32
116,2018-11-30,-44.15597162686471,-20.07904860565818,14.672867,-60.0,40.0,0.98307085,0.18469657,0.19299243,0.00018906631,32
120,2018-11-30,-44.15442708656301,-20.0717004908441,11.669345,-60.0,40.0,0.98103976,0.19561706,0.18038051,0.0002138021,32
122,2018-11-30,-44.177981326163845,-20.065402106717748,14.606112,-62.0,36.0,0.9920553,0.12631515,0.16516092,0.00013893403,32
124,2018-11-30,-44.16768439081922,-20.071831707180067,13.627953,-58.0,40.0,0.9844347,0.17712511,0.16961817,0.00019569618,32
125,2018-11-30,-44.09316032126248,-20.103192411475867,1.1196555,-30.0,-28.0,0.9221537,0.4055343,0.18537693,0.00026284982,32
135,2018-11-30,-44.1575161671664,-20.08482212444067,13.43495,-60.0,40.0,0.9926844,0.12122337,0.17335667,0.00032299763,32
166,2018-11-30,-44.16227849976329,-20.07301265420376,15.10208,-60.0,40.0,0.9948693,0.10141454,0.17611928,0.0002781563,32
169,2018-11-30,-44.15906070746809,-20.06592697206161,13.484269,-62.0,36.0,0.96458185,0.26856968,0.1896261,7.7959645e-05,32
183,2018-11-30,-44.161892364687866,-20.07721157695466,15.16856,-60.0,40.0,0.98572654,0.16954353,0.20472775,0.00016644613,32
184,2018-11-30,-44.14914990719889,-20.083509961081013,14.083094,-62.0,24.0,0.92275953,0.39962417,0.18632154,0.00019650752,32
192,2018-11-30,-44.15558549178928,-20.073143870539724,15.019009,-58.0,36.0,0.96856844,0.2538515,0.20102504,0.00022607588,32
208,2018-11-30,-44.09547713171502,-20.096631594677586,18.174667,-16.0,-28.0,0.8838611,0.4968438,0.19951294,0.00028506762,32
209,2018-11-30,-44.09573455509864,-20.104242142163592,-0.33423126,-30.0,-32.0,0.99192834,0.12720996,0.20155519,0.00028709535,32
211,2018-11-30,-44.14824892535624,-20.08482212444067,13.788353,-62.0,36.0,0.97233886,0.23678724,0.1985304,0.00017741922,32
227,2018-11-30,-44.15172414103505,-20.083772393752945,15.3831415,-62.0,40.0,0.9442581,0.34013498,0.17343715,0.00015305412,32
230,2018-11-30,-44.1558429151729,-20.078654956650283,15.279184,-58.0,40.0,0.99377,0.11183355,0.20406978,0.00019458176,32
234,2018-11-30,-44.09496228494779,-20.095319431317925,-16.588129,-30.0,-20.0,0.933926,0.3708147,0.21000704,0.00035274707,32
235,2018-11-30,-44.1672982557438,-20.07393116855552,14.410774,-60.0,40.0,0.94888365,0.32600248,0.19429739,0.00019437468,32
250,2018-11-30,-44.1558429151729,-20.071831707180067,11.778492,-58.0,36.0,0.9687802,0.25208294,0.20764968,0.00012654542,32
262,2018-11-30,-44.15558549178928,-20.073143870539724,13.013551,-60.0,40.0,0.9888833,0.14947388,0.214402,0.00019721958,32
279,2018-11-30,-44.15378352810397,-20.08390361008891,11.697484,-62.0,40.0,0.9593733,0.28800502,0.1987492,0.00014123438,32
292,2018-11-30,-44.09277418618706,-20.09308875360651,9.870143,-62.0,-40.0,0.94386774,0.3385104,0.2108965,0.00015072811,32
294,2018-11-30,-44.150050889041545,-20.0858718551284,13.140995,-62.0,40.0,0.99573416,0.09243322,0.20145847,0.00022659368,32
297,2018-11-30,-44.1509518708842,-20.07445603389938,16.484453,-62.0,40.0,0.91531914,0.42315394,0.18903947,0.000473964,32
298,2018-11-30,-44.09573455509864,-20.104110925827623,1.5349952,-32.0,-32.0,0.9713802,0.24072301,0.20770803,0.00019924583,32
302,2018-11-30,-44.1509518708842,-20.07445603389938,14.124249,-64.0,40.0,0.9010573,0.46399283,0.19030711,0.00030566705,32
307,2018-11-30,-44.15558549178928,-20.073143870539724,14.923454,-60.0,36.0,0.94426954,0.33953795,0.21462357,0.0001921205,32
322,2018-11-30,-44.16150622961244,-20.065533323053717,13.860555,-58.0,32.0,0.9559043,0.30019727,0.20587029,0.00021429466,32
326,2018-11-30,-44.158417149009054,-20.066714270077405,15.035581,-60.0,28.0,0.92922074,0.38275728,0.21405818,0.00021434038,32
334,2018-11-30,-44.14824892535624,-20.08482212444067,15.969876,-64.0,36.0,0.9591197,0.28854805,0.20624818,0.00011566065,32
341,2018-11-30,-44.093417744646096,-20.094138484294238,-15.163411,-30.0,0.0,0.9271192,0.38806647,0.20293237,0.00020528595,32
342,2018-11-30,-44.09573455509864,-20.104110925827623,-2.2025,-28.0,-32.0,0.967172,0.2586741,0.21095438,0.00017666417,32
343,2018-11-30,-44.094704861564175,-20.094663349638097,-15.387402,-30.0,-12.0,0.9320163,0.37439924,0.20520887,0.00024680147,32
350,2018-11-30,-44.15494193333024,-20.07143805817217,14.637601,-60.0,32.0,0.9771433,0.21485306,0.2082436,0.000101412086,32
351,2018-11-30,-44.15365481641216,-20.083509961081013,14.886055,-62.0,40.0,0.99176425,0.12863493,0.1975397,0.00024892512,32
354,2018-11-30,-44.095219708331406,-20.10188024811621,0.05577782,-34.0,-40.0,0.85031635,0.56276417,0.19688289,0.0001462547,32
355,2018-11-30,-44.14721923182177,-20.07944225466608,17.152962,-62.0,40.0,0.9097379,0.4362786,0.20008743,0.0001692326,32
358,2018-11-30,-44.161892364687866,-20.076817927946763,12.999201,-60.0,40.0,0.97885114,0.2066355,0.2046915,0.00012147129,32
365,2018-11-30,-44.09483357325598,-20.095975512997757,-11.214877,-16.0,-16.0,0.87048537,0.5251366,0.2145026,0.00022786683,32
371,2018-11-30,-44.16150622961244,-20.065533323053717,14.151248,-58.0,36.0,0.96249855,0.27732918,0.21806788,0.00021408769,32
372,2018-11-30,-44.156615185323744,-20.07235657252393,16.642977,-60.0,40.0,0.98747224,0.15874347,0.22571152,0.00016332245,32
376,2018-11-30,-44.177981326163845,-20.065533323053717,11.758686,-64.0,40.0,0.98931545,0.14667082,0.2060611,0.0001226925,32
428,2018-11-30,-44.095348420023214,-20.099255921396896,5.362022,-34.0,-20.0,0.8599175,0.5520587,0.21099286,0.00021701,32
445,2018-11-30,-44.15030831242516,-20.084690908104704,13.785406,-62.0,40.0,0.9537714,0.31028697,0.19998807,0.00011961138,32
451,2018-11-30,-44.095348420023214,-20.09269510459861,13.096748,-50.0,-32.0,0.89500684,0.4699368,0.21193483,0.000103801125,32
452,2018-11-30,-44.1624072114551,-20.06658305374144,13.366576,-60.0,36.0,0.99999905,0.0013166264,0.18705474,0.00012239197,32
454,2018-11-30,-44.161892364687866,-20.07721157695466,13.171604,-60.0,40.0,0.98762494,0.15781839,0.21329112,0.000108521395,32
462,2018-11-30,-44.1492786188907,-20.083772393752945,6.9946513,-62.0,36.0,0.9009371,0.45448023,0.21690197,0.00015435196,32
468,2018-11-30,-44.16768439081922,-20.071831707180067,14.410076,-58.0,40.0,0.99912137,0.041926306,0.1979922,0.00025140448,32
469,2018-11-30,-44.156615185323744,-20.07235657252393,15.829488,-62.0,40.0,0.9884701,0.15216252,0.21888806,0.00014295946,32
475,2018-11-30,-44.16150622961244,-20.06684548641337,14.582521,-60.0,40.0,0.9333956,0.37320685,0.20200405,0.00019318266,32
480,2018-11-30,-44.09573455509864,-20.10437335849956,0.85827994,-30.0,-28.0,0.97603565,0.21994607,0.22386426,0.00023246644,32
489,2018-11-30,-44.15378352810397,-20.0854782061205,13.481405,-60.0,36.0,0.98614484,0.16707681,0.22113495,0.00015665224,32
498,2018-11-30,-44.16202107637967,-20.07760522596256,15.993299,-60.0,40.0,0.9739393,0.22963941,0.22176117,0.00018630472,32
515,2018-11-30,-44.177981326163845,-20.065533323053717,15.20203,-62.0,40.0,0.99098617,0.13457483,0.22828959,0.00014239682,32
517,2018-11-30,-44.16137751792064,-20.071044409164276,14.132026,-58.0,40.0,0.9873319,0.16011351,0.20574138,0.000113239825,32
518,2018-11-30,-44.16202107637967,-20.07760522596256,11.079655,-60.0,36.0,0.9819957,0.19045453,0.2204059,0.00024409748,32
520,2018-11-30,-44.14992217734974,-20.08692158581612,14.665275,-60.0,32.0,0.9329311,0.37142602,0.22161011,0.00016959709,32
533,2018-11-30,-44.093546456337904,-20.09361361895037,9.988113,-54.0,-36.0,0.92416435,0.39691073,0.22529994,0.00012681105,32
538,2018-11-30,-44.15468450994663,-20.07904860565818,9.713705,-60.0,40.0,0.9603823,0.28433818,0.2098461,7.573011e-05,32
547,2018-11-30,-44.1509518708842,-20.07432481756341,15.977052,-62.0,40.0,0.90768754,0.43956012,0.21304497,0.00048326713,32
551,2018-11-30,-44.09431872648875,-20.09361361895037,10.969043,-60.0,-40.0,0.9269395,0.38688326,0.22368047,8.363042e-05,32
573,2018-11-30,-44.09715038370853,-20.10437335849956,-0.68992984,-26.0,-40.0,0.981993,0.19041304,0.21994461,0.00020242653,32
591,2018-11-30,-44.09637811355768,-20.10476700750745,2.850799,-28.0,-28.0,0.88030064,0.50150853,0.24380408,0.00016093155,32
595,2018-11-30,-44.09277418618706,-20.09308875360651,8.59663,-60.0,-36.0,0.9506957,0.31798822,0.22435091,0.00015162292,32
597,2018-11-30,-44.094704861564175,-20.09361361895037,11.978937,-56.0,-40.0,0.9236856,0.39662957,0.221461,0.00016114896,32
617,2018-11-30,-44.095348420023214,-20.095581863989857,-16.072695,-28.0,-12.0,0.91071886,0.43331236,0.20454994,0.00030632524,32
621,2018-11-30,-44.095348420023214,-20.095581863989857,-17.3609,-30.0,-16.0,0.919275,0.40785578,0.221529,0.00037647443,32
631,2018-11-30,-44.150050889041545,-20.08574063879243,14.015874,-62.0,32.0,0.96217763,0.27867618,0.2173203,0.00012443759,32
632,2018-11-30,-44.158417149009054,-20.066714270077405,15.175928,-62.0,32.0,0.9420799,0.3442246,0.21013477,0.0001555898,32
639,2018-11-30,-44.14721923182177,-20.07944225466608,16.049887,-62.0,40.0,0.9141801,0.42269146,0.23625557,0.00014431524,32
642,2018-11-30,-44.093417744646096,-20.09361361895037,11.020661,-50.0,-32.0,0.95720506,0.29472056,0.22483774,0.00017313514,32
659,2018-11-30,-44.09316032126248,-20.093876051622303,-12.932479,-26.0,0.0,0.9202357,0.41621837,0.23191184,0.0004714754,32
666,2018-11-30,-44.09612069017406,-20.098599839717068,7.134066,-32.0,-20.0,0.8369649,0.59542996,0.22777635,0.00024879372,32
674,2018-11-30,-44.15803101393363,-20.068026433437065,12.182506,-60.0,40.0,0.9488301,0.32394177,0.21363357,0.00017669244,32
687,2018-11-30,-44.095348420023214,-20.095844296661788,-15.534249,-26.0,-12.0,0.9264778,0.39259818,0.2429174,0.0003334301,32
689,2018-11-30,-44.094704861564175,-20.102273897124107,2.1754477,-40.0,-24.0,0.8999888,0.45509607,0.22149613,0.00017279296,32
699,2018-11-30,-44.09277418618706,-20.092957537270543,16.876612,-60.0,-36.0,0.8248223,0.62379014,0.22112992,0.00010524349,32
704,2018-11-30,-44.16227849976329,-20.07301265420376,12.532492,-60.0,40.0,0.9730441,0.23360339,0.21389751,0.00015998124,32
738,2018-11-30,-44.16137751792064,-20.071044409164276,15.446126,-58.0,40.0,0.9537537,0.30705687,0.21450779,8.5356805e-05,32
743,2018-11-30,-44.095219708331406,-20.10292997880393,-1.2173945,-34.0,-32.0,0.963839,0.27309382,0.2487394,0.00023321668,32
748,2018-11-30,-44.1672982557438,-20.073799952219552,14.422583,-60.0,40.0,0.9394868,0.35379896,0.2385987,0.00016835134,32
749,2018-11-30,-44.15970426592713,-20.064614808701958,15.909514,-60.0,36.0,0.9923783,0.1236501,0.23288263,0.00010213836,32
753,2018-11-30,-44.09444743818056,-20.09453213330213,-13.73591,-30.0,4.0,0.93633944,0.3616963,0.24223724,0.0002814164,32
772,2018-11-30,-44.093546456337904,-20.094400916966165,-10.558307,-26.0,12.0,0.9233013,0.3976936,0.23818585,0.00025641994,32
778,2018-11-30,-44.14824892535624,-20.084690908104704,13.999565,-64.0,40.0,0.993268,0.11620175,0.217038,0.000119338845,32
781,2018-11-30,-44.09277418618706,-20.092957537270543,15.3602495,-64.0,-40.0,0.9240293,0.3957767,0.23231132,0.00016137642,32
785,2018-11-30,-44.15648647363194,-20.07655549527483,14.463798,-58.0,32.0,0.947436,0.32984012,0.24211547,8.705073e-05,32
795,2018-11-30,-44.09740780709214,-20.10463579117149,-0.5242865,-30.0,-40.0,0.8850024,0.53440773,0.22723202,0.0001532011,32
800,2018-11-30,-44.1674269674356,-20.07432481756341,12.318664,-60.0,40.0,0.99912155,0.04192622,0.23580386,0.00012518003,32
809,2018-11-30,-44.16163494130425,-20.076817927946763,12.257045,-60.0,40.0,0.9765173,0.21793333,0.2365612,0.00012580244,32
810,2018-11-30,-44.15906070746809,-20.06566453938968,11.690113,-64.0,40.0,0.9807913,0.19675484,0.22297284,0.00012886837,32
812,2018-11-30,-44.09612069017406,-20.10463579117149,0.51100767,-32.0,-28.0,0.9810543,0.19555587,0.24058457,0.00018460231,32
815,2018-11-30,-44.09290289787887,-20.09361361895037,6.0006514,-34.0,-32.0,0.9477484,0.3269546,0.24155085,0.00027799365,32
817,2018-11-30,-44.15326868133674,-20.081935365049425,12.388122,-60.0,40.0,0.97455287,0.22695863,0.23753211,0.00013418394,32
819,2018-11-30,-44.15391223979578,-20.07025711114848,15.87092,-58.0,40.0,0.96879125,0.251771,0.22422275,0.00012923428,32
826,2018-11-30,-44.09573455509864,-20.100436868420587,2.5375886,-40.0,-32.0,0.85571986,0.5583373,0.24542302,0.00029766848,32
839,2018-11-30,-44.1541696631794,-20.07983590367397,14.13816,-60.0,40.0,0.9838538,0.18029623,0.23935002,0.00027133914,32
842,2018-11-30,-44.161892364687866,-20.07708036061869,12.771648,-62.0,36.0,0.98912096,0.14776096,0.22787876,9.263296e-05,32
843,2018-11-30,-44.09715038370853,-20.098731056053037,6.7029204,-42.0,-16.0,0.8399253,0.5894708,0.22958055,0.00012341807,32
849,2018-11-30,-44.09689296032491,-20.098862272389,10.438254,-40.0,-16.0,0.8082655,0.64302075,0.23864205,0.00013250821,32
878,2018-11-30,-44.15532806840567,-20.07944225466608,15.676252,-60.0,40.0,0.98164153,0.19241036,0.24028865,0.00024076854,32
879,2018-11-30,-44.15172414103505,-20.083772393752945,14.290977,-62.0,40.0,0.94224805,0.34635422,0.23466736,0.00017846754,32
881,2018-11-30,-44.09727909540033,-20.098731056053037,5.927207,-40.0,-16.0,0.8462761,0.57560474,0.22890337,7.089602e-05,32
902,2018-11-30,-44.09135835757717,-20.090201994215263,13.06102,-54.0,-32.0,0.9236139,0.3990633,0.23943725,0.00012808619,32
917,2018-11-30,-44.0917444926526,-20.09164537391089,15.644858,-66.0,-28.0,0.8399489,0.58606946,0.23359168,6.524553e-05,32
922,2018-11-30,-44.095863266790445,-20.09702524368548,7.0425005,-32.0,-16.0,0.8334973,0.6023138,0.22462654,0.00019463511,32
953,2018-11-30,-44.09715038370853,-20.098862272389,8.83917,-42.0,-12.0,0.81594616,0.6319421,0.22483456,0.00016212075,32
988,2018-11-30,-44.1591894191599,-20.06592697206161,10.683531,-64.0,36.0,0.9466307,0.33186823,0.23593827,9.492854e-05,32
991,2018-11-30,-44.1575161671664,-20.08482212444067,13.363751,-60.0,40.0,0.9994936,0.03182455,0.23950803,0.00027012592,32
1001,2018-11-30,-44.161892364687866,-20.076817927946763,13.64594,-64.0,32.0,0.96615434,0.26191953,0.23441048,8.023096e-05,32
1002,2018-11-30,-44.09444743818056,-20.09492578231003,-18.676975,-34.0,-32.0,1.0,0.00039513933,0.22878867,0.00025367626,32
1010,2018-11-30,-44.15365481641216,-20.083509961081013,14.915726,-62.0,40.0,0.99335134,0.11545927,0.23778822,0.00019389139,32
1020,2018-11-30,-44.16292205822233,-20.072094139852,14.830126,-60.0,40.0,0.91512394,0.41756633,0.24028625,0.0001782693,32
1034,2018-11-30,-44.16202107637967,-20.07721157695466,15.771208,-60.0,40.0,0.981273,0.1944176,0.24814238,0.00010865971,32
1040,2018-11-30,-44.161892364687866,-20.07721157695466,14.767618,-60.0,40.0,0.96591824,0.26365894,0.2468073,0.00010343269,32
1050,2018-11-30,-44.09457614987237,-20.102405113460076,0.6949939,-38.0,-36.0,0.93953866,0.35215226,0.24512702,0.00030498733,32
1070,2018-11-30,-44.1575161671664,-20.08482212444067,12.229299,-60.0,36.0,0.96219236,0.28010356,0.23884472,0.00017387042,32
1072,2018-11-30,-44.0917444926526,-20.09164537391089,16.547863,-64.0,-36.0,0.91248626,0.42968604,0.23979232,7.8801335e-05,32
1076,2018-11-30,-44.15880328408448,-20.06592697206161,15.606195,-60.0,40.0,0.93656856,0.36525702,0.23667216,7.3392395e-05,32
1079,2018-11-30,-44.15391223979578,-20.07025711114848,16.144184,-60.0,40.0,0.9695847,0.24850449,0.24799877,9.992429e-05,32
1091,2018-11-30,-44.158417149009054,-20.0850845571126,13.732685,-58.0,36.0,0.8887288,0.4815745,0.24550791,0.00012143039,32
1092,2018-11-30,-44.1509518708842,-20.07432481756341,7.0831404,-64.0,40.0,0.87775964,0.53542435,0.2352003,0.00030330935,32
1099,2018-11-30,-44.093546456337904,-20.09361361895037,12.987533,-52.0,-36.0,0.8961929,0.46807668,0.23183072,0.00010412827,32
1102,2018-11-30,-44.16292205822233,-20.072094139852,14.552289,-60.0,40.0,0.91454065,0.42063314,0.23443252,0.00013330363,32
1108,2018-11-30,-44.14734794351358,-20.07878617298625,16.669876,-60.0,40.0,0.99970615,0.02424301,0.23583807,8.263391e-05,32
1117,2018-11-30,-44.16768439081922,-20.071831707180067,13.197021,-58.0,36.0,0.981466,0.19336696,0.22862582,0.0001814576,32
1127,2018-11-30,-44.09264547449525,-20.09308875360651,7.1119637,-62.0,-40.0,0.8971481,0.47378388,0.23896502,0.00011133063,32
1146,2018-11-30,-44.16034782438617,-20.068813731452856,14.851153,-56.0,40.0,0.9864666,0.1649596,0.24976282,0.00036398857,32
1153,2018-11-30,-44.150050889041545,-20.0858718551284,13.926642,-62.0,36.0,0.99220043,0.1250837,0.2397805,0.00020716414,32
1155,2018-11-30,-44.09444743818056,-20.102011464452172,1.739831,-34.0,-40.0,0.92435986,0.39511356,0.23405898,0.00023943702,32
1159,2018-11-30,-44.093546456337904,-20.09400726795827,-13.504647,-28.0,0.0,0.9480586,0.3266401,0.24105251,0.00034425358,32
1163,2018-11-30,-44.09766523047576,-20.105029440179383,1.6572335,-28.0,-40.0,0.9311042,0.37839893,0.24166062,0.0001920892,32
1174,2018-11-30,-44.095219708331406,-20.102011464452172,-2.047992,-36.0,-40.0,0.9113488,0.42841828,0.24216647,0.00012990848,32
1181,2018-11-30,-44.09161578096079,-20.093219969942474,-13.794785,-28.0,-8.0,0.8859077,0.49635297,0.23633368,0.00021885987,32
1189,2018-11-30,-44.09715038370853,-20.098731056053037,9.564139,-42.0,-16.0,0.8359385,0.6007249,0.24258535,0.00012660914,32
1191,2018-11-30,-44.095219708331406,-20.095844296661788,-15.420272,-28.0,-12.0,0.8651284,0.5359111,0.24847127,0.00020080352,32
1197,2018-11-30,-44.16214978807148,-20.07616184626693,14.706328,-60.0,40.0,0.9665673,0.26143262,0.24416661,0.00011817686,32
1204,2018-11-30,-44.093546456337904,-20.094400916966165,-13.155814,-26.0,0.0,0.93913746,0.35383812,0.24792047,0.0003644777,32
1217,2018-11-30,-44.16202107637967,-20.074718466571312,15.415681,-58.0,40.0,0.9690986,0.2505538,0.24575986,9.5118936e-05,32
1231,2018-11-30,-44.14992217734974,-20.08692158581612,16.024128,-60.0,32.0,0.9371452,0.3654364,0.24572617,0.00011899009,32
1247,2018-11-30,-44.094704861564175,-20.094663349638097,-14.577198,-30.0,-12.0,0.9238721,0.39515322,0.2348293,0.00022071703,32
1251,2018-11-30,-44.09251676280344,-20.093219969942474,11.37576,-48.0,-36.0,0.89386845,0.4703759,0.24224225,0.00015514281,32
1256,2018-11-30,-44.09483357325598,-20.093219969942474,13.056093,-52.0,-40.0,0.86129993,0.54238904,0.24783906,0.0001059604,32
1259,2018-11-30,-44.16227849976329,-20.072881437867792,13.901346,-60.0,40.0,0.9829678,0.18534474,0.24443871,0.00014352797,32
1260,2018-11-30,-44.15481322163844,-20.071044409164276,14.862975,-60.0,32.0,0.9734008,0.23258153,0.23211527,0.00010914595,32
1289,2018-11-30,-44.1541696631794,-20.07983590367397,14.418734,-60.0,40.0,0.9900696,0.14119089,0.24933314,0.00012980548,32
1290,2018-11-30,-44.095219708331406,-20.095319431317925,-15.757742,-28.0,-4.0,0.9366193,0.3611681,0.23686811,0.0001664893,32
1291,2018-11-30,-44.094704861564175,-20.09361361895037,10.758904,-54.0,-40.0,0.8996914,0.4565308,0.2475767,0.00012423437,32
1292,2018-11-30,-44.09303160957067,-20.09335118627844,13.90937,-52.0,-36.0,0.9403788,0.35013777,0.23605238,0.00015071555,32
1305,2018-11-30,-44.09715038370853,-20.098862272389,8.260127,-42.0,-8.0,0.83434314,0.59625983,0.23497155,0.00011737869,32
1313,2018-11-30,-44.1558429151729,-20.07340630321165,14.964094,-60.0,40.0,0.9211648,0.4038228,0.23622842,0.00013031399,32
1329,2018-11-30,-44.1509518708842,-20.07445603389938,15.949528,-62.0,40.0,0.91050994,0.4318001,0.2425376,0.00029912443,32
25,2018-12-12,-44.177981326163845,-20.065402106717748,13.814085,-62.0,36.0,0.9934322,0.114803776,0.12596866,0.00017885656,32
36,2018-12-12,-44.161892364687866,-20.07708036061869,12.486596,-62.0,40.0,0.9895274,0.14510763,0.16019304,0.00016061729,32
49,2018-12-12,-44.158288437317246,-20.066320621069508,13.861453,-60.0,36.0,0.9677011,0.25603223,0.16889001,0.00021117146,32
51,2018-12-12,-44.1575161671664,-20.08482212444067,15.2806015,-60.0,40.0,0.99133533,0.13187632,0.15246536,0.00031897012,32
55,2018-12-12,-44.15597162686471,-20.07904860565818,16.286026,-58.0,40.0,0.99169916,0.12906517,0.17269787,0.00030624378,32
58,2018-12-12,-44.1591894191599,-20.06592697206161,11.758411,-64.0,40.0,0.9866735,0.1637098,0.16357863,0.00016910466,32
60,2018-12-12,-44.158417149009054,-20.066714270077405,16.10416,-60.0,32.0,0.9606683,0.28429142,0.16295098,0.00027915908,32
70,2018-12-12,-44.15558549178928,-20.073143870539724,14.579254,-58.0,40.0,0.98207843,0.1903084,0.16551217,0.00015617402,32
72,2018-12-12,-44.161892364687866,-20.076817927946763,12.729123,-60.0,40.0,0.98664135,0.16406055,0.17289028,0.00018321899,32
77,2018-12-12,-44.15558549178928,-20.073143870539724,12.847885,-60.0,40.0,0.9936751,0.11267752,0.17115304,0.0002308823,32
78,2018-12-12,-44.16176365299606,-20.07708036061869,13.951269,-62.0,40.0,0.98854494,0.15176974,0.17172363,0.0001721688,32
79,2018-12-12,-44.177981326163845,-20.065533323053717,13.476592,-62.0,36.0,0.9964764,0.08401511,0.16623512,0.00018862613,32
86,2018-12-12,-44.157130032090976,-20.07235657252393,15.707293,-60.0,36.0,0.99061596,0.13728343,0.15821503,0.00026863083,32
87,2018-12-12,-44.15365481641216,-20.08364117741698,13.85582,-62.0,40.0,0.9950991,0.0991742,0.17583664,0.00029401673,32
92,2018-12-12,-44.15365481641216,-20.08364117741698,13.854748,-62.0,40.0,0.99385124,0.11107637,0.1650057,0.00031562397,32
101,2018-12-12,-44.157130032090976,-20.07235657252393,15.69222,-60.0,36.0,0.98830754,0.15364271,0.16259168,0.0002030594,32
102,2018-12-12,-44.1575161671664,-20.08482212444067,13.67323,-60.0,36.0,0.9933006,0.11592739,0.16052273,0.0002825142,32
106,2018-12-12,-44.158288437317246,-20.066320621069508,15.56562,-60.0,40.0,0.96672195,0.260466,0.17711703,0.00022746764,32
107,2018-12-12,-44.150050889041545,-20.0858718551284,13.30016,-62.0,32.0,0.9972439,0.07430704,0.17113066,0.00025208955,32
108,2018-12-12,-44.095348420023214,-20.095581863989857,-13.841161,-26.0,-4.0,0.9112881,0.43588206,0.17609175,0.00035253962,32
109,2018-12-12,-44.15815972562544,-20.068026433437065,15.913537,-60.0,40.0,0.92887574,0.38277623,0.18616179,0.00031713524,32
111,2018-12-12,-44.15558549178928,-20.073143870539724,13.49361,-58.0,40.0,0.9956475,0.093374655,0.16038811,0.00014709214,32
116,2018-12-12,-44.15597162686471,-20.07904860565818,15.901274,-60.0,40.0,0.98307085,0.18469657,0.19299243,0.00018906631,32
120,2018-12-12,-44.15442708656301,-20.0717004908441,13.298651,-60.0,40.0,0.98103976,0.19561706,0.18038051,0.0002138021,32
122,2018-12-12,-44.177981326163845,-20.065402106717748,14.616909,-62.0,36.0,0.9920553,0.12631515,0.16516092,0.00013893403,32
124,2018-12-12,-44.16768439081922,-20.071831707180067,13.484254,-58.0,40.0,0.9844347,0.17712511,0.16961817,0.00019569618,32
125,2018-12-12,-44.09316032126248,-20.103192411475867,1.1196555,-30.0,-28.0,0.9221537,0.4055343,0.18537693,0.00026284982,32
135,2018-12-12,-44.1575161671664,-20.08482212444067,14.922539,-60.0,40.0,0.9926844,0.12122337,0.17335667,0.00032299763,32
166,2018-12-12,-44.16227849976329,-20.07301265420376,14.353713,-60.0,40.0,0.9948693,0.10141454,0.17611928,0.0002781563,32
169,2018-12-12,-44.15906070746809,-20.06592697206161,11.439691,-62.0,36.0,0.96458185,0.26856968,0.1896261,7.7959645e-05,32
183,2018-12-12,-44.161892364687866,-20.07721157695466,13.718858,-60.0,40.0,0.98572654,0.16954353,0.20472775,0.00016644613,32
184,2018-12-12,-44.14914990719889,-20.083509961081013,15.243046,-62.0,24.0,0.92275953,0.39962417,0.18632154,0.00019650752,32
192,2018-12-12,-44.15558549178928,-20.073143870539724,14.725071,-58.0,36.0,0.96856844,0.2538515,0.20102504,0.00022607588,32
208,2018-12-12,-44.09547713171502,-20.096631594677586,15.50413,-16.0,-28.0,0.8838611,0.4968438,0.19951294,0.00028506762,32
209,2018-12-12,-44.09573455509864,-20.104242142163592,-0.33423126,-30.0,-32.0,0.99192834,0.12720996,0.20155519,0.00028709535,32
211,2018-12-12,-44.14824892535624,-20.08482212444067,14.417106,-62.0,36.0,0.97233886,0.23678724,0.1985304,0.00017741922,32
227,2018-12-12,-44.15172414103505,-20.083772393752945,13.9961195,-62.0,40.0,0.9442581,0.34013498,0.17343715,0.00015305412,32
230,2018-12-12,-44.1558429151729,-20.078654956650283,15.700932,-58.0,40.0,0.99377,0.11183355,0.20406978,0.00019458176,32
234,2018-12-12,-44.09496228494779,-20.095319431317925,-16.588129,-30.0,-20.0,0.933926,0.3708147,0.21000704,0.00035274707,32
235,2018-12-12,-44.1672982557438,-20.07393116855552,15.409507,-60.0,40.0,0.94888365,0.32600248,0.19429739,0.00019437468,32
250,2018-12-12,-44.1558429151729,-20.071831707180067,12.142852,-58.0,36.0,0.9687802,0.25208294,0.20764968,0.00012654542,32
262,2018-12-12,-44.15558549178928,-20.073143870539724,13.057307,-60.0,40.0,0.9888833,0.14947388,0.214402,0.00019721958,32
279,2018-12-12,-44.15378352810397,-20.08390361008891,14.125182,-62.0,40.0,0.9593733,0.28800502,0.1987492,0.00014123438,32
292,2018-12-12,-44.09277418618706,-20.09308875360651,11.028498,-62.0,-40.0,0.94386774,0.3385104,0.2108965,0.00015072811,32
294,2018-12-12,-44.150050889041545,-20.0858718551284,12.541188,-62.0,40.0,0.99573416,0.09243322,0.20145847,0.00022659368,32
297,2018-12-12,-44.1509518708842,-20.07445603389938,16.825712,-62.0,40.0,0.91531914,0.42315394,0.18903947,0.000473964,32
298,2018-12-12,-44.09573455509864,-20.104110925827623,1.5349952,-32.0,-32.0,0.9713802,0.24072301,0.20770803,0.00019924583,32
302,2018-12-12,-44.1509518708842,-20.07445603389938,12.211435,-64.0,40.0,0.9010573,0.46399283,0.19030711,0.00030566705,32
307,2018-12-12,-44.15558549178928,-20.073143870539724,13.95019,-60.0,36.0,0.94426954,0.33953795,0.21462357,0.0001921205,32
322,2018-12-12,-44.16150622961244,-20.065533323053717,13.981247,-58.0,32.0,0.9559043,0.30019727,0.20587029,0.00021429466,32
326,2018-12-12,-44.158417149009054,-20.066714270077405,15.155772,-60.0,28.0,0.92922074,0.38275728,0.21405818,0.00021434038,32
334,2018-12-12,-44.14824892535624,-20.08482212444067,15.914576,-64.0,36.0,0.9591197,0.28854805,0.20624818,0.00011566065,32
341,2018-12-12,-44.093417744646096,-20.094138484294238,-15.163411,-30.0,0.0,0.9271192,0.38806647,0.20293237,0.00020528595,32
342,2018-12-12,-44.09573455509864,-20.104110925827623,-2.2025,-28.0,-32.0,0.967172,0.2586741,0.21095438,0.00017666417,32
343,2018-12-12,-44.094704861564175,-20.094663349638097,-15.387402,-30.0,-12.0,0.9320163,0.37439924,0.20520887,0.00024680147,32
350,2018-12-12,-44.15494193333024,-20.07143805817217,15.56029,-60.0,32.0,0.9771433,0.21485306,0.2082436,0.000101412086,32
351,2018-12-12,-44.15365481641216,-20.083509961081013,14.144967,-62.0,40.0,0.99176425,0.12863493,0.1975397,0.00024892512,32
354,2018-12-12,-44.095219708331406,-20.10188024811621,-0.023493681,-34.0,-40.0,0.85031635,0.56276417,0.19688289,0.0001462547,32
355,2018-12-12,-44.14721923182177,-20.07944225466608,16.793053,-62.0,40.0,0.9097379,0.4362786,0.20008743,0.0001692326,32
358,2018-12-12,-44.161892364687866,-20.076817927946763,13.624689,-60.0,40.0,0.97885114,0.2066355,0.2046915,0.00012147129,32
365,2018-12-12,-44.09483357325598,-20.095975512997757,-11.084055,-16.0,-16.0,0.87048537,0.5251366,0.2145026,0.00022786683,32
371,2018-12-12,-44.16150622961244,-20.065533323053717,15.158641,-58.0,36.0,0.96249855,0.27732918,0.21806788,0.00021408769,32
372,2018-12-12,-44.156615185323744,-20.07235657252393,15.869775,-60.0,40.0,0.98747224,0.15874347,0.22571152,0.00016332245,32
376,2018-12-12,-44.177981326163845,-20.065533323053717,12.127457,-64.0,40.0,0.98931545,0.14667082,0.2060611,0.0001226925,32
428,2018-12-12,-44.095348420023214,-20.099255921396896,7.958697,-34.0,-20.0,0.8599175,0.5520587,0.21099286,0.00021701,32
445,2018-12-12,-44.15030831242516,-20.084690908104704,12.410576,-62.0,40.0,0.9537714,0.31028697,0.19998807,0.00011961138,32
451,2018-12-12,-44.095348420023214,-20.09269510459861,15.077664,-50.0,-32.0,0.89500684,0.4699368,0.21193483,0.000103801125,32
452,2018-12-12,-44.1624072114551,-20.06658305374144,13.038303,-60.0,36.0,0.99999905,0.0013166264,0.18705474,0.00012239197,32
454,2018-12-12,-44.161892364687866,-20.07721157695466,13.758657,-60.0,40.0,0.98762494,0.15781839,0.21329112,0.000108521395,32
462,2018-12-12,-44.1492786188907,-20.083772393752945,7.6258388,-62.0,36.0,0.9009371,0.45448023,0.21690197,0.00015435196,32
468,2018-12-12,-44.16768439081922,-20.071831707180067,14.230816,-58.0,40.0,0.99912137,0.041926306,0.1979922,0.00025140448,32
469,2018-12-12,-44.156615185323744,-20.07235657252393,16.029776,-62.0,40.0,0.9884701,0.15216252,0.21888806,0.00014295946,32
475,2018-12-12,-44.16150622961244,-20.06684548641337,12.477161,-60.0,40.0,0.9333956,0.37320685,0.20200405,0.00019318266,32
480,2018-12-12,-44.09573455509864,-20.10437335849956,0.85827994,-30.0,-28.0,0.97603565,0.21994607,0.22386426,0.00023246644,32
489,2018-12-12,-44.15378352810397,-20.0854782061205,12.995196,-60.0,36.0,0.98614484,0.16707681,0.22113495,0.00015665224,32
498,2018-12-12,-44.16202107637967,-20.07760522596256,16.03555,-60.0,40.0,0.9739393,0.22963941,0.22176117,0.00018630472,32
515,2018-12-12,-44.177981326163845,-20.065533323053717,14.742058,-62.0,40.0,0.99098617,0.13457483,0.22828959,0.00014239682,32
517,2018-12-12,-44.16137751792064,-20.071044409164276,14.377957,-58.0,40.0,0.9873319,0.16011351,0.20574138,0.000113239825,32
518,2018-12-12,-44.16202107637967,-20.07760522596256,11.568306,-60.0,36.0,0.9819957,0.19045453,0.2204059,0.00024409748,32
520,2018-12-12,-44.14992217734974,-20.08692158581612,15.013763,-60.0,32.0,0.9329311,0.37142602,0.22161011,0.00016959709,32
533,2018-12-12,-44.093546456337904,-20.09361361895037,11.938736,-54.0,-36.0,0.92416435,0.39691073,0.22529994,0.00012681105,32
538,2018-12-12,-44.15468450994663,-20.07904860565818,10.276229,-60.0,40.0,0.9603823,0.28433818,0.2098461,7.573011e-05,32
547,2018-12-12,-44.1509518708842,-20.07432481756341,16.023981,-62.0,40.0,0.90768754,0.43956012,0.21304497,0.00048326713,32
551,2018-12-12,-44.09431872648875,-20.09361361895037,11.956622,-60.0,-40.0,0.9269395,0.38688326,0.22368047,8.363042e-05,32
573,2018-12-12,-44.09715038370853,-20.10437335849956,-0.7784838,-26.0,-40.0,0.981993,0.19041304,0.21994461,0.00020242653,32
591,2018-12-12,-44.09637811355768,-20.10476700750745,1.4374307,-28.0,-28.0,0.88030064,0.50150853,0.24380408,0.00016093155,32
595,2018-12-12,-44.09277418618706,-20.09308875360651,9.653815,-60.0,-36.0,0.9506957,0.31798822,0.22435091,0.00015162292,32
597,2018-12-12,-44.094704861564175,-20.09361361895037,13.188421,-56.0,-40.0,0.9236856,0.39662957,0.221461,0.00016114896,32
617,2018-12-12,-44.095348420023214,-20.095581863989857,-16.479445,-28.0,-12.0,0.91071886,0.43331236,0.20454994,0.00030632524,32
621,2018-12-12,-44.095348420023214,-20.095581863989857,-17.923916,-30.0,-16.0,0.919275,0.40785578,0.221529,0.00037647443,32
631,2018-12-12,-44.150050889041545,-20.08574063879243,11.46008,-62.0,32.0,0.96217763,0.27867618,0.2173203,0.00012443759,32
632,2018-12-12,-44.158417149009054,-20.066714270077405,16.689487,-62.0,32.0,0.9420799,0.3442246,0.21013477,0.0001555898,32
639,2018-12-12,-44.14721923182177,-20.07944225466608,16.132309,-62.0,40.0,0.9141801,0.42269146,0.23625557,0.00014431524,32
642,2018-12-12,-44.093417744646096,-20.09361361895037,12.690983,-50.0,-32.0,0.95720506,0.29472056,0.22483774,0.00017313514,32
659,2018-12-12,-44.09316032126248,-20.093876051622303,-12.932479,-26.0,0.0,0.9202357,0.41621837,0.23191184,0.0004714754,32
666,2018-12-12,-44.09612069017406,-20.098599839717068,7.492333,-32.0,-20.0,0.8369649,0.59542996,0.22777635,0.00024879372,32
674,2018-12-12,-44.15803101393363,-20.068026433437065,15.158774,-60.0,40.0,0.9488301,0.32394177,0.21363357,0.00017669244,32
687,2018-12-12,-44.095348420023214,-20.095844296661788,-15.823201,-26.0,-12.0,0.9264778,0.39259818,0.2429174,0.0003334301,32
689,2018-12-12,-44.094704861564175,-20.102273897124107,2.1754477,-40.0,-24.0,0.8999888,0.45509607,0.22149613,0.00017279296,32
699,2018-12-12,-44.09277418618706,-20.092957537270543,16.49454,-60.0,-36.0,0.8248223,0.62379014,0.22112992,0.00010524349,32
704,2018-12-12,-44.16227849976329,-20.07301265420376,14.172872,-60.0,40.0,0.9730441,0.23360339,0.21389751,0.00015998124,32
738,2018-12-12,-44.16137751792064,-20.071044409164276,16.023857,-58.0,40.0,0.9537537,0.30705687,0.21450779,8.5356805e-05,32
743,2018-12-12,-44.095219708331406,-20.10292997880393,-1.2173945,-34.0,-32.0,0.963839,0.27309382,0.2487394,0.00023321668,32
748,2018-12-12,-44.1672982557438,-20.073799952219552,13.6924305,-60.0,40.0,0.9394868,0.35379896,0.2385987,0.00016835134,32
749,2018-12-12,-44.15970426592713,-20.064614808701958,15.036427,-60.0,36.0,0.9923783,0.1236501,0.23288263,0.00010213836,32
753,2018-12-12,-44.09444743818056,-20.09453213330213,-13.73591,-30.0,4.0,0.93633944,0.3616963,0.24223724,0.0002814164,32
772,2018-12-12,-44.093546456337904,-20.094400916966165,-10.558307,-26.0,12.0,0.9233013,0.3976936,0.23818585,0.00025641994,32
778,2018-12-12,-44.14824892535624,-20.084690908104704,13.697861,-64.0,40.0,0.993268,0.11620175,0.217038,0.000119338845,32
781,2018-12-12,-44.09277418618706,-20.092957537270543,17.454916,-64.0,-40.0,0.9240293,0.3957767,0.23231132,0.00016137642,32
785,2018-12-12,-44.15648647363194,-20.07655549527483,14.332481,-58.0,32.0,0.947436,0.32984012,0.24211547,8.705073e-05,32
795,2018-12-12,-44.09740780709214,-20.10463579117149,-1.217895,-30.0,-40.0,0.8850024,0.53440773,0.22723202,0.0001532011,32
800,2018-12-12,-44.1674269674356,-20.07432481756341,12.262682,-60.0,40.0,0.99912155,0.04192622,0.23580386,0.00012518003,32
809,2018-12-12,-44.16163494130425,-20.076817927946763,13.267727,-60.0,40.0,0.9765173,0.21793333,0.2365612,0.00012580244,32
810,2018-12-12,-44.15906070746809,-20.06566453938968,11.278003,-64.0,40.0,0.9807913,0.19675484,0.22297284,0.00012886837,32
812,2018-12-12,-44.09612069017406,-20.10463579117149,0.51100767,-32.0,-28.0,0.9810543,0.19555587,0.24058457,0.00018460231,32
815,2018-12-12,-44.09290289787887,-20.09361361895037,6.0006514,-34.0,-32.0,0.9477484,0.3269546,0.24155085,0.00027799365,32
817,2018-12-12,-44.15326868133674,-20.081935365049425,13.662901,-60.0,40.0,0.97455287,0.22695863,0.23753211,0.00013418394,32
819,2018-12-12,-44.15391223979578,-20.07025711114848,13.33826,-58.0,40.0,0.96879125,0.251771,0.22422275,0.00012923428,32
826,2018-12-12,-44.09573455509864,-20.100436868420587,3.3457963,-40.0,-32.0,0.85571986,0.5583373,0.24542302,0.00029766848,32
839,2018-12-12,-44.1541696631794,-20.07983590367397,15.532552,-60.0,40.0,0.9838538,0.18029623,0.23935002,0.00027133914,32
842,2018-12-12,-44.161892364687866,-20.07708036061869,14.69107,-62.0,36.0,0.98912096,0.14776096,0.22787876,9.263296e-05,32
843,2018-12-12,-44.09715038370853,-20.098731056053037,6.7029204,-42.0,-16.0,0.8399253,0.5894708,0.22958055,0.00012341807,32
849,2018-12-12,-44.09689296032491,-20.098862272389,11.634189,-40.0,-16.0,0.8082655,0.64302075,0.23864205,0.00013250821,32
878,2018-12-12,-44.15532806840567,-20.07944225466608,14.802938,-60.0,40.0,0.98164153,0.19241036,0.24028865,0.00024076854,32
879,2018-12-12,-44.15172414103505,-20.083772393752945,13.99401,-62.0,40.0,0.94224805,0.34635422,0.23466736,0.00017846754,32
881,2018-12-12,-44.09727909540033,-20.098731056053037,5.927207,-40.0,-16.0,0.8462761,0.57560474,0.22890337,7.089602e-05,32
902,2018-12-12,-44.09135835757717,-20.090201994215263,14.597417,-54.0,-32.0,0.9236139,0.3990633,0.23943725,0.00012808619,32
917,2018-12-12,-44.0917444926526,-20.09164537391089,18.003008,-66.0,-28.0,0.8399489,0.58606946,0.23359168,6.524553e-05,32
922,2018-12-12,-44.095863266790445,-20.09702524368548,7.807381,-32.0,-16.0,0.8334973,0.6023138,0.22462654,0.00019463511,32
953,2018-12-12,-44.09715038370853,-20.098862272389,10.16025,-42.0,-12.0,0.81594616,0.6319421,0.22483456,0.00016212075,32
988,2018-12-12,-44.1591894191599,-20.06592697206161,10.496552,-64.0,36.0,0.9466307,0.33186823,0.23593827,9.492854e-05,32
991,2018-12-12,-44.1575161671664,-20.08482212444067,13.083098,-60.0,40.0,0.9994936,0.03182455,0.23950803,0.00027012592,32
1001,2018-12-12,-44.161892364687866,-20.076817927946763,14.698337,-64.0,32.0,0.96615434,0.26191953,0.23441048,8.023096e-05,32
1002,2018-12-12,-44.09444743818056,-20.09492578231003,-18.676975,-34.0,-32.0,1.0,0.00039513933,0.22878867,0.00025367626,32
1010,2018-12-12,-44.15365481641216,-20.083509961081013,14.396589,-62.0,40.0,0.99335134,0.11545927,0.23778822,0.00019389139,32
1020,2018-12-12,-44.16292205822233,-20.072094139852,14.517001,-60.0,40.0,0.91512394,0.41756633,0.24028625,0.0001782693,32
1034,2018-12-12,-44.16202107637967,-20.07721157695466,14.338028,-60.0,40.0,0.981273,0.1944176,0.24814238,0.00010865971,32
1040,2018-12-12,-44.161892364687866,-20.07721157695466,13.69691,-60.0,40.0,0.96591824,0.26365894,0.2468073,0.00010343269,32
1050,2018-12-12,-44.09457614987237,-20.102405113460076,0.6949939,-38.0,-36.0,0.93953866,0.35215226,0.24512702,0.00030498733,32
1070,2018-12-12,-44.1575161671664,-20.08482212444067,12.648292,-60.0,36.0,0.96219236,0.28010356,0.23884472,0.00017387042,32
1072,2018-12-12,-44.0917444926526,-20.09164537391089,18.83847,-64.0,-36.0,0.91248626,0.42968604,0.23979232,7.8801335e-05,32
1076,2018-12-12,-44.15880328408448,-20.06592697206161,15.795183,-60.0,40.0,0.93656856,0.36525702,0.23667216,7.3392395e-05,32
1079,2018-12-12,-44.15391223979578,-20.07025711114848,14.838694,-60.0,40.0,0.9695847,0.24850449,0.24799877,9.992429e-05,32
1091,2018-12-12,-44.158417149009054,-20.0850845571126,12.988586,-58.0,36.0,0.8887288,0.4815745,0.24550791,0.00012143039,32
1092,2018-12-12,-44.1509518708842,-20.07432481756341,7.752943,-64.0,40.0,0.87775964,0.53542435,0.2352003,0.00030330935,32
1099,2018-12-12,-44.093546456337904,-20.09361361895037,14.18469,-52.0,-36.0,0.8961929,0.46807668,0.23183072,0.00010412827,32
1102,2018-12-12,-44.16292205822233,-20.072094139852,14.587177,-60.0,40.0,0.91454065,0.42063314,0.23443252,0.00013330363,32
1108,2018-12-12,-44.14734794351358,-20.07878617298625,16.388973,-60.0,40.0,0.99970615,0.02424301,0.23583807,8.263391e-05,32
1117,2018-12-12,-44.16768439081922,-20.071831707180067,10.971247,-58.0,36.0,0.981466,0.19336696,0.22862582,0.0001814576,32
1127,2018-12-12,-44.09264547449525,-20.09308875360651,7.5041976,-62.0,-40.0,0.8971481,0.47378388,0.23896502,0.00011133063,32
1146,2018-12-12,-44.16034782438617,-20.068813731452856,13.763236,-56.0,40.0,0.9864666,0.1649596,0.24976282,0.00036398857,32
1153,2018-12-12,-44.150050889041545,-20.0858718551284,14.271149,-62.0,36.0,0.99220043,0.1250837,0.2397805,0.00020716414,32
1155,2018-12-12,-44.09444743818056,-20.102011464452172,0.38589433,-34.0,-40.0,0.92435986,0.39511356,0.23405898,0.00023943702,32
1159,2018-12-12,-44.093546456337904,-20.09400726795827,-13.504647,-28.0,0.0,0.9480586,0.3266401,0.24105251,0.00034425358,32
1163,2018-12-12,-44.09766523047576,-20.105029440179383,0.5655153,-28.0,-40.0,0.9311042,0.37839893,0.24166062,0.0001920892,32
1174,2018-12-12,-44.095219708331406,-20.102011464452172,-2.2847946,-36.0,-40.0,0.9113488,0.42841828,0.24216647,0.00012990848,32
1181,2018-12-12,-44.09161578096079,-20.093219969942474,-13.794785,-28.0,-8.0,0.8859077,0.49635297,0.23633368,0.00021885987,32
1189,2018-12-12,-44.09715038370853,-20.098731056053037,11.129696,-42.0,-16.0,0.8359385,0.6007249,0.24258535,0.00012660914,32
1191,2018-12-12,-44.095219708331406,-20.095844296661788,-15.444856,-28.0,-12.0,0.8651284,0.5359111,0.24847127,0.00020080352,32
1197,2018-12-12,-44.16214978807148,-20.07616184626693,14.6119995,-60.0,40.0,0.9665673,0.26143262,0.24416661,0.00011817686,32
1204,2018-12-12,-44.093546456337904,-20.094400916966165,-13.155814,-26.0,0.0,0.93913746,0.35383812,0.24792047,0.0003644777,32
1217,2018-12-12,-44.16202107637967,-20.074718466571312,13.661863,-58.0,40.0,0.9690986,0.2505538,0.24575986,9.5118936e-05,32
1231,2018-12-12,-44.14992217734974,-20.08692158581612,15.930126,-60.0,32.0,0.9371452,0.3654364,0.24572617,0.00011899009,32
1247,2018-12-12,-44.094704861564175,-20.094663349638097,-14.577198,-30.0,-12.0,0.9238721,0.39515322,0.2348293,0.00022071703,32
1251,2018-12-12,-44.09251676280344,-20.093219969942474,12.949537,-48.0,-36.0,0.89386845,0.4703759,0.24224225,0.00015514281,32
1256,2018-12-12,-44.09483357325598,-20.093219969942474,14.672062,-52.0,-40.0,0.86129993,0.54238904,0.24783906,0.0001059604,32
1259,2018-12-12,-44.16227849976329,-20.072881437867792,14.353766,-60.0,40.0,0.9829678,0.18534474,0.24443871,0.00014352797,32
1260,2018-12-12,-44.15481322163844,-20.071044409164276,15.741803,-60.0,32.0,0.9734008,0.23258153,0.23211527,0.00010914595,32
1289,2018-12-12,-44.1541696631794,-20.07983590367397,13.890504,-60.0,40.0,0.9900696,0.14119089,0.24933314,0.00012980548,32
1290,2018-12-12,-44.095219708331406,-20.095319431317925,-15.757742,-28.0,-4.0,0.9366193,0.3611681,0.23686811,0.0001664893,32
1291,2018-12-12,-44.094704861564175,-20.09361361895037,11.502439,-54.0,-40.0,0.8996914,0.4565308,0.2475767,0.00012423437,32
1292,2018-12-12,-44.09303160957067,-20.09335118627844,15.234489,-52.0,-36.0,0.9403788,0.35013777,0.23605238,0.00015071555,32
1305,2018-12-12,-44.09715038370853,-20.098862272389,9.56104,-42.0,-8.0,0.83434314,0.59625983,0.23497155,0.00011737869,32
1313,2018-12-12,-44.1558429151729,-20.07340630321165,13.998485,-60.0,40.0,0.9211648,0.4038228,0.23622842,0.00013031399,32
1329,2018-12-12,-44.1509518708842,-20.07445603389938,16.722075,-62.0,40.0,0.91050994,0.4318001,0.2425376,0.00029912443,32
25,2018-12-24,-44.177981326163845,-20.065402106717748,10.023802,-62.0,36.0,0.9934322,0.114803776,0.12596866,0.00017885656,32
36,2018-12-24,-44.161892364687866,-20.07708036061869,8.087709,-62.0,40.0,0.9895274,0.14510763,0.16019304,0.00016061729,32
49,2018-12-24,-44.158288437317246,-20.066320621069508,8.734296,-60.0,36.0,0.9677011,0.25603223,0.16889001,0.00021117146,32
51,2018-12-24,-44.1575161671664,-20.08482212444067,10.201267,-60.0,40.0,0.99133533,0.13187632,0.15246536,0.00031897012,32
55,2018-12-24,-44.15597162686471,-20.07904860565818,12.773713,-58.0,40.0,0.99169916,0.12906517,0.17269787,0.00030624378,32
58,2018-12-24,-44.1591894191599,-20.06592697206161,6.5172386,-64.0,40.0,0.9866735,0.1637098,0.16357863,0.00016910466,32
60,2018-12-24,-44.158417149009054,-20.066714270077405,9.614145,-60.0,32.0,0.9606683,0.28429142,0.16295098,0.00027915908,32
70,2018-12-24,-44.15558549178928,-20.073143870539724,11.256592,-58.0,40.0,0.98207843,0.1903084,0.16551217,0.00015617402,32
72,2018-12-24,-44.161892364687866,-20.076817927946763,8.166475,-60.0,40.0,0.98664135,0.16406055,0.17289028,0.00018321899,32
77,2018-12-24,-44.15558549178928,-20.073143870539724,8.483804,-60.0,40.0,0.9936751,0.11267752,0.17115304,0.0002308823,32
78,2018-12-24,-44.16176365299606,-20.07708036061869,8.306397,-62.0,40.0,0.98854494,0.15176974,0.17172363,0.0001721688,32
79,2018-12-24,-44.177981326163845,-20.065533323053717,10.361308,-62.0,36.0,0.9964764,0.08401511,0.16623512,0.00018862613,32
86,2018-12-24,-44.157130032090976,-20.07235657252393,12.995528,-60.0,36.0,0.99061596,0.13728343,0.15821503,0.00026863083,32
87,2018-12-24,-44.15365481641216,-20.08364117741698,9.768813,-62.0,40.0,0.9950991,0.0991742,0.17583664,0.00029401673,32
92,2018-12-24,-44.15365481641216,-20.08364117741698,8.400291,-62.0,40.0,0.99385124,0.11107637,0.1650057,0.00031562397,32
101,2018-12-24,-44.157130032090976,-20.07235657252393,12.703278,-60.0,36.0,0.98830754,0.15364271,0.16259168,0.0002030594,32
102,2018-12-24,-44.1575161671664,-20.08482212444067,10.040828,-60.0,36.0,0.9933006,0.11592739,0.16052273,0.0002825142,32
106,2018-12-24,-44.158288437317246,-20.066320621069508,10.484062,-60.0,40.0,0.96672195,0.260466,0.17711703,0.00022746764,32
107,2018-12-24,-44.150050889041545,-20.0858718551284,9.32621,-62.0,32.0,0.9972439,0.07430704,0.17113066,0.00025208955,32
108,2018-12-24,-44.095348420023214,-20.095581863989857,-13.923208,-26.0,-4.0,0.9112881,0.43588206,0.17609175,0.00035253962,32
109,2018-12-24,-44.15815972562544,-20.068026433437065,7.587746,-60.0,40.0,0.92887574,0.38277623,0.18616179,0.00031713524,32
111,2018-12-24,-44.15558549178928,-20.073143870539724,9.440081,-58.0,40.0,0.9956475,0.093374655,0.16038811,0.00014709214,32
116,2018-12-24,-44.15597162686471,-20.07904860565818,12.968725,-60.0,40.0,0.98307085,0.18469657,0.19299243,0.00018906631,32
120,2018-12-24,-44.15442708656301,-20.0717004908441,9.127614,-60.0,40.0,0.98103976,0.19561706,0.18038051,0.0002138021,32
122,2018-12-24,-44.177981326163845,-20.065402106717748,10.294165,-62.0,36.0,0.9920553,0.12631515,0.16516092,0.00013893403,32
124,2018-12-24,-44.16768439081922,-20.071831707180067,8.751767,-58.0,40.0,0.9844347,0.17712511,0.16961817,0.00019569618,32
125,2018-12-24,-44.09316032126248,-20.103192411475867,1.1196555,-30.0,-28.0,0.9221537,0.4055343,0.18537693,0.00026284982,32
135,2018-12-24,-44.1575161671664,-20.08482212444067,9.483881,-60.0,40.0,0.9926844,0.12122337,0.17335667,0.00032299763,32
166,2018-12-24,-44.16227849976329,-20.07301265420376,9.842614,-60.0,40.0,0.9948693,0.10141454,0.17611928,0.0002781563,32
169,2018-12-24,-44.15906070746809,-20.06592697206161,4.582212,-62.0,36.0,0.96458185,0.26856968,0.1896261,7.7959645e-05,32
183,2018-12-24,-44.161892364687866,-20.07721157695466,11.246044,-60.0,40.0,0.98572654,0.16954353,0.20472775,0.00016644613,32
184,2018-12-24,-44.14914990719889,-20.083509961081013,6.928272,-62.0,24.0,0.92275953,0.39962417,0.18632154,0.00019650752,32
192,2018-12-24,-44.15558549178928,-20.073143870539724,6.592593,-58.0,36.0,0.96856844,0.2538515,0.20102504,0.00022607588,32
208,2018-12-24,-44.09547713171502,-20.096631594677586,16.35646,-16.0,-28.0,0.8838611,0.4968438,0.19951294,0.00028506762,32
209,2018-12-24,-44.09573455509864,-20.104242142163592,-0.33423126,-30.0,-32.0,0.99192834,0.12720996,0.20155519,0.00028709535,32
211,2018-12-24,-44.14824892535624,-20.08482212444067,7.497911,-62.0,36.0,0.97233886,0.23678724,0.1985304,0.00017741922,32
227,2018-12-24,-44.15172414103505,-20.083772393752945,6.991179,-62.0,40.0,0.9442581,0.34013498,0.17343715,0.00015305412,32
230,2018-12-24,-44.1558429151729,-20.078654956650283,13.073331,-58.0,40.0,0.99377,0.11183355,0.20406978,0.00019458176,32
234,2018-12-24,-44.09496228494779,-20.095319431317925,-16.588129,-30.0,-20.0,0.933926,0.3708147,0.21000704,0.00035274707,32
235,2018-12-24,-44.1672982557438,-20.07393116855552,9.303324,-60.0,40.0,0.94888365,0.32600248,0.19429739,0.00019437468,32
250,2018-12-24,-44.1558429151729,-20.071831707180067,9.683594,-58.0,36.0,0.9687802,0.25208294,0.20764968,0.00012654542,32
262,2018-12-24,-44.15558549178928,-20.073143870539724,8.666603,-60.0,40.0,0.9888833,0.14947388,0.214402,0.00019721958,32
279,2018-12-24,-44.15378352810397,-20.08390361008891,9.87342,-62.0,40.0,0.9593733,0.28800502,0.1987492,0.00014123438,32
292,2018-12-24,-44.09277418618706,-20.09308875360651,12.1868515,-62.0,-40.0,0.94386774,0.3385104,0.2108965,0.00015072811,32
294,2018-12-24,-44.150050889041545,-20.0858718551284,8.924584,-62.0,40.0,0.99573416,0.09243322,0.20145847,0.00022659368,32
297,2018-12-24,-44.1509518708842,-20.07445603389938,9.557846,-62.0,40.0,0.91531914,0.42315394,0.18903947,0.000473964,32
298,2018-12-24,-44.09573455509864,-20.104110925827623,1.5349952,-32.0,-32.0,0.9713802,0.24072301,0.20770803,0.00019924583,32
302,2018-12-24,-44.1509518708842,-20.07445603389938,10.298621,-64.0,40.0,0.9010573,0.46399283,0.19030711,0.00030566705,32
307,2018-12-24,-44.15558549178928,-20.073143870539724,5.3039694,-60.0,36.0,0.94426954,0.33953795,0.21462357,0.0001921205,32
322,2018-12-24,-44.16150622961244,-20.065533323053717,9.801939,-58.0,32.0,0.9559043,0.30019727,0.20587029,0.00021429466,32
326,2018-12-24,-44.158417149009054,-20.066714270077405,7.9531736,-60.0,28.0,0.92922074,0.38275728,0.21405818,0.00021434038,32
334,2018-12-24,-44.14824892535624,-20.08482212444067,9.894677,-64.0,36.0,0.9591197,0.28854805,0.20624818,0.00011566065,32
341,2018-12-24,-44.093417744646096,-20.094138484294238,-15.163411,-30.0,0.0,0.9271192,0.38806647,0.20293237,0.00020528595,32
342,2018-12-24,-44.09573455509864,-20.104110925827623,-2.2025,-28.0,-32.0,0.967172,0.2586741,0.21095438,0.00017666417,32
343,2018-12-24,-44.094704861564175,-20.094663349638097,-15.387402,-30.0,-12.0,0.9320163,0.37439924,0.20520887,0.00024680147,32
350,2018-12-24,-44.15494193333024,-20.07143805817217,10.704242,-60.0,32.0,0.9771433,0.21485306,0.2082436,0.000101412086,32
351,2018-12-24,-44.15365481641216,-20.083509961081013,8.709143,-62.0,40.0,0.99176425,0.12863493,0.1975397,0.00024892512,32
354,2018-12-24,-44.095219708331406,-20.10188024811621,-0.10276519,-34.0,-40.0,0.85031635,0.56276417,0.19688289,0.0001462547,32
355,2018-12-24,-44.14721923182177,-20.07944225466608,7.911026,-62.0,40.0,0.9097379,0.4362786,0.20008743,0.0001692326,32
358,2018-12-24,-44.161892364687866,-20.076817927946763,9.537382,-60.0,40.0,0.97885114,0.2066355,0.2046915,0.00012147129,32
365,2018-12-24,-44.09483357325598,-20.095975512997757,-12.514224,-16.0,-16.0,0.87048537,0.5251366,0.2145026,0.00022786683,32
371,2018-12-24,-44.16150622961244,-20.065533323053717,10.640596,-58.0,36.0,0.96249855,0.27732918,0.21806788,0.00021408769,32
372,2018-12-24,-44.156615185323744,-20.07235657252393,11.211309,-60.0,40.0,0.98747224,0.15874347,0.22571152,0.00016332245,32
376,2018-12-24,-44.177981326163845,-20.065533323053717,7.922921,-64.0,40.0,0.98931545,0.14667082,0.2060611,0.0001226925,32
428,2018-12-24,-44.095348420023214,-20.099255921396896,10.555372,-34.0,-20.0,0.8599175,0.5520587,0.21099286,0.00021701,32
445,2018-12-24,-44.15030831242516,-20.084690908104704,8.295143,-62.0,40.0,0.9537714,0.31028697,0.19998807,0.00011961138,32
451,2018-12-24,-44.095348420023214,-20.09269510459861,17.058578,-50.0,-32.0,0.89500684,0.4699368,0.21193483,0.000103801125,32
452,2018-12-24,-44.1624072114551,-20.06658305374144,9.238227,-60.0,36.0,0.99999905,0.0013166264,0.18705474,0.00012239197,32
454,2018-12-24,-44.161892364687866,-20.07721157695466,9.824087,-60.0,40.0,0.98762494,0.15781839,0.21329112,0.000108521395,32
462,2018-12-24,-44.1492786188907,-20.083772393752945,8.257027,-62.0,36.0,0.9009371,0.45448023,0.21690197,0.00015435196,32
468,2018-12-24,-44.16768439081922,-20.071831707180067,9.869745,-58.0,40.0,0.99912137,0.041926306,0.1979922,0.00025140448,32
469,2018-12-24,-44.156615185323744,-20.07235657252393,10.454031,-62.0,40.0,0.9884701,0.15216252,0.21888806,0.00014295946,32
475,2018-12-24,-44.16150622961244,-20.06684548641337,5.884587,-60.0,40.0,0.9333956,0.37320685,0.20200405,0.00019318266,32
480,2018-12-24,-44.09573455509864,-20.10437335849956,0.85827994,-30.0,-28.0,0.97603565,0.21994607,0.22386426,0.00023246644,32
489,2018-12-24,-44.15378352810397,-20.0854782061205,10.836616,-60.0,36.0,0.98614484,0.16707681,0.22113495,0.00015665224,32
498,2018-12-24,-44.16202107637967,-20.07760522596256,10.954169,-60.0,40.0,0.9739393,0.22963941,0.22176117,0.00018630472,32
515,2018-12-24,-44.177981326163845,-20.065533323053717,10.667591,-62.0,40.0,0.99098617,0.13457483,0.22828959,0.00014239682,32
517,2018-12-24,-44.16137751792064,-20.071044409164276,11.063564,-58.0,40.0,0.9873319,0.16011351,0.20574138,0.000113239825,32
518,2018-12-24,-44.16202107637967,-20.07760522596256,12.056957,-60.0,36.0,0.9819957,0.19045453,0.2204059,0.00024409748,32
520,2018-12-24,-44.14992217734974,-20.08692158581612,12.683894,-60.0,32.0,0.9329311,0.37142602,0.22161011,0.00016959709,32
533,2018-12-24,-44.093546456337904,-20.09361361895037,13.8893585,-54.0,-36.0,0.92416435,0.39691073,0.22529994,0.00012681105,32
538,2018-12-24,-44.15468450994663,-20.07904860565818,5.127971,-60.0,40.0,0.9603823,0.28433818,0.2098461,7.573011e-05,32
547,2018-12-24,-44.1509518708842,-20.07432481756341,8.182514,-62.0,40.0,0.90768754,0.43956012,0.21304497,0.00048326713,32
551,2018-12-24,-44.09431872648875,-20.09361361895037,12.944201,-60.0,-40.0,0.9269395,0.38688326,0.22368047,8.363042e-05,32
573,2018-12-24,-44.09715038370853,-20.10437335849956,-0.8670378,-26.0,-40.0,0.981993,0.19041304,0.21994461,0.00020242653,32
591,2018-12-24,-44.09637811355768,-20.10476700750745,1.4374307,-28.0,-28.0,0.88030064,0.50150853,0.24380408,0.00016093155,32
595,2018-12-24,-44.09277418618706,-20.09308875360651,10.711,-60.0,-36.0,0.9506957,0.31798822,0.22435091,0.00015162292,32
597,2018-12-24,-44.094704861564175,-20.09361361895037,14.397905,-56.0,-40.0,0.9236856,0.39662957,0.221461,0.00016114896,32
617,2018-12-24,-44.095348420023214,-20.095581863989857,-15.756258,-28.0,-12.0,0.91071886,0.43331236,0.20454994,0.00030632524,32
621,2018-12-24,-44.095348420023214,-20.095581863989857,-17.923916,-30.0,-16.0,0.919275,0.40785578,0.221529,0.00037647443,32
631,2018-12-24,-44.150050889041545,-20.08574063879243,8.141227,-62.0,32.0,0.96217763,0.27867618,0.2173203,0.00012443759,32
632,2018-12-24,-44.158417149009054,-20.066714270077405,8.056234,-62.0,32.0,0.9420799,0.3442246,0.21013477,0.0001555898,32
639,2018-12-24,-44.14721923182177,-20.07944225466608,9.087146,-62.0,40.0,0.9141801,0.42269146,0.23625557,0.00014431524,32
642,2018-12-24,-44.093417744646096,-20.09361361895037,14.361304,-50.0,-32.0,0.95720506,0.29472056,0.22483774,0.00017313514,32
659,2018-12-24,-44.09316032126248,-20.093876051622303,-12.932479,-26.0,0.0,0.9202357,0.41621837,0.23191184,0.0004714754,32
666,2018-12-24,-44.09612069017406,-20.098599839717068,7.8506,-32.0,-20.0,0.8369649,0.59542996,0.22777635,0.00024879372,32
674,2018-12-24,-44.15803101393363,-20.068026433437065,8.967984,-60.0,40.0,0.9488301,0.32394177,0.21363357,0.00017669244,32
687,2018-12-24,-44.095348420023214,-20.095844296661788,-15.957479,-26.0,-12.0,0.9264778,0.39259818,0.2429174,0.0003334301,32
689,2018-12-24,-44.094704861564175,-20.102273897124107,2.1754477,-40.0,-24.0,0.8999888,0.45509607,0.22149613,0.00017279296,32
699,2018-12-24,-44.09277418618706,-20.092957537270543,15.701762,-60.0,-36.0,0.8248223,0.62379014,0.22112992,0.00010524349,32
704,2018-12-24,-44.16227849976329,-20.07301265420376,10.8914175,-60.0,40.0,0.9730441,0.23360339,0.21389751,0.00015998124,32
738,2018-12-24,-44.16137751792064,-20.071044409164276,8.594995,-58.0,40.0,0.9537537,0.30705687,0.21450779,8.5356805e-05,32
743,2018-12-24,-44.095219708331406,-20.10292997880393,-1.2173945,-34.0,-32.0,0.963839,0.27309382,0.2487394,0.00023321668,32
748,2018-12-24,-44.1672982557438,-20.073799952219552,7.320402,-60.0,40.0,0.9394868,0.35379896,0.2385987,0.00016835134,32
749,2018-12-24,-44.15970426592713,-20.064614808701958,12.252926,-60.0,36.0,0.9923783,0.1236501,0.23288263,0.00010213836,32
753,2018-12-24,-44.09444743818056,-20.09453213330213,-13.73591,-30.0,4.0,0.93633944,0.3616963,0.24223724,0.0002814164,32
772,2018-12-24,-44.093546456337904,-20.094400916966165,-10.558307,-26.0,12.0,0.9233013,0.3976936,0.23818585,0.00025641994,32
778,2018-12-24,-44.14824892535624,-20.084690908104704,9.055529,-64.0,40.0,0.993268,0.11620175,0.217038,0.000119338845,32
781,2018-12-24,-44.09277418618706,-20.092957537270543,14.494087,-64.0,-40.0,0.9240293,0.3957767,0.23231132,0.00016137642,32
785,2018-12-24,-44.15648647363194,-20.07655549527483,13.464859,-58.0,32.0,0.947436,0.32984012,0.24211547,8.705073e-05,32
795,2018-12-24,-44.09740780709214,-20.10463579117149,-1.9115034,-30.0,-40.0,0.8850024,0.53440773,0.22723202,0.0001532011,32
800,2018-12-24,-44.1674269674356,-20.07432481756341,8.712844,-60.0,40.0,0.99912155,0.04192622,0.23580386,0.00012518003,32
809,2018-12-24,-44.16163494130425,-20.076817927946763,7.1401978,-60.0,40.0,0.9765173,0.21793333,0.2365612,0.00012580244,32
810,2018-12-24,-44.15906070746809,-20.06566453938968,4.6275845,-64.0,40.0,0.9807913,0.19675484,0.22297284,0.00012886837,32
812,2018-12-24,-44.09612069017406,-20.10463579117149,0.51100767,-32.0,-28.0,0.9810543,0.19555587,0.24058457,0.00018460231,32
815,2018-12-24,-44.09290289787887,-20.09361361895037,6.0006514,-34.0,-32.0,0.9477484,0.3269546,0.24155085,0.00027799365,32
817,2018-12-24,-44.15326868133674,-20.081935365049425,9.07014,-60.0,40.0,0.97455287,0.22695863,0.23753211,0.00013418394,32
819,2018-12-24,-44.15391223979578,-20.07025711114848,8.040307,-58.0,40.0,0.96879125,0.251771,0.22422275,0.00012923428,32
826,2018-12-24,-44.09573455509864,-20.100436868420587,4.154004,-40.0,-32.0,0.85571986,0.5583373,0.24542302,0.00029766848,32
839,2018-12-24,-44.1541696631794,-20.07983590367397,12.327246,-60.0,40.0,0.9838538,0.18029623,0.23935002,0.00027133914,32
842,2018-12-24,-44.161892364687866,-20.07708036061869,9.571258,-62.0,36.0,0.98912096,0.14776096,0.22787876,9.263296e-05,32
843,2018-12-24,-44.09715038370853,-20.098731056053037,6.7029204,-42.0,-16.0,0.8399253,0.5894708,0.22958055,0.00012341807,32
849,2018-12-24,-44.09689296032491,-20.098862272389,12.830123,-40.0,-16.0,0.8082655,0.64302075,0.23864205,0.00013250821,32
878,2018-12-24,-44.15532806840567,-20.07944225466608,10.595848,-60.0,40.0,0.98164153,0.19241036,0.24028865,0.00024076854,32
879,2018-12-24,-44.15172414103505,-20.083772393752945,5.7649117,-62.0,40.0,0.94224805,0.34635422,0.23466736,0.00017846754,32
881,2018-12-24,-44.09727909540033,-20.098731056053037,5.927207,-40.0,-16.0,0.8462761,0.57560474,0.22890337,7.089602e-05,32
902,2018-12-24,-44.09135835757717,-20.090201994215263,16.133814,-54.0,-32.0,0.9236139,0.3990633,0.23943725,0.00012808619,32
917,2018-12-24,-44.0917444926526,-20.09164537391089,17.431017,-66.0,-28.0,0.8399489,0.58606946,0.23359168,6.524553e-05,32
922,2018-12-24,-44.095863266790445,-20.09702524368548,8.739825,-32.0,-16.0,0.8334973,0.6023138,0.22462654,0.00019463511,32
953,2018-12-24,-44.09715038370853,-20.098862272389,11.481329,-42.0,-12.0,0.81594616,0.6319421,0.22483456,0.00016212075,32
988,2018-12-24,-44.1591894191599,-20.06592697206161,3.8478775,-64.0,36.0,0.9466307,0.33186823,0.23593827,9.492854e-05,32
991,2018-12-24,-44.1575161671664,-20.08482212444067,9.216098,-60.0,40.0,0.9994936,0.03182455,0.23950803,0.00027012592,32
1001,2018-12-24,-44.161892364687866,-20.076817927946763,11.470032,-64.0,32.0,0.96615434,0.26191953,0.23441048,8.023096e-05,32
1002,2018-12-24,-44.09444743818056,-20.09492578231003,-18.676975,-34.0,-32.0,1.0,0.00039513933,0.22878867,0.00025367626,32
1010,2018-12-24,-44.15365481641216,-20.083509961081013,9.430599,-62.0,40.0,0.99335134,0.11545927,0.23778822,0.00019389139,32
1020,2018-12-24,-44.16292205822233,-20.072094139852,13.1938715,-60.0,40.0,0.91512394,0.41756633,0.24028625,0.0001782693,32
1034,2018-12-24,-44.16202107637967,-20.07721157695466,10.798695,-60.0,40.0,0.981273,0.1944176,0.24814238,0.00010865971,32
1040,2018-12-24,-44.161892364687866,-20.07721157695466,10.079098,-60.0,40.0,0.96591824,0.26365894,0.2468073,0.00010343269,32
1050,2018-12-24,-44.09457614987237,-20.102405113460076,0.6949939,-38.0,-36.0,0.93953866,0.35215226,0.24512702,0.00030498733,32
1070,2018-12-24,-44.1575161671664,-20.08482212444067,13.669304,-60.0,36.0,0.96219236,0.28010356,0.23884472,0.00017387042,32
1072,2018-12-24,-44.0917444926526,-20.09164537391089,16.785898,-64.0,-36.0,0.91248626,0.42968604,0.23979232,7.8801335e-05,32
1076,2018-12-24,-44.15880328408448,-20.06592697206161,9.132282,-60.0,40.0,0.93656856,0.36525702,0.23667216,7.3392395e-05,32
1079,2018-12-24,-44.15391223979578,-20.07025711114848,10.967874,-60.0,40.0,0.9695847,0.24850449,0.24799877,9.992429e-05,32
1091,2018-12-24,-44.158417149009054,-20.0850845571126,12.244488,-58.0,36.0,0.8887288,0.4815745,0.24550791,0.00012143039,32
1092,2018-12-24,-44.1509518708842,-20.07432481756341,8.422746,-64.0,40.0,0.87775964,0.53542435,0.2352003,0.00030330935,32
1099,2018-12-24,-44.093546456337904,-20.09361361895037,15.381848,-52.0,-36.0,0.8961929,0.46807668,0.23183072,0.00010412827,32
1102,2018-12-24,-44.16292205822233,-20.072094139852,12.48928,-60.0,40.0,0.91454065,0.42063314,0.23443252,0.00013330363,32
1108,2018-12-24,-44.14734794351358,-20.07878617298625,12.470627,-60.0,40.0,0.99970615,0.02424301,0.23583807,8.263391e-05,32
1117,2018-12-24,-44.16768439081922,-20.071831707180067,9.368249,-58.0,36.0,0.981466,0.19336696,0.22862582,0.0001814576,32
1127,2018-12-24,-44.09264547449525,-20.09308875360651,7.896432,-62.0,-40.0,0.8971481,0.47378388,0.23896502,0.00011133063,32
1146,2018-12-24,-44.16034782438617,-20.068813731452856,12.675319,-56.0,40.0,0.9864666,0.1649596,0.24976282,0.00036398857,32
1153,2018-12-24,-44.150050889041545,-20.0858718551284,10.478622,-62.0,36.0,0.99220043,0.1250837,0.2397805,0.00020716414,32
1155,2018-12-24,-44.09444743818056,-20.102011464452172,-0.9680423,-34.0,-40.0,0.92435986,0.39511356,0.23405898,0.00023943702,32
1159,2018-12-24,-44.093546456337904,-20.09400726795827,-13.504647,-28.0,0.0,0.9480586,0.3266401,0.24105251,0.00034425358,32
1163,2018-12-24,-44.09766523047576,-20.105029440179383,-0.52620286,-28.0,-40.0,0.9311042,0.37839893,0.24166062,0.0001920892,32
1174,2018-12-24,-44.095219708331406,-20.102011464452172,-2.5215971,-36.0,-40.0,0.9113488,0.42841828,0.24216647,0.00012990848,32
1181,2018-12-24,-44.09161578096079,-20.093219969942474,-13.794785,-28.0,-8.0,0.8859077,0.49635297,0.23633368,0.00021885987,32
1189,2018-12-24,-44.09715038370853,-20.098731056053037,12.695252,-42.0,-16.0,0.8359385,0.6007249,0.24258535,0.00012660914,32
1191,2018-12-24,-44.095219708331406,-20.095844296661788,-14.567903,-28.0,-12.0,0.8651284,0.5359111,0.24847127,0.00020080352,32
1197,2018-12-24,-44.16214978807148,-20.07616184626693,12.328708,-60.0,40.0,0.9665673,0.26143262,0.24416661,0.00011817686,32
1204,2018-12-24,-44.093546456337904,-20.094400916966165,-13.155814,-26.0,0.0,0.93913746,0.35383812,0.24792047,0.0003644777,32
1217,2018-12-24,-44.16202107637967,-20.074718466571312,10.871538,-58.0,40.0,0.9690986,0.2505538,0.24575986,9.5118936e-05,32
1231,2018-12-24,-44.14992217734974,-20.08692158581612,13.944253,-60.0,32.0,0.9371452,0.3654364,0.24572617,0.00011899009,32
1247,2018-12-24,-44.094704861564175,-20.094663349638097,-14.577198,-30.0,-12.0,0.9238721,0.39515322,0.2348293,0.00022071703,32
1251,2018-12-24,-44.09251676280344,-20.093219969942474,14.523315,-48.0,-36.0,0.89386845,0.4703759,0.24224225,0.00015514281,32
1256,2018-12-24,-44.09483357325598,-20.093219969942474,16.288029,-52.0,-40.0,0.86129993,0.54238904,0.24783906,0.0001059604,32
1259,2018-12-24,-44.16227849976329,-20.072881437867792,9.941151,-60.0,40.0,0.9829678,0.18534474,0.24443871,0.00014352797,32
1260,2018-12-24,-44.15481322163844,-20.071044409164276,9.7558,-60.0,32.0,0.9734008,0.23258153,0.23211527,0.00010914595,32
1289,2018-12-24,-44.1541696631794,-20.07983590367397,10.447612,-60.0,40.0,0.9900696,0.14119089,0.24933314,0.00012980548,32
1290,2018-12-24,-44.095219708331406,-20.095319431317925,-15.757742,-28.0,-4.0,0.9366193,0.3611681,0.23686811,0.0001664893,32
1291,2018-12-24,-44.094704861564175,-20.09361361895037,12.245973,-54.0,-40.0,0.8996914,0.4565308,0.2475767,0.00012423437,32
1292,2018-12-24,-44.09303160957067,-20.09335118627844,16.559608,-52.0,-36.0,0.9403788,0.35013777,0.23605238,0.00015071555,32
1305,2018-12-24,-44.09715038370853,-20.098862272389,10.861953,-42.0,-8.0,0.83434314,0.59625983,0.23497155,0.00011737869,32
1313,2018-12-24,-44.1558429151729,-20.07340630321165,5.9271,-60.0,40.0,0.9211648,0.4038228,0.23622842,0.00013031399,32
1329,2018-12-24,-44.1509518708842,-20.07445603389938,8.831235,-62.0,40.0,0.91050994,0.4318001,0.2425376,0.00029912443,32
25,2019-01-05,-44.177981326163845,-20.065402106717748,11.346453,-62.0,36.0,0.9934322,0.114803776,0.12596866,0.00017885656,32
36,2019-01-05,-44.161892364687866,-20.07708036061869,9.644319,-62.0,40.0,0.9895274,0.14510763,0.16019304,0.00016061729,32
49,2019-01-05,-44.158288437317246,-20.066320621069508,13.447753,-60.0,36.0,0.9677011,0.25603223,0.16889001,0.00021117146,32
51,2019-01-05,-44.1575161671664,-20.08482212444067,11.835377,-60.0,40.0,0.99133533,0.13187632,0.15246536,0.00031897012,32
55,2019-01-05,-44.15597162686471,-20.07904860565818,13.784679,-58.0,40.0,0.99169916,0.12906517,0.17269787,0.00030624378,32
58,2019-01-05,-44.1591894191599,-20.06592697206161,8.271839,-64.0,40.0,0.9866735,0.1637098,0.16357863,0.00016910466,32
60,2019-01-05,-44.158417149009054,-20.066714270077405,11.420525,-60.0,32.0,0.9606683,0.28429142,0.16295098,0.00027915908,32
70,2019-01-05,-44.15558549178928,-20.073143870539724,10.831925,-58.0,40.0,0.98207843,0.1903084,0.16551217,0.00015617402,32
72,2019-01-05,-44.161892364687866,-20.076817927946763,11.926751,-60.0,40.0,0.98664135,0.16406055,0.17289028,0.00018321899,32
77,2019-01-05,-44.15558549178928,-20.073143870539724,10.453031,-60.0,40.0,0.9936751,0.11267752,0.17115304,0.0002308823,32
78,2019-01-05,-44.16176365299606,-20.07708036061869,11.487535,-62.0,40.0,0.98854494,0.15176974,0.17172363,0.0001721688,32
79,2019-01-05,-44.177981326163845,-20.065533323053717,10.820244,-62.0,36.0,0.9964764,0.08401511,0.16623512,0.00018862613,32
86,2019-01-05,-44.157130032090976,-20.07235657252393,13.434378,-60.0,36.0,0.99061596,0.13728343,0.15821503,0.00026863083,32
87,2019-01-05,-44.15365481641216,-20.08364117741698,12.074627,-62.0,40.0,0.9950991,0.0991742,0.17583664,0.00029401673,32
92,2019-01-05,-44.15365481641216,-20.08364117741698,10.602421,-62.0,40.0,0.99385124,0.11107637,0.1650057,0.00031562397,32
101,2019-01-05,-44.157130032090976,-20.07235657252393,13.165494,-60.0,36.0,0.98830754,0.15364271,0.16259168,0.0002030594,32
102,2019-01-05,-44.1575161671664,-20.08482212444067,10.676109,-60.0,36.0,0.9933006,0.11592739,0.16052273,0.0002825142,32
106,2019-01-05,-44.158288437317246,-20.066320621069508,13.203206,-60.0,40.0,0.96672195,0.260466,0.17711703,0.00022746764,32
107,2019-01-05,-44.150050889041545,-20.0858718551284,10.807294,-62.0,32.0,0.9972439,0.07430704,0.17113066,0.00025208955,32
108,2019-01-05,-44.095348420023214,-20.095581863989857,-13.923208,-26.0,-4.0,0.9112881,0.43588206,0.17609175,0.00035253962,32
109,2019-01-05,-44.15815972562544,-20.068026433437065,10.909952,-60.0,40.0,0.92887574,0.38277623,0.18616179,0.00031713524,32
111,2019-01-05,-44.15558549178928,-20.073143870539724,10.813312,-58.0,40.0,0.9956475,0.093374655,0.16038811,0.00014709214,32
116,2019-01-05,-44.15597162686471,-20.07904860565818,13.162584,-60.0,40.0,0.98307085,0.18469657,0.19299243,0.00018906631,32
120,2019-01-05,-44.15442708656301,-20.0717004908441,12.449752,-60.0,40.0,0.98103976,0.19561706,0.18038051,0.0002138021,32
122,2019-01-05,-44.177981326163845,-20.065402106717748,10.88066,-62.0,36.0,0.9920553,0.12631515,0.16516092,0.00013893403,32
124,2019-01-05,-44.16768439081922,-20.071831707180067,10.60396,-58.0,40.0,0.9844347,0.17712511,0.16961817,0.00019569618,32
125,2019-01-05,-44.09316032126248,-20.103192411475867,1.1196555,-30.0,-28.0,0.9221537,0.4055343,0.18537693,0.00026284982,32
135,2019-01-05,-44.1575161671664,-20.08482212444067,11.0741625,-60.0,40.0,0.9926844,0.12122337,0.17335667,0.00032299763,32
166,2019-01-05,-44.16227849976329,-20.07301265420376,12.056735,-60.0,40.0,0.9948693,0.10141454,0.17611928,0.0002781563,32
169,2019-01-05,-44.15906070746809,-20.06592697206161,8.451679,-62.0,36.0,0.96458185,0.26856968,0.1896261,7.7959645e-05,32
183,2019-01-05,-44.161892364687866,-20.07721157695466,12.3624,-60.0,40.0,0.98572654,0.16954353,0.20472775,0.00016644613,32
184,2019-01-05,-44.14914990719889,-20.083509961081013,12.992077,-62.0,24.0,0.92275953,0.39962417,0.18632154,0.00019650752,32
192,2019-01-05,-44.15558549178928,-20.073143870539724,12.346261,-58.0,36.0,0.96856844,0.2538515,0.20102504,0.00022607588,32
208,2019-01-05,-44.09547713171502,-20.096631594677586,11.830896,-16.0,-28.0,0.8838611,0.4968438,0.19951294,0.00028506762,32
209,2019-01-05,-44.09573455509864,-20.104242142163592,-0.33423126,-30.0,-32.0,0.99192834,0.12720996,0.20155519,0.00028709535,32
211,2019-01-05,-44.14824892535624,-20.08482212444067,10.944895,-62.0,36.0,0.97233886,0.23678724,0.1985304,0.00017741922,32
227,2019-01-05,-44.15172414103505,-20.083772393752945,12.637772,-62.0,40.0,0.9442581,0.34013498,0.17343715,0.00015305412,32
230,2019-01-05,-44.1558429151729,-20.078654956650283,13.4487915,-58.0,40.0,0.99377,0.11183355,0.20406978,0.00019458176,32
234,2019-01-05,-44.09496228494779,-20.095319431317925,-16.588129,-30.0,-20.0,0.933926,0.3708147,0.21000704,0.00035274707,32
235,2019-01-05,-44.1672982557438,-20.07393116855552,12.749208,-60.0,40.0,0.94888365,0.32600248,0.19429739,0.00019437468,32
250,2019-01-05,-44.1558429151729,-20.071831707180067,10.790605,-58.0,36.0,0.9687802,0.25208294,0.20764968,0.00012654542,32
262,2019-01-05,-44.15558549178928,-20.073143870539724,11.136352,-60.0,40.0,0.9888833,0.14947388,0.214402,0.00019721958,32
279,2019-01-05,-44.15378352810397,-20.08390361008891,11.681672,-62.0,40.0,0.9593733,0.28800502,0.1987492,0.00014123438,32
292,2019-01-05,-44.09277418618706,-20.09308875360651,13.345205,-62.0,-40.0,0.94386774,0.3385104,0.2108965,0.00015072811,32
294,2019-01-05,-44.150050889041545,-20.0858718551284,9.987392,-62.0,40.0,0.99573416,0.09243322,0.20145847,0.00022659368,32
297,2019-01-05,-44.1509518708842,-20.07445603389938,10.150414,-62.0,40.0,0.91531914,0.42315394,0.18903947,0.000473964,32
298,2019-01-05,-44.09573455509864,-20.104110925827623,1.5349952,-32.0,-32.0,0.9713802,0.24072301,0.20770803,0.00019924583,32
302,2019-01-05,-44.1509518708842,-20.07445603389938,10.298792,-64.0,40.0,0.9010573,0.46399283,0.19030711,0.00030566705,32
307,2019-01-05,-44.15558549178928,-20.073143870539724,11.461414,-60.0,36.0,0.94426954,0.33953795,0.21462357,0.0001921205,32
322,2019-01-05,-44.16150622961244,-20.065533323053717,14.285298,-58.0,32.0,0.9559043,0.30019727,0.20587029,0.00021429466,32
326,2019-01-05,-44.158417149009054,-20.066714270077405,12.524024,-60.0,28.0,0.92922074,0.38275728,0.21405818,0.00021434038,32
334,2019-01-05,-44.14824892535624,-20.08482212444067,13.653672,-64.0,36.0,0.9591197,0.28854805,0.20624818,0.00011566065,32
341,2019-01-05,-44.093417744646096,-20.094138484294238,-15.163411,-30.0,0.0,0.9271192,0.38806647,0.20293237,0.00020528595,32
342,2019-01-05,-44.09573455509864,-20.104110925827623,-2.2025,-28.0,-32.0,0.967172,0.2586741,0.21095438,0.00017666417,32
343,2019-01-05,-44.094704861564175,-20.094663349638097,-15.387402,-30.0,-12.0,0.9320163,0.37439924,0.20520887,0.00024680147,32
350,2019-01-05,-44.15494193333024,-20.07143805817217,13.766613,-60.0,32.0,0.9771433,0.21485306,0.2082436,0.000101412086,32
351,2019-01-05,-44.15365481641216,-20.083509961081013,11.401631,-62.0,40.0,0.99176425,0.12863493,0.1975397,0.00024892512,32
354,2019-01-05,-44.095219708331406,-20.10188024811621,-0.10276519,-34.0,-40.0,0.85031635,0.56276417,0.19688289,0.0001462547,32
355,2019-01-05,-44.14721923182177,-20.07944225466608,16.724108,-62.0,40.0,0.9097379,0.4362786,0.20008743,0.0001692326,32
358,2019-01-05,-44.161892364687866,-20.076817927946763,12.276058,-60.0,40.0,0.97885114,0.2066355,0.2046915,0.00012147129,32
365,2019-01-05,-44.09483357325598,-20.095975512997757,-11.547823,-16.0,-16.0,0.87048537,0.5251366,0.2145026,0.00022786683,32
371,2019-01-05,-44.16150622961244,-20.065533323053717,13.971796,-58.0,36.0,0.96249855,0.27732918,0.21806788,0.00021408769,32
372,2019-01-05,-44.156615185323744,-20.07235657252393,13.043709,-60.0,40.0,0.98747224,0.15874347,0.22571152,0.00016332245,32
376,2019-01-05,-44.177981326163845,-20.065533323053717,9.932006,-64.0,40.0,0.98931545,0.14667082,0.2060611,0.0001226925,32
428,2019-01-05,-44.095348420023214,-20.099255921396896,13.152047,-34.0,-20.0,0.8599175,0.5520587,0.21099286,0.00021701,32
445,2019-01-05,-44.15030831242516,-20.084690908104704,11.815154,-62.0,40.0,0.9537714,0.31028697,0.19998807,0.00011961138,32
451,2019-01-05,-44.095348420023214,-20.09269510459861,19.039495,-50.0,-32.0,0.89500684,0.4699368,0.21193483,0.000103801125,32
452,2019-01-05,-44.1624072114551,-20.06658305374144,10.3883915,-60.0,36.0,0.99999905,0.0013166264,0.18705474,0.00012239197,32
454,2019-01-05,-44.161892364687866,-20.07721157695466,10.759411,-60.0,40.0,0.98762494,0.15781839,0.21329112,0.000108521395,32
462,2019-01-05,-44.1492786188907,-20.083772393752945,14.75833,-62.0,36.0,0.9009371,0.45448023,0.21690197,0.00015435196,32
468,2019-01-05,-44.16768439081922,-20.071831707180067,11.658012,-58.0,40.0,0.99912137,0.041926306,0.1979922,0.00025140448,32
469,2019-01-05,-44.156615185323744,-20.07235657252393,12.841546,-62.0,40.0,0.9884701,0.15216252,0.21888806,0.00014295946,32
475,2019-01-05,-44.16150622961244,-20.06684548641337,11.795892,-60.0,40.0,0.9333956,0.37320685,0.20200405,0.00019318266,32
480,2019-01-05,-44.09573455509864,-20.10437335849956,0.85827994,-30.0,-28.0,0.97603565,0.21994607,0.22386426,0.00023246644,32
489,2019-01-05,-44.15378352810397,-20.0854782061205,9.587175,-60.0,36.0,0.98614484,0.16707681,0.22113495,0.00015665224,32
498,2019-01-05,-44.16202107637967,-20.07760522596256,14.410514,-60.0,40.0,0.9739393,0.22963941,0.22176117,0.00018630472,32
515,2019-01-05,-44.177981326163845,-20.065533323053717,11.935794,-62.0,40.0,0.99098617,0.13457483,0.22828959,0.00014239682,32
517,2019-01-05,-44.16137751792064,-20.071044409164276,11.535284,-58.0,40.0,0.9873319,0.16011351,0.20574138,0.000113239825,32
518,2019-01-05,-44.16202107637967,-20.07760522596256,14.317298,-60.0,36.0,0.9819957,0.19045453,0.2204059,0.00024409748,32
520,2019-01-05,-44.14992217734974,-20.08692158581612,11.165494,-60.0,32.0,0.9329311,0.37142602,0.22161011,0.00016959709,32
533,2019-01-05,-44.093546456337904,-20.09361361895037,15.83998,-54.0,-36.0,0.92416435,0.39691073,0.22529994,0.00012681105,32
538,2019-01-05,-44.15468450994663,-20.07904860565818,5.8983855,-60.0,40.0,0.9603823,0.28433818,0.2098461,7.573011e-05,32
547,2019-01-05,-44.1509518708842,-20.07432481756341,9.582238,-62.0,40.0,0.90768754,0.43956012,0.21304497,0.00048326713,32
551,2019-01-05,-44.09431872648875,-20.09361361895037,13.931781,-60.0,-40.0,0.9269395,0.38688326,0.22368047,8.363042e-05,32
573,2019-01-05,-44.09715038370853,-20.10437335849956,-0.8670378,-26.0,-40.0,0.981993,0.19041304,0.21994461,0.00020242653,32
591,2019-01-05,-44.09637811355768,-20.10476700750745,1.4374307,-28.0,-28.0,0.88030064,0.50150853,0.24380408,0.00016093155,32
595,2019-01-05,-44.09277418618706,-20.09308875360651,11.768186,-60.0,-36.0,0.9506957,0.31798822,0.22435091,0.00015162292,32
597,2019-01-05,-44.094704861564175,-20.09361361895037,15.607389,-56.0,-40.0,0.9236856,0.39662957,0.221461,0.00016114896,32
617,2019-01-05,-44.095348420023214,-20.095581863989857,-15.756258,-28.0,-12.0,0.91071886,0.43331236,0.20454994,0.00030632524,32
621,2019-01-05,-44.095348420023214,-20.095581863989857,-17.923916,-30.0,-16.0,0.919275,0.40785578,0.221529,0.00037647443,32
631,2019-01-05,-44.150050889041545,-20.08574063879243,11.90401,-62.0,32.0,0.96217763,0.27867618,0.2173203,0.00012443759,32
632,2019-01-05,-44.158417149009054,-20.066714270077405,10.939317,-62.0,32.0,0.9420799,0.3442246,0.21013477,0.0001555898,32
639,2019-01-05,-44.14721923182177,-20.07944225466608,15.615698,-62.0,40.0,0.9141801,0.42269146,0.23625557,0.00014431524,32
642,2019-01-05,-44.093417744646096,-20.09361361895037,16.031626,-50.0,-32.0,0.95720506,0.29472056,0.22483774,0.00017313514,32
659,2019-01-05,-44.09316032126248,-20.093876051622303,-12.932479,-26.0,0.0,0.9202357,0.41621837,0.23191184,0.0004714754,32
666,2019-01-05,-44.09612069017406,-20.098599839717068,7.8506,-32.0,-20.0,0.8369649,0.59542996,0.22777635,0.00024879372,32
674,2019-01-05,-44.15803101393363,-20.068026433437065,10.781567,-60.0,40.0,0.9488301,0.32394177,0.21363357,0.00017669244,32
687,2019-01-05,-44.095348420023214,-20.095844296661788,-15.957479,-26.0,-12.0,0.9264778,0.39259818,0.2429174,0.0003334301,32
689,2019-01-05,-44.094704861564175,-20.102273897124107,2.1754477,-40.0,-24.0,0.8999888,0.45509607,0.22149613,0.00017279296,32
699,2019-01-05,-44.09277418618706,-20.092957537270543,14.908986,-60.0,-36.0,0.8248223,0.62379014,0.22112992,0.00010524349,32
704,2019-01-05,-44.16227849976329,-20.07301265420376,12.907917,-60.0,40.0,0.9730441,0.23360339,0.21389751,0.00015998124,32
738,2019-01-05,-44.16137751792064,-20.071044409164276,13.23508,-58.0,40.0,0.9537537,0.30705687,0.21450779,8.5356805e-05,32
743,2019-01-05,-44.095219708331406,-20.10292997880393,-1.2173945,-34.0,-32.0,0.963839,0.27309382,0.2487394,0.00023321668,32
748,2019-01-05,-44.1672982557438,-20.073799952219552,11.332033,-60.0,40.0,0.9394868,0.35379896,0.2385987,0.00016835134,32
749,2019-01-05,-44.15970426592713,-20.064614808701958,13.33981,-60.0,36.0,0.9923783,0.1236501,0.23288263,0.00010213836,32
753,2019-01-05,-44.09444743818056,-20.09453213330213,-13.73591,-30.0,4.0,0.93633944,0.3616963,0.24223724,0.0002814164,32
772,2019-01-05,-44.093546456337904,-20.094400916966165,-10.558307,-26.0,12.0,0.9233013,0.3976936,0.23818585,0.00025641994,32
778,2019-01-05,-44.14824892535624,-20.084690908104704,9.846054,-64.0,40.0,0.993268,0.11620175,0.217038,0.000119338845,32
781,2019-01-05,-44.09277418618706,-20.092957537270543,11.533259,-64.0,-40.0,0.9240293,0.3957767,0.23231132,0.00016137642,32
785,2019-01-05,-44.15648647363194,-20.07655549527483,11.789594,-58.0,32.0,0.947436,0.32984012,0.24211547,8.705073e-05,32
795,2019-01-05,-44.09740780709214,-20.10463579117149,-1.9115034,-30.0,-40.0,0.8850024,0.53440773,0.22723202,0.0001532011,32
800,2019-01-05,-44.1674269674356,-20.07432481756341,9.978388,-60.0,40.0,0.99912155,0.04192622,0.23580386,0.00012518003,32
809,2019-01-05,-44.16163494130425,-20.076817927946763,11.410082,-60.0,40.0,0.9765173,0.21793333,0.2365612,0.00012580244,32
810,2019-01-05,-44.15906070746809,-20.06566453938968,6.7764463,-64.0,40.0,0.9807913,0.19675484,0.22297284,0.00012886837,32
812,2019-01-05,-44.09612069017406,-20.10463579117149,0.51100767,-32.0,-28.0,0.9810543,0.19555587,0.24058457,0.00018460231,32
815,2019-01-05,-44.09290289787887,-20.09361361895037,6.0006514,-34.0,-32.0,0.9477484,0.3269546,0.24155085,0.00027799365,32
817,2019-01-05,-44.15326868133674,-20.081935365049425,10.147478,-60.0,40.0,0.97455287,0.22695863,0.23753211,0.00013418394,32
819,2019-01-05,-44.15391223979578,-20.07025711114848,10.486364,-58.0,40.0,0.96879125,0.251771,0.22422275,0.00012923428,32
826,2019-01-05,-44.09573455509864,-20.100436868420587,4.154004,-40.0,-32.0,0.85571986,0.5583373,0.24542302,0.00029766848,32
839,2019-01-05,-44.1541696631794,-20.07983590367397,13.41296,-60.0,40.0,0.9838538,0.18029623,0.23935002,0.00027133914,32
842,2019-01-05,-44.161892364687866,-20.07708036061869,10.307413,-62.0,36.0,0.98912096,0.14776096,0.22787876,9.263296e-05,32
843,2019-01-05,-44.09715038370853,-20.098731056053037,6.7029204,-42.0,-16.0,0.8399253,0.5894708,0.22958055,0.00012341807,32
849,2019-01-05,-44.09689296032491,-20.098862272389,14.026057,-40.0,-16.0,0.8082655,0.64302075,0.23864205,0.00013250821,32
878,2019-01-05,-44.15532806840567,-20.07944225466608,13.647515,-60.0,40.0,0.98164153,0.19241036,0.24028865,0.00024076854,32
879,2019-01-05,-44.15172414103505,-20.083772393752945,12.527791,-62.0,40.0,0.94224805,0.34635422,0.23466736,0.00017846754,32
881,2019-01-05,-44.09727909540033,-20.098731056053037,5.927207,-40.0,-16.0,0.8462761,0.57560474,0.22890337,7.089602e-05,32
902,2019-01-05,-44.09135835757717,-20.090201994215263,17.670212,-54.0,-32.0,0.9236139,0.3990633,0.23943725,0.00012808619,32
917,2019-01-05,-44.0917444926526,-20.09164537391089,16.859026,-66.0,-28.0,0.8399489,0.58606946,0.23359168,6.524553e-05,32
922,2019-01-05,-44.095863266790445,-20.09702524368548,8.739825,-32.0,-16.0,0.8334973,0.6023138,0.22462654,0.00019463511,32
953,2019-01-05,-44.09715038370853,-20.098862272389,12.802408,-42.0,-12.0,0.81594616,0.6319421,0.22483456,0.00016212075,32
988,2019-01-05,-44.1591894191599,-20.06592697206161,6.8778296,-64.0,36.0,0.9466307,0.33186823,0.23593827,9.492854e-05,32
991,2019-01-05,-44.1575161671664,-20.08482212444067,10.654532,-60.0,40.0,0.9994936,0.03182455,0.23950803,0.00027012592,32
1001,2019-01-05,-44.161892364687866,-20.076817927946763,10.356695,-64.0,32.0,0.96615434,0.26191953,0.23441048,8.023096e-05,32
1002,2019-01-05,-44.09444743818056,-20.09492578231003,-18.676975,-34.0,-32.0,1.0,0.00039513933,0.22878867,0.00025367626,32
1010,2019-01-05,-44.15365481641216,-20.083509961081013,11.866501,-62.0,40.0,0.99335134,0.11545927,0.23778822,0.00019389139,32
1020,2019-01-05,-44.16292205822233,-20.072094139852,14.51911,-60.0,40.0,0.91512394,0.41756633,0.24028625,0.0001782693,32
1034,2019-01-05,-44.16202107637967,-20.07721157695466,14.105032,-60.0,40.0,0.981273,0.1944176,0.24814238,0.00010865971,32
1040,2019-01-05,-44.161892364687866,-20.07721157695466,10.817476,-60.0,40.0,0.96591824,0.26365894,0.2468073,0.00010343269,32
1050,2019-01-05,-44.09457614987237,-20.102405113460076,0.6949939,-38.0,-36.0,0.93953866,0.35215226,0.24512702,0.00030498733,32
1070,2019-01-05,-44.1575161671664,-20.08482212444067,12.033334,-60.0,36.0,0.96219236,0.28010356,0.23884472,0.00017387042,32
1072,2019-01-05,-44.0917444926526,-20.09164537391089,14.733325,-64.0,-36.0,0.91248626,0.42968604,0.23979232,7.8801335e-05,32
1076,2019-01-05,-44.15880328408448,-20.06592697206161,13.544714,-60.0,40.0,0.93656856,0.36525702,0.23667216,7.3392395e-05,32
1079,2019-01-05,-44.15391223979578,-20.07025711114848,13.946274,-60.0,40.0,0.9695847,0.24850449,0.24799877,9.992429e-05,32
1091,2019-01-05,-44.158417149009054,-20.0850845571126,11.500389,-58.0,36.0,0.8887288,0.4815745,0.24550791,0.00012143039,32
1092,2019-01-05,-44.1509518708842,-20.07432481756341,9.223597,-64.0,40.0,0.87775964,0.53542435,0.2352003,0.00030330935,32
1099,2019-01-05,-44.093546456337904,-20.09361361895037,16.579006,-52.0,-36.0,0.8961929,0.46807668,0.23183072,0.00010412827,32
1102,2019-01-05,-44.16292205822233,-20.072094139852,14.055068,-60.0,40.0,0.91454065,0.42063314,0.23443252,0.00013330363,32
1108,2019-01-05,-44.14734794351358,-20.07878617298625,13.959686,-60.0,40.0,0.99970615,0.02424301,0.23583807,8.263391e-05,32
1117,2019-01-05,-44.16768439081922,-20.071831707180067,10.838411,-58.0,36.0,0.981466,0.19336696,0.22862582,0.0001814576,32
1127,2019-01-05,-44.09264547449525,-20.09308875360651,8.288666,-62.0,-40.0,0.8971481,0.47378388,0.23896502,0.00011133063,32
1146,2019-01-05,-44.16034782438617,-20.068813731452856,15.87611,-56.0,40.0,0.9864666,0.1649596,0.24976282,0.00036398857,32
1153,2019-01-05,-44.150050889041545,-20.0858718551284,11.46485,-62.0,36.0,0.99220043,0.1250837,0.2397805,0.00020716414,32
1155,2019-01-05,-44.09444743818056,-20.102011464452172,-0.9680423,-34.0,-40.0,0.92435986,0.39511356,0.23405898,0.00023943702,32
1159,2019-01-05,-44.093546456337904,-20.09400726795827,-13.504647,-28.0,0.0,0.9480586,0.3266401,0.24105251,0.00034425358,32
1163,2019-01-05,-44.09766523047576,-20.105029440179383,-0.52620286,-28.0,-40.0,0.9311042,0.37839893,0.24166062,0.0001920892,32
1174,2019-01-05,-44.095219708331406,-20.102011464452172,-2.5215971,-36.0,-40.0,0.9113488,0.42841828,0.24216647,0.00012990848,32
1181,2019-01-05,-44.09161578096079,-20.093219969942474,-13.794785,-28.0,-8.0,0.8859077,0.49635297,0.23633368,0.00021885987,32
1189,2019-01-05,-44.09715038370853,-20.098731056053037,14.260809,-42.0,-16.0,0.8359385,0.6007249,0.24258535,0.00012660914,32
1191,2019-01-05,-44.095219708331406,-20.095844296661788,-14.567903,-28.0,-12.0,0.8651284,0.5359111,0.24847127,0.00020080352,32
1197,2019-01-05,-44.16214978807148,-20.07616184626693,9.965181,-60.0,40.0,0.9665673,0.26143262,0.24416661,0.00011817686,32
1204,2019-01-05,-44.093546456337904,-20.094400916966165,-13.155814,-26.0,0.0,0.93913746,0.35383812,0.24792047,0.0003644777,32
1217,2019-01-05,-44.16202107637967,-20.074718466571312,12.187817,-58.0,40.0,0.9690986,0.2505538,0.24575986,9.5118936e-05,32
1231,2019-01-05,-44.14992217734974,-20.08692158581612,13.117095,-60.0,32.0,0.9371452,0.3654364,0.24572617,0.00011899009,32
1247,2019-01-05,-44.094704861564175,-20.094663349638097,-14.577198,-30.0,-12.0,0.9238721,0.39515322,0.2348293,0.00022071703,32
1251,2019-01-05,-44.09251676280344,-20.093219969942474,16.097092,-48.0,-36.0,0.89386845,0.4703759,0.24224225,0.00015514281,32
1256,2019-01-05,-44.09483357325598,-20.093219969942474,17.903997,-52.0,-40.0,0.86129993,0.54238904,0.24783906,0.0001059604,32
1259,2019-01-05,-44.16227849976329,-20.072881437867792,11.837894,-60.0,40.0,0.9829678,0.18534474,0.24443871,0.00014352797,32
1260,2019-01-05,-44.15481322163844,-20.071044409164276,13.313906,-60.0,32.0,0.9734008,0.23258153,0.23211527,0.00010914595,32
1289,2019-01-05,-44.1541696631794,-20.07983590367397,11.941107,-60.0,40.0,0.9900696,0.14119089,0.24933314,0.00012980548,32
1290,2019-01-05,-44.095219708331406,-20.095319431317925,-15.757742,-28.0,-4.0,0.9366193,0.3611681,0.23686811,0.0001664893,32
1291,2019-01-05,-44.094704861564175,-20.09361361895037,12.989507,-54.0,-40.0,0.8996914,0.4565308,0.2475767,0.00012423437,32
1292,2019-01-05,-44.09303160957067,-20.09335118627844,17.884727,-52.0,-36.0,0.9403788,0.35013777,0.23605238,0.00015071555,32
1305,2019-01-05,-44.09715038370853,-20.098862272389,12.162867,-42.0,-8.0,0.83434314,0.59625983,0.23497155,0.00011737869,32
1313,2019-01-05,-44.1558429151729,-20.07340630321165,10.901649,-60.0,40.0,0.9211648,0.4038228,0.23622842,0.00013031399,32
1329,2019-01-05,-44.1509518708842,-20.07445603389938,16.18606,-62.0,40.0,0.91050994,0.4318001,0.2425376,0.00029912443,32
25,2019-01-17,-44.177981326163845,-20.065402106717748,8.2441025,-62.0,36.0,0.9934322,0.114803776,0.12596866,0.00017885656,32
36,2019-01-17,-44.161892364687866,-20.07708036061869,7.5313864,-62.0,40.0,0.9895274,0.14510763,0.16019304,0.00016061729,32
49,2019-01-17,-44.158288437317246,-20.066320621069508,10.3924,-60.0,36.0,0.9677011,0.25603223,0.16889001,0.00021117146,32
51,2019-01-17,-44.1575161671664,-20.08482212444067,8.755389,-60.0,40.0,0.99133533,0.13187632,0.15246536,0.00031897012,32
55,2019-01-17,-44.15597162686471,-20.07904860565818,11.354375,-58.0,40.0,0.99169916,0.12906517,0.17269787,0.00030624378,32
58,2019-01-17,-44.1591894191599,-20.06592697206161,6.121999,-64.0,40.0,0.9866735,0.1637098,0.16357863,0.00016910466,32
60,2019-01-17,-44.158417149009054,-20.066714270077405,11.172694,-60.0,32.0,0.9606683,0.28429142,0.16295098,0.00027915908,32
70,2019-01-17,-44.15558549178928,-20.073143870539724,9.604167,-58.0,40.0,0.98207843,0.1903084,0.16551217,0.00015617402,32
72,2019-01-17,-44.161892364687866,-20.076817927946763,8.047714,-60.0,40.0,0.98664135,0.16406055,0.17289028,0.00018321899,32
77,2019-01-17,-44.15558549178928,-20.073143870539724,7.8792615,-60.0,40.0,0.9936751,0.11267752,0.17115304,0.0002308823,32
78,2019-01-17,-44.16176365299606,-20.07708036061869,7.976703,-62.0,40.0,0.98854494,0.15176974,0.17172363,0.0001721688,32
79,2019-01-17,-44.177981326163845,-20.065533323053717,8.288698,-62.0,36.0,0.9964764,0.08401511,0.16623512,0.00018862613,32
86,2019-01-17,-44.157130032090976,-20.07235657252393,10.070457,-60.0,36.0,0.99061596,0.13728343,0.15821503,0.00026863083,32
87,2019-01-17,-44.15365481641216,-20.08364117741698,9.989399,-62.0,40.0,0.9950991,0.0991742,0.17583664,0.00029401673,32
92,2019-01-17,-44.15365481641216,-20.08364117741698,9.228561,-62.0,40.0,0.99385124,0.11107637,0.1650057,0.00031562397,32
101,2019-01-17,-44.157130032090976,-20.07235657252393,10.532384,-60.0,36.0,0.98830754,0.15364271,0.16259168,0.0002030594,32
102,2019-01-17,-44.1575161671664,-20.08482212444067,8.58798,-60.0,36.0,0.9933006,0.11592739,0.16052273,0.0002825142,32
106,2019-01-17,-44.158288437317246,-20.066320621069508,11.277913,-60.0,40.0,0.96672195,0.260466,0.17711703,0.00022746764,32
107,2019-01-17,-44.150050889041545,-20.0858718551284,8.07702,-62.0,32.0,0.9972439,0.07430704,0.17113066,0.00025208955,32
108,2019-01-17,-44.095348420023214,-20.095581863989857,-13.923208,-26.0,-4.0,0.9112881,0.43588206,0.17609175,0.00035253962,32
109,2019-01-17,-44.15815972562544,-20.068026433437065,10.242138,-60.0,40.0,0.92887574,0.38277623,0.18616179,0.00031713524,32
111,2019-01-17,-44.15558549178928,-20.073143870539724,8.860011,-58.0,40.0,0.9956475,0.093374655,0.16038811,0.00014709214,32
116,2019-01-17,-44.15597162686471,-20.07904860565818,10.376965,-60.0,40.0,0.98307085,0.18469657,0.19299243,0.00018906631,32
120,2019-01-17,-44.15442708656301,-20.0717004908441,7.3769484,-60.0,40.0,0.98103976,0.19561706,0.18038051,0.0002138021,32
122,2019-01-17,-44.177981326163845,-20.065402106717748,8.19735,-62.0,36.0,0.9920553,0.12631515,0.16516092,0.00013893403,32
124,2019-01-17,-44.16768439081922,-20.071831707180067,9.492125,-58.0,40.0,0.9844347,0.17712511,0.16961817,0.00019569618,32
125,2019-01-17,-44.09316032126248,-20.103192411475867,1.1196555,-30.0,-28.0,0.9221537,0.4055343,0.18537693,0.00026284982,32
135,2019-01-17,-44.1575161671664,-20.08482212444067,8.272959,-60.0,40.0,0.9926844,0.12122337,0.17335667,0.00032299763,32
166,2019-01-17,-44.16227849976329,-20.07301265420376,9.070016,-60.0,40.0,0.9948693,0.10141454,0.17611928,0.0002781563,32
169,2019-01-17,-44.15906070746809,-20.06592697206161,3.8246496,-62.0,36.0,0.96458185,0.26856968,0.1896261,7.7959645e-05,32
183,2019-01-17,-44.161892364687866,-20.07721157695466,10.179431,-60.0,40.0,0.98572654,0.16954353,0.20472775,0.00016644613,32
184,2019-01-17,-44.14914990719889,-20.083509961081013,10.947636,-62.0,24.0,0.92275953,0.39962417,0.18632154,0.00019650752,32
192,2019-01-17,-44.15558549178928,-20.073143870539724,8.360604,-58.0,36.0,0.96856844,0.2538515,0.20102504,0.00022607588,32
208,2019-01-17,-44.09547713171502,-20.096631594677586,8.7337,-16.0,-28.0,0.8838611,0.4968438,0.19951294,0.00028506762,32
209,2019-01-17,-44.09573455509864,-20.104242142163592,-0.33423126,-30.0,-32.0,0.99192834,0.12720996,0.20155519,0.00028709535,32
211,2019-01-17,-44.14824892535624,-20.08482212444067,6.361786,-62.0,36.0,0.97233886,0.23678724,0.1985304,0.00017741922,32
227,2019-01-17,-44.15172414103505,-20.083772393752945,11.64465,-62.0,40.0,0.9442581,0.34013498,0.17343715,0.00015305412,32
230,2019-01-17,-44.1558429151729,-20.078654956650283,10.377857,-58.0,40.0,0.99377,0.11183355,0.20406978,0.00019458176,32
234,2019-01-17,-44.09496228494779,-20.095319431317925,-16.588129,-30.0,-20.0,0.933926,0.3708147,0.21000704,0.00035274707,32
235,2019-01-17,-44.1672982557438,-20.07393116855552,12.276372,-60.0,40.0,0.94888365,0.32600248,0.19429739,0.00019437468,32
250,2019-01-17,-44.1558429151729,-20.071831707180067,8.069021,-58.0,36.0,0.9687802,0.25208294,0.20764968,0.00012654542,32
262,2019-01-17,-44.15558549178928,-20.073143870539724,8.153773,-60.0,40.0,0.9888833,0.14947388,0.214402,0.00019721958,32
279,2019-01-17,-44.15378352810397,-20.08390361008891,12.032167,-62.0,40.0,0.9593733,0.28800502,0.1987492,0.00014123438,32
292,2019-01-17,-44.09277418618706,-20.09308875360651,12.80188,-62.0,-40.0,0.94386774,0.3385104,0.2108965,0.00015072811,32
294,2019-01-17,-44.150050889041545,-20.0858718551284,7.640415,-62.0,40.0,0.99573416,0.09243322,0.20145847,0.00022659368,32
297,2019-01-17,-44.1509518708842,-20.07445603389938,10.742983,-62.0,40.0,0.91531914,0.42315394,0.18903947,0.000473964,32
298,2019-01-17,-44.09573455509864,-20.104110925827623,1.5349952,-32.0,-32.0,0.9713802,0.24072301,0.20770803,0.00019924583,32
302,2019-01-17,-44.1509518708842,-20.07445603389938,10.298964,-64.0,40.0,0.9010573,0.46399283,0.19030711,0.00030566705,32
307,2019-01-17,-44.15558549178928,-20.073143870539724,7.515388,-60.0,36.0,0.94426954,0.33953795,0.21462357,0.0001921205,32
322,2019-01-17,-44.16150622961244,-20.065533323053717,8.056603,-58.0,32.0,0.9559043,0.30019727,0.20587029,0.00021429466,32
326,2019-01-17,-44.158417149009054,-20.066714270077405,11.452244,-60.0,28.0,0.92922074,0.38275728,0.21405818,0.00021434038,32
334,2019-01-17,-44.14824892535624,-20.08482212444067,8.681937,-64.0,36.0,0.9591197,0.28854805,0.20624818,0.00011566065,32
341,2019-01-17,-44.093417744646096,-20.094138484294238,-15.163411,-30.0,0.0,0.9271192,0.38806647,0.20293237,0.00020528595,32
342,2019-01-17,-44.09573455509864,-20.104110925827623,-2.2025,-28.0,-32.0,0.967172,0.2586741,0.21095438,0.00017666417,32
343,2019-01-17,-44.094704861564175,-20.094663349638097,-15.387402,-30.0,-12.0,0.9320163,0.37439924,0.20520887,0.00024680147,32
350,2019-01-17,-44.15494193333024,-20.07143805817217,8.73294,-60.0,32.0,0.9771433,0.21485306,0.2082436,0.000101412086,32
351,2019-01-17,-44.15365481641216,-20.083509961081013,8.333157,-62.0,40.0,0.99176425,0.12863493,0.1975397,0.00024892512,32
354,2019-01-17,-44.095219708331406,-20.10188024811621,-0.10276519,-34.0,-40.0,0.85031635,0.56276417,0.19688289,0.0001462547,32
355,2019-01-17,-44.14721923182177,-20.07944225466608,12.129172,-62.0,40.0,0.9097379,0.4362786,0.20008743,0.0001692326,32
358,2019-01-17,-44.161892364687866,-20.076817927946763,6.0052314,-60.0,40.0,0.97885114,0.2066355,0.2046915,0.00012147129,32
365,2019-01-17,-44.09483357325598,-20.095975512997757,-17.156385,-16.0,-16.0,0.87048537,0.5251366,0.2145026,0.00022786683,32
371,2019-01-17,-44.16150622961244,-20.065533323053717,7.653241,-58.0,36.0,0.96249855,0.27732918,0.21806788,0.00021408769,32
372,2019-01-17,-44.156615185323744,-20.07235657252393,10.446805,-60.0,40.0,0.98747224,0.15874347,0.22571152,0.00016332245,32
376,2019-01-17,-44.177981326163845,-20.065533323053717,7.06614,-64.0,40.0,0.98931545,0.14667082,0.2060611,0.0001226925,32
428,2019-01-17,-44.095348420023214,-20.099255921396896,15.748722,-34.0,-20.0,0.8599175,0.5520587,0.21099286,0.00021701,32
445,2019-01-17,-44.15030831242516,-20.084690908104704,8.670514,-62.0,40.0,0.9537714,0.31028697,0.19998807,0.00011961138,32
451,2019-01-17,-44.095348420023214,-20.09269510459861,17.933907,-50.0,-32.0,0.89500684,0.4699368,0.21193483,0.000103801125,32
452,2019-01-17,-44.1624072114551,-20.06658305374144,7.7871037,-60.0,36.0,0.99999905,0.0013166264,0.18705474,0.00012239197,32
454,2019-01-17,-44.161892364687866,-20.07721157695466,8.881957,-60.0,40.0,0.98762494,0.15781839,0.21329112,0.000108521395,32
462,2019-01-17,-44.1492786188907,-20.083772393752945,12.775842,-62.0,36.0,0.9009371,0.45448023,0.21690197,0.00015435196,32
468,2019-01-17,-44.16768439081922,-20.071831707180067,9.461726,-58.0,40.0,0.99912137,0.041926306,0.1979922,0.00025140448,32
469,2019-01-17,-44.156615185323744,-20.07235657252393,9.996485,-62.0,40.0,0.9884701,0.15216252,0.21888806,0.00014295946,32
475,2019-01-17,-44.16150622961244,-20.06684548641337,9.333588,-60.0,40.0,0.9333956,0.37320685,0.20200405,0.00019318266,32
480,2019-01-17,-44.09573455509864,-20.10437335849956,0.85827994,-30.0,-28.0,0.97603565,0.21994607,0.22386426,0.00023246644,32
489,2019-01-17,-44.15378352810397,-20.0854782061205,6.1965604,-60.0,36.0,0.98614484,0.16707681,0.22113495,0.00015665224,32
498,2019-01-17,-44.16202107637967,-20.07760522596256,10.352533,-60.0,40.0,0.9739393,0.22963941,0.22176117,0.00018630472,32
515,2019-01-17,-44.177981326163845,-20.065533323053717,9.58838,-62.0,40.0,0.99098617,0.13457483,0.22828959,0.00014239682,32
517,2019-01-17,-44.16137751792064,-20.071044409164276,9.683191,-58.0,40.0,0.9873319,0.16011351,0.20574138,0.000113239825,32
518,2019-01-17,-44.16202107637967,-20.07760522596256,10.816552,-60.0,36.0,0.9819957,0.19045453,0.2204059,0.00024409748,32
520,2019-01-17,-44.14992217734974,-20.08692158581612,10.873489,-60.0,32.0,0.9329311,0.37142602,0.22161011,0.00016959709,32
533,2019-01-17,-44.093546456337904,-20.09361361895037,17.790604,-54.0,-36.0,0.92416435,0.39691073,0.22529994,0.00012681105,32
538,2019-01-17,-44.15468450994663,-20.07904860565818,4.5085464,-60.0,40.0,0.9603823,0.28433818,0.2098461,7.573011e-05,32
547,2019-01-17,-44.1509518708842,-20.07432481756341,10.981962,-62.0,40.0,0.90768754,0.43956012,0.21304497,0.00048326713,32
551,2019-01-17,-44.09431872648875,-20.09361361895037,12.78329,-60.0,-40.0,0.9269395,0.38688326,0.22368047,8.363042e-05,32
573,2019-01-17,-44.09715038370853,-20.10437335849956,-0.8670378,-26.0,-40.0,0.981993,0.19041304,0.21994461,0.00020242653,32
591,2019-01-17,-44.09637811355768,-20.10476700750745,1.4374307,-28.0,-28.0,0.88030064,0.50150853,0.24380408,0.00016093155,32
595,2019-01-17,-44.09277418618706,-20.09308875360651,10.558844,-60.0,-36.0,0.9506957,0.31798822,0.22435091,0.00015162292,32
597,2019-01-17,-44.094704861564175,-20.09361361895037,13.578323,-56.0,-40.0,0.9236856,0.39662957,0.221461,0.00016114896,32
617,2019-01-17,-44.095348420023214,-20.095581863989857,-15.756258,-28.0,-12.0,0.91071886,0.43331236,0.20454994,0.00030632524,32
621,2019-01-17,-44.095348420023214,-20.095581863989857,-17.923916,-30.0,-16.0,0.919275,0.40785578,0.221529,0.00037647443,32
631,2019-01-17,-44.150050889041545,-20.08574063879243,8.281943,-62.0,32.0,0.96217763,0.27867618,0.2173203,0.00012443759,32
632,2019-01-17,-44.158417149009054,-20.066714270077405,10.745137,-62.0,32.0,0.9420799,0.3442246,0.21013477,0.0001555898,32
639,2019-01-17,-44.14721923182177,-20.07944225466608,13.365267,-62.0,40.0,0.9141801,0.42269146,0.23625557,0.00014431524,32
642,2019-01-17,-44.093417744646096,-20.09361361895037,17.701948,-50.0,-32.0,0.95720506,0.29472056,0.22483774,0.00017313514,32
659,2019-01-17,-44.09316032126248,-20.093876051622303,-12.932479,-26.0,0.0,0.9202357,0.41621837,0.23191184,0.0004714754,32
666,2019-01-17,-44.09612069017406,-20.098599839717068,7.8506,-32.0,-20.0,0.8369649,0.59542996,0.22777635,0.00024879372,32
674,2019-01-17,-44.15803101393363,-20.068026433437065,11.133415,-60.0,40.0,0.9488301,0.32394177,0.21363357,0.00017669244,32
687,2019-01-17,-44.095348420023214,-20.095844296661788,-15.957479,-26.0,-12.0,0.9264778,0.39259818,0.2429174,0.0003334301,32
689,2019-01-17,-44.094704861564175,-20.102273897124107,2.1754477,-40.0,-24.0,0.8999888,0.45509607,0.22149613,0.00017279296,32
699,2019-01-17,-44.09277418618706,-20.092957537270543,14.116209,-60.0,-36.0,0.8248223,0.62379014,0.22112992,0.00010524349,32
704,2019-01-17,-44.16227849976329,-20.07301265420376,8.844361,-60.0,40.0,0.9730441,0.23360339,0.21389751,0.00015998124,32
738,2019-01-17,-44.16137751792064,-20.071044409164276,11.076743,-58.0,40.0,0.9537537,0.30705687,0.21450779,8.5356805e-05,32
743,2019-01-17,-44.095219708331406,-20.10292997880393,-1.2173945,-34.0,-32.0,0.963839,0.27309382,0.2487394,0.00023321668,32
748,2019-01-17,-44.1672982557438,-20.073799952219552,12.303253,-60.0,40.0,0.9394868,0.35379896,0.2385987,0.00016835134,32
749,2019-01-17,-44.15970426592713,-20.064614808701958,9.644339,-60.0,36.0,0.9923783,0.1236501,0.23288263,0.00010213836,32
753,2019-01-17,-44.09444743818056,-20.09453213330213,-13.73591,-30.0,4.0,0.93633944,0.3616963,0.24223724,0.0002814164,32
772,2019-01-17,-44.093546456337904,-20.094400916966165,-10.558307,-26.0,12.0,0.9233013,0.3976936,0.23818585,0.00025641994,32
778,2019-01-17,-44.14824892535624,-20.084690908104704,8.274367,-64.0,40.0,0.993268,0.11620175,0.217038,0.000119338845,32
781,2019-01-17,-44.09277418618706,-20.092957537270543,10.872133,-64.0,-40.0,0.9240293,0.3957767,0.23231132,0.00016137642,32
785,2019-01-17,-44.15648647363194,-20.07655549527483,11.712741,-58.0,32.0,0.947436,0.32984012,0.24211547,8.705073e-05,32
795,2019-01-17,-44.09740780709214,-20.10463579117149,-1.9115034,-30.0,-40.0,0.8850024,0.53440773,0.22723202,0.0001532011,32
800,2019-01-17,-44.1674269674356,-20.07432481756341,6.8663316,-60.0,40.0,0.99912155,0.04192622,0.23580386,0.00012518003,32
809,2019-01-17,-44.16163494130425,-20.076817927946763,7.107647,-60.0,40.0,0.9765173,0.21793333,0.2365612,0.00012580244,32
810,2019-01-17,-44.15906070746809,-20.06566453938968,4.721173,-64.0,40.0,0.9807913,0.19675484,0.22297284,0.00012886837,32
812,2019-01-17,-44.09612069017406,-20.10463579117149,0.51100767,-32.0,-28.0,0.9810543,0.19555587,0.24058457,0.00018460231,32
815,2019-01-17,-44.09290289787887,-20.09361361895037,6.0006514,-34.0,-32.0,0.9477484,0.3269546,0.24155085,0.00027799365,32
817,2019-01-17,-44.15326868133674,-20.081935365049425,10.679209,-60.0,40.0,0.97455287,0.22695863,0.23753211,0.00013418394,32
819,2019-01-17,-44.15391223979578,-20.07025711114848,8.374577,-58.0,40.0,0.96879125,0.251771,0.22422275,0.00012923428,32
826,2019-01-17,-44.09573455509864,-20.100436868420587,4.154004,-40.0,-32.0,0.85571986,0.5583373,0.24542302,0.00029766848,32
839,2019-01-17,-44.1541696631794,-20.07983590367397,9.832256,-60.0,40.0,0.9838538,0.18029623,0.23935002,0.00027133914,32
842,2019-01-17,-44.161892364687866,-20.07708036061869,8.408157,-62.0,36.0,0.98912096,0.14776096,0.22787876,9.263296e-05,32
843,2019-01-17,-44.09715038370853,-20.098731056053037,6.7029204,-42.0,-16.0,0.8399253,0.5894708,0.22958055,0.00012341807,32
849,2019-01-17,-44.09689296032491,-20.098862272389,15.221992,-40.0,-16.0,0.8082655,0.64302075,0.23864205,0.00013250821,32
878,2019-01-17,-44.15532806840567,-20.07944225466608,9.673957,-60.0,40.0,0.98164153,0.19241036,0.24028865,0.00024076854,32
879,2019-01-17,-44.15172414103505,-20.083772393752945,11.474838,-62.0,40.0,0.94224805,0.34635422,0.23466736,0.00017846754,32
881,2019-01-17,-44.09727909540033,-20.098731056053037,5.927207,-40.0,-16.0,0.8462761,0.57560474,0.22890337,7.089602e-05,32
902,2019-01-17,-44.09135835757717,-20.090201994215263,14.726111,-54.0,-32.0,0.9236139,0.3990633,0.23943725,0.00012808619,32
917,2019-01-17,-44.0917444926526,-20.09164537391089,12.476835,-66.0,-28.0,0.8399489,0.58606946,0.23359168,6.524553e-05,32
922,2019-01-17,-44.095863266790445,-20.09702524368548,8.739825,-32.0,-16.0,0.8334973,0.6023138,0.22462654,0.00019463511,32
953,2019-01-17,-44.09715038370853,-20.098862272389,14.123487,-42.0,-12.0,0.81594616,0.6319421,0.22483456,0.00016212075,32
988,2019-01-17,-44.1591894191599,-20.06592697206161,3.4965389,-64.0,36.0,0.9466307,0.33186823,0.23593827,9.492854e-05,32
991,2019-01-17,-44.1575161671664,-20.08482212444067,7.7075806,-60.0,40.0,0.9994936,0.03182455,0.23950803,0.00027012592,32
1001,2019-01-17,-44.161892364687866,-20.076817927946763,9.815265,-64.0,32.0,0.96615434,0.26191953,0.23441048,8.023096e-05,32
1002,2019-01-17,-44.09444743818056,-20.09492578231003,-18.676975,-34.0,-32.0,1.0,0.00039513933,0.22878867,0.00025367626,32
1010,2019-01-17,-44.15365481641216,-20.083509961081013,9.233663,-62.0,40.0,0.99335134,0.11545927,0.23778822,0.00019389139,32
1020,2019-01-17,-44.16292205822233,-20.072094139852,9.231693,-60.0,40.0,0.91512394,0.41756633,0.24028625,0.0001782693,32
1034,2019-01-17,-44.16202107637967,-20.07721157695466,10.001593,-60.0,40.0,0.981273,0.1944176,0.24814238,0.00010865971,32
1040,2019-01-17,-44.161892364687866,-20.07721157695466,8.9992,-60.0,40.0,0.96591824,0.26365894,0.2468073,0.00010343269,32
1050,2019-01-17,-44.09457614987237,-20.102405113460076,0.6949939,-38.0,-36.0,0.93953866,0.35215226,0.24512702,0.00030498733,32
1070,2019-01-17,-44.1575161671664,-20.08482212444067,8.236694,-60.0,36.0,0.96219236,0.28010356,0.23884472,0.00017387042,32
1072,2019-01-17,-44.0917444926526,-20.09164537391089,12.327004,-64.0,-36.0,0.91248626,0.42968604,0.23979232,7.8801335e-05,32
1076,2019-01-17,-44.15880328408448,-20.06592697206161,10.87741,-60.0,40.0,0.93656856,0.36525702,0.23667216,7.3392395e-05,32
1079,2019-01-17,-44.15391223979578,-20.07025711114848,8.332468,-60.0,40.0,0.9695847,0.24850449,0.24799877,9.992429e-05,32
1091,2019-01-17,-44.158417149009054,-20.0850845571126,10.7562895,-58.0,36.0,0.8887288,0.4815745,0.24550791,0.00012143039,32
1092,2019-01-17,-44.1509518708842,-20.07432481756341,10.024447,-64.0,40.0,0.87775964,0.53542435,0.2352003,0.00030330935,32
1099,2019-01-17,-44.093546456337904,-20.09361361895037,17.776165,-52.0,-36.0,0.8961929,0.46807668,0.23183072,0.00010412827,32
1102,2019-01-17,-44.16292205822233,-20.072094139852,9.6984415,-60.0,40.0,0.91454065,0.42063314,0.23443252,0.00013330363,32
1108,2019-01-17,-44.14734794351358,-20.07878617298625,11.40505,-60.0,40.0,0.99970615,0.02424301,0.23583807,8.263391e-05,32
1117,2019-01-17,-44.16768439081922,-20.071831707180067,8.198478,-58.0,36.0,0.981466,0.19336696,0.22862582,0.0001814576,32
1127,2019-01-17,-44.09264547449525,-20.09308875360651,8.680901,-62.0,-40.0,0.8971481,0.47378388,0.23896502,0.00011133063,32
1146,2019-01-17,-44.16034782438617,-20.068813731452856,11.819661,-56.0,40.0,0.9864666,0.1649596,0.24976282,0.00036398857,32
1153,2019-01-17,-44.150050889041545,-20.0858718551284,7.9166083,-62.0,36.0,0.99220043,0.1250837,0.2397805,0.00020716414,32
1155,2019-01-17,-44.09444743818056,-20.102011464452172,-0.9680423,-34.0,-40.0,0.92435986,0.39511356,0.23405898,0.00023943702,32
1159,2019-01-17,-44.093546456337904,-20.09400726795827,-13.504647,-28.0,0.0,0.9480586,0.3266401,0.24105251,0.00034425358,32
1163,2019-01-17,-44.09766523047576,-20.105029440179383,-0.52620286,-28.0,-40.0,0.9311042,0.37839893,0.24166062,0.0001920892,32
1174,2019-01-17,-44.095219708331406,-20.102011464452172,-2.5215971,-36.0,-40.0,0.9113488,0.42841828,0.24216647,0.00012990848,32
1181,2019-01-17,-44.09161578096079,-20.093219969942474,-13.794785,-28.0,-8.0,0.8859077,0.49635297,0.23633368,0.00021885987,32
1189,2019-01-17,-44.09715038370853,-20.098731056053037,15.826365,-42.0,-16.0,0.8359385,0.6007249,0.24258535,0.00012660914,32
1191,2019-01-17,-44.095219708331406,-20.095844296661788,-14.567903,-28.0,-12.0,0.8651284,0.5359111,0.24847127,0.00020080352,32
1197,2019-01-17,-44.16214978807148,-20.07616184626693,7.9929767,-60.0,40.0,0.9665673,0.26143262,0.24416661,0.00011817686,32
1204,2019-01-17,-44.093546456337904,-20.094400916966165,-13.155814,-26.0,0.0,0.93913746,0.35383812,0.24792047,0.0003644777,32
1217,2019-01-17,-44.16202107637967,-20.074718466571312,13.295552,-58.0,40.0,0.9690986,0.2505538,0.24575986,9.5118936e-05,32
1231,2019-01-17,-44.14992217734974,-20.08692158581612,11.822523,-60.0,32.0,0.9371452,0.3654364,0.24572617,0.00011899009,32
1247,2019-01-17,-44.094704861564175,-20.094663349638097,-14.577198,-30.0,-12.0,0.9238721,0.39515322,0.2348293,0.00022071703,32
1251,2019-01-17,-44.09251676280344,-20.093219969942474,17.67087,-48.0,-36.0,0.89386845,0.4703759,0.24224225,0.00015514281,32
1256,2019-01-17,-44.09483357325598,-20.093219969942474,16.918734,-52.0,-40.0,0.86129993,0.54238904,0.24783906,0.0001059604,32
1259,2019-01-17,-44.16227849976329,-20.072881437867792,10.119618,-60.0,40.0,0.9829678,0.18534474,0.24443871,0.00014352797,32
1260,2019-01-17,-44.15481322163844,-20.071044409164276,7.9748664,-60.0,32.0,0.9734008,0.23258153,0.23211527,0.00010914595,32
1289,2019-01-17,-44.1541696631794,-20.07983590367397,10.019556,-60.0,40.0,0.9900696,0.14119089,0.24933314,0.00012980548,32
1290,2019-01-17,-44.095219708331406,-20.095319431317925,-15.757742,-28.0,-4.0,0.9366193,0.3611681,0.23686811,0.0001664893,32
1291,2019-01-17,-44.094704861564175,-20.09361361895037,13.733041,-54.0,-40.0,0.8996914,0.4565308,0.2475767,0.00012423437,32
1292,2019-01-17,-44.09303160957067,-20.09335118627844,15.776855,-52.0,-36.0,0.9403788,0.35013777,0.23605238,0.00015071555,32
1305,2019-01-17,-44.09715038370853,-20.098862272389,13.463779,-42.0,-8.0,0.83434314,0.59625983,0.23497155,0.00011737869,32
1313,2019-01-17,-44.1558429151729,-20.07340630321165,10.611462,-60.0,40.0,0.9211648,0.4038228,0.23622842,0.00013031399,32
1329,2019-01-17,-44.1509518708842,-20.07445603389938,10.63753,-62.0,40.0,0.91050994,0.4318001,0.2425376,0.00029912443,32
25,2019-01-29,-44.177981326163845,-20.065402106717748,4.8059535,-62.0,36.0,0.9934322,0.114803776,0.12596866,0.00017885656,32
36,2019-01-29,-44.161892364687866,-20.07708036061869,3.304564,-62.0,40.0,0.9895274,0.14510763,0.16019304,0.00016061729,32
49,2019-01-29,-44.158288437317246,-20.066320621069508,5.681796,-60.0,36.0,0.9677011,0.25603223,0.16889001,0.00021117146,32
51,2019-01-29,-44.1575161671664,-20.08482212444067,4.2103333,-60.0,40.0,0.99133533,0.13187632,0.15246536,0.00031897012,32
55,2019-01-29,-44.15597162686471,-20.07904860565818,6.4567447,-58.0,40.0,0.99169916,0.12906517,0.17269787,0.00030624378,32
58,2019-01-29,-44.1591894191599,-20.06592697206161,6.121999,-64.0,40.0,0.9866735,0.1637098,0.16357863,0.00016910466,32
60,2019-01-29,-44.158417149009054,-20.066714270077405,5.3154826,-60.0,32.0,0.9606683,0.28429142,0.16295098,0.00027915908,32
70,2019-01-29,-44.15558549178928,-20.073143870539724,3.4649527,-58.0,40.0,0.98207843,0.1903084,0.16551217,0.00015617402,32
72,2019-01-29,-44.161892364687866,-20.076817927946763,4.1933513,-60.0,40.0,0.98664135,0.16406055,0.17289028,0.00018321899,32
77,2019-01-29,-44.15558549178928,-20.073143870539724,4.0274816,-60.0,40.0,0.9936751,0.11267752,0.17115304,0.0002308823,32
78,2019-01-29,-44.16176365299606,-20.07708036061869,4.058038,-62.0,40.0,0.98854494,0.15176974,0.17172363,0.0001721688,32
79,2019-01-29,-44.177981326163845,-20.065533323053717,4.155007,-62.0,36.0,0.9964764,0.08401511,0.16623512,0.00018862613,32
86,2019-01-29,-44.157130032090976,-20.07235657252393,5.5788126,-60.0,36.0,0.99061596,0.13728343,0.15821503,0.00026863083,32
87,2019-01-29,-44.15365481641216,-20.08364117741698,4.423359,-62.0,40.0,0.9950991,0.0991742,0.17583664,0.00029401673,32
92,2019-01-29,-44.15365481641216,-20.08364117741698,4.133396,-62.0,40.0,0.99385124,0.11107637,0.1650057,0.00031562397,32
101,2019-01-29,-44.157130032090976,-20.07235657252393,6.2254753,-60.0,36.0,0.98830754,0.15364271,0.16259168,0.0002030594,32
102,2019-01-29,-44.1575161671664,-20.08482212444067,3.978999,-60.0,36.0,0.9933006,0.11592739,0.16052273,0.0002825142,32
106,2019-01-29,-44.158288437317246,-20.066320621069508,5.5028334,-60.0,40.0,0.96672195,0.260466,0.17711703,0.00022746764,32
107,2019-01-29,-44.150050889041545,-20.0858718551284,3.780694,-62.0,32.0,0.9972439,0.07430704,0.17113066,0.00025208955,32
108,2019-01-29,-44.095348420023214,-20.095581863989857,-13.923208,-26.0,-4.0,0.9112881,0.43588206,0.17609175,0.00035253962,32
109,2019-01-29,-44.15815972562544,-20.068026433437065,4.807849,-60.0,40.0,0.92887574,0.38277623,0.18616179,0.00031713524,32
111,2019-01-29,-44.15558549178928,-20.073143870539724,4.0864944,-58.0,40.0,0.9956475,0.093374655,0.16038811,0.00014709214,32
116,2019-01-29,-44.15597162686471,-20.07904860565818,5.637771,-60.0,40.0,0.98307085,0.18469657,0.19299243,0.00018906631,32
120,2019-01-29,-44.15442708656301,-20.0717004908441,3.749977,-60.0,40.0,0.98103976,0.19561706,0.18038051,0.0002138021,32
122,2019-01-29,-44.177981326163845,-20.065402106717748,3.5345042,-62.0,36.0,0.9920553,0.12631515,0.16516092,0.00013893403,32
124,2019-01-29,-44.16768439081922,-20.071831707180067,4.6503744,-58.0,40.0,0.9844347,0.17712511,0.16961817,0.00019569618,32
125,2019-01-29,-44.09316032126248,-20.103192411475867,1.1196555,-30.0,-28.0,0.9221537,0.4055343,0.18537693,0.00026284982,32
135,2019-01-29,-44.1575161671664,-20.08482212444067,4.1680546,-60.0,40.0,0.9926844,0.12122337,0.17335667,0.00032299763,32
166,2019-01-29,-44.16227849976329,-20.07301265420376,5.3986716,-60.0,40.0,0.9948693,0.10141454,0.17611928,0.0002781563,32
169,2019-01-29,-44.15906070746809,-20.06592697206161,3.098598,-62.0,36.0,0.96458185,0.26856968,0.1896261,7.7959645e-05,32
183,2019-01-29,-44.161892364687866,-20.07721157695466,4.962453,-60.0,40.0,0.98572654,0.16954353,0.20472775,0.00016644613,32
184,2019-01-29,-44.14914990719889,-20.083509961081013,4.225742,-62.0,24.0,0.92275953,0.39962417,0.18632154,0.00019650752,32
192,2019-01-29,-44.15558549178928,-20.073143870539724,4.560125,-58.0,36.0,0.96856844,0.2538515,0.20102504,0.00022607588,32
208,2019-01-29,-44.09547713171502,-20.096631594677586,8.7337,-16.0,-28.0,0.8838611,0.4968438,0.19951294,0.00028506762,32
209,2019-01-29,-44.09573455509864,-20.104242142163592,-0.33423126,-30.0,-32.0,0.99192834,0.12720996,0.20155519,0.00028709535,32
211,2019-01-29,-44.14824892535624,-20.08482212444067,3.915831,-62.0,36.0,0.97233886,0.23678724,0.1985304,0.00017741922,32
227,2019-01-29,-44.15172414103505,-20.083772393752945,4.447296,-62.0,40.0,0.9442581,0.34013498,0.17343715,0.00015305412,32
230,2019-01-29,-44.1558429151729,-20.078654956650283,6.137937,-58.0,40.0,0.99377,0.11183355,0.20406978,0.00019458176,32
234,2019-01-29,-44.09496228494779,-20.095319431317925,-16.588129,-30.0,-20.0,0.933926,0.3708147,0.21000704,0.00035274707,32
235,2019-01-29,-44.1672982557438,-20.07393116855552,6.5874352,-60.0,40.0,0.94888365,0.32600248,0.19429739,0.00019437468,32
250,2019-01-29,-44.1558429151729,-20.071831707180067,5.923688,-58.0,36.0,0.9687802,0.25208294,0.20764968,0.00012654542,32
262,2019-01-29,-44.15558549178928,-20.073143870539724,3.6517997,-60.0,40.0,0.9888833,0.14947388,0.214402,0.00019721958,32
279,2019-01-29,-44.15378352810397,-20.08390361008891,5.6019607,-62.0,40.0,0.9593733,0.28800502,0.1987492,0.00014123438,32
292,2019-01-29,-44.09277418618706,-20.09308875360651,11.508524,-62.0,-40.0,0.94386774,0.3385104,0.2108965,0.00015072811,32
294,2019-01-29,-44.150050889041545,-20.0858718551284,3.5138333,-62.0,40.0,0.99573416,0.09243322,0.20145847,0.00022659368,32
297,2019-01-29,-44.1509518708842,-20.07445603389938,3.9446452,-62.0,40.0,0.91531914,0.42315394,0.18903947,0.000473964,32
298,2019-01-29,-44.09573455509864,-20.104110925827623,1.5349952,-32.0,-32.0,0.9713802,0.24072301,0.20770803,0.00019924583,32
302,2019-01-29,-44.1509518708842,-20.07445603389938,3.6298764,-64.0,40.0,0.9010573,0.46399283,0.19030711,0.00030566705,32
307,2019-01-29,-44.15558549178928,-20.073143870539724,3.6878948,-60.0,36.0,0.94426954,0.33953795,0.21462357,0.0001921205,32
322,2019-01-29,-44.16150622961244,-20.065533323053717,3.7349937,-58.0,32.0,0.9559043,0.30019727,0.20587029,0.00021429466,32
326,2019-01-29,-44.158417149009054,-20.066714270077405,5.622927,-60.0,28.0,0.92922074,0.38275728,0.21405818,0.00021434038,32
334,2019-01-29,-44.14824892535624,-20.08482212444067,5.062158,-64.0,36.0,0.9591197,0.28854805,0.20624818,0.00011566065,32
341,2019-01-29,-44.093417744646096,-20.094138484294238,-15.163411,-30.0,0.0,0.9271192,0.38806647,0.20293237,0.00020528595,32
342,2019-01-29,-44.09573455509864,-20.104110925827623,-2.2025,-28.0,-32.0,0.967172,0.2586741,0.21095438,0.00017666417,32
343,2019-01-29,-44.094704861564175,-20.094663349638097,-15.387402,-30.0,-12.0,0.9320163,0.37439924,0.20520887,0.00024680147,32
350,2019-01-29,-44.15494193333024,-20.07143805817217,5.8236985,-60.0,32.0,0.9771433,0.21485306,0.2082436,0.000101412086,32
351,2019-01-29,-44.15365481641216,-20.083509961081013,4.0528026,-62.0,40.0,0.99176425,0.12863493,0.1975397,0.00024892512,32
354,2019-01-29,-44.095219708331406,-20.10188024811621,-0.10276519,-34.0,-40.0,0.85031635,0.56276417,0.19688289,0.0001462547,32
355,2019-01-29,-44.14721923182177,-20.07944225466608,7.869736,-62.0,40.0,0.9097379,0.4362786,0.20008743,0.0001692326,32
358,2019-01-29,-44.161892364687866,-20.076817927946763,3.3767,-60.0,40.0,0.97885114,0.2066355,0.2046915,0.00012147129,32
365,2019-01-29,-44.09483357325598,-20.095975512997757,-17.156385,-16.0,-16.0,0.87048537,0.5251366,0.2145026,0.00022786683,32
371,2019-01-29,-44.16150622961244,-20.065533323053717,5.653826,-58.0,36.0,0.96249855,0.27732918,0.21806788,0.00021408769,32
372,2019-01-29,-44.156615185323744,-20.07235657252393,6.2252045,-60.0,40.0,0.98747224,0.15874347,0.22571152,0.00016332245,32
376,2019-01-29,-44.177981326163845,-20.065533323053717,3.2055833,-64.0,40.0,0.98931545,0.14667082,0.2060611,0.0001226925,32
428,2019-01-29,-44.095348420023214,-20.099255921396896,18.345396,-34.0,-20.0,0.8599175,0.5520587,0.21099286,0.00021701,32
445,2019-01-29,-44.15030831242516,-20.084690908104704,2.6041653,-62.0,40.0,0.9537714,0.31028697,0.19998807,0.00011961138,32
451,2019-01-29,-44.095348420023214,-20.09269510459861,13.4997015,-50.0,-32.0,0.89500684,0.4699368,0.21193483,0.000103801125,32
452,2019-01-29,-44.1624072114551,-20.06658305374144,3.6903245,-60.0,36.0,0.99999905,0.0013166264,0.18705474,0.00012239197,32
454,2019-01-29,-44.161892364687866,-20.07721157695466,4.2201543,-60.0,40.0,0.98762494,0.15781839,0.21329112,0.000108521395,32
462,2019-01-29,-44.1492786188907,-20.083772393752945,5.534991,-62.0,36.0,0.9009371,0.45448023,0.21690197,0.00015435196,32
468,2019-01-29,-44.16768439081922,-20.071831707180067,5.0614457,-58.0,40.0,0.99912137,0.041926306,0.1979922,0.00025140448,32
469,2019-01-29,-44.156615185323744,-20.07235657252393,5.174189,-62.0,40.0,0.9884701,0.15216252,0.21888806,0.00014295946,32
475,2019-01-29,-44.16150622961244,-20.06684548641337,5.3289294,-60.0,40.0,0.9333956,0.37320685,0.20200405,0.00019318266,32
480,2019-01-29,-44.09573455509864,-20.10437335849956,0.85827994,-30.0,-28.0,0.97603565,0.21994607,0.22386426,0.00023246644,32
489,2019-01-29,-44.15378352810397,-20.0854782061205,3.4078577,-60.0,36.0,0.98614484,0.16707681,0.22113495,0.00015665224,32
498,2019-01-29,-44.16202107637967,-20.07760522596256,5.8893046,-60.0,40.0,0.9739393,0.22963941,0.22176117,0.00018630472,32
515,2019-01-29,-44.177981326163845,-20.065533323053717,4.6284966,-62.0,40.0,0.99098617,0.13457483,0.22828959,0.00014239682,32
517,2019-01-29,-44.16137751792064,-20.071044409164276,5.6924105,-58.0,40.0,0.9873319,0.16011351,0.20574138,0.000113239825,32
518,2019-01-29,-44.16202107637967,-20.07760522596256,6.094607,-60.0,36.0,0.9819957,0.19045453,0.2204059,0.00024409748,32
520,2019-01-29,-44.14992217734974,-20.08692158581612,9.814184,-60.0,32.0,0.9329311,0.37142602,0.22161011,0.00016959709,32
533,2019-01-29,-44.093546456337904,-20.09361361895037,15.124068,-54.0,-36.0,0.92416435,0.39691073,0.22529994,0.00012681105,32
538,2019-01-29,-44.15468450994663,-20.07904860565818,0.3919002,-60.0,40.0,0.9603823,0.28433818,0.2098461,7.573011e-05,32
547,2019-01-29,-44.1509518708842,-20.07432481756341,4.1282525,-62.0,40.0,0.90768754,0.43956012,0.21304497,0.00048326713,32
551,2019-01-29,-44.09431872648875,-20.09361361895037,10.929328,-60.0,-40.0,0.9269395,0.38688326,0.22368047,8.363042e-05,32
573,2019-01-29,-44.09715038370853,-20.10437335849956,-0.8670378,-26.0,-40.0,0.981993,0.19041304,0.21994461,0.00020242653,32
591,2019-01-29,-44.09637811355768,-20.10476700750745,1.4374307,-28.0,-28.0,0.88030064,0.50150853,0.24380408,0.00016093155,32
595,2019-01-29,-44.09277418618706,-20.09308875360651,8.932393,-60.0,-36.0,0.9506957,0.31798822,0.22435091,0.00015162292,32
597,2019-01-29,-44.094704861564175,-20.09361361895037,11.470717,-56.0,-40.0,0.9236856,0.39662957,0.221461,0.00016114896,32
617,2019-01-29,-44.095348420023214,-20.095581863989857,-15.756258,-28.0,-12.0,0.91071886,0.43331236,0.20454994,0.00030632524,32
621,2019-01-29,-44.095348420023214,-20.095581863989857,-17.923916,-30.0,-16.0,0.919275,0.40785578,0.221529,0.00037647443,32
631,2019-01-29,-44.150050889041545,-20.08574063879243,3.9053853,-62.0,32.0,0.96217763,0.27867618,0.2173203,0.00012443759,32
632,2019-01-29,-44.158417149009054,-20.066714270077405,5.999984,-62.0,32.0,0.9420799,0.3442246,0.21013477,0.0001555898,32
639,2019-01-29,-44.14721923182177,-20.07944225466608,6.775471,-62.0,40.0,0.9141801,0.42269146,0.23625557,0.00014431524,32
642,2019-01-29,-44.093417744646096,-20.09361361895037,15.848143,-50.0,-32.0,0.95720506,0.29472056,0.22483774,0.00017313514,32
659,2019-01-29,-44.09316032126248,-20.093876051622303,-12.932479,-26.0,0.0,0.9202357,0.41621837,0.23191184,0.0004714754,32
666,2019-01-29,-44.09612069017406,-20.098599839717068,7.8506,-32.0,-20.0,0.8369649,0.59542996,0.22777635,0.00024879372,32
674,2019-01-29,-44.15803101393363,-20.068026433437065,3.989073,-60.0,40.0,0.9488301,0.32394177,0.21363357,0.00017669244,32
687,2019-01-29,-44.095348420023214,-20.095844296661788,-15.957479,-26.0,-12.0,0.9264778,0.39259818,0.2429174,0.0003334301,32
689,2019-01-29,-44.094704861564175,-20.102273897124107,2.1754477,-40.0,-24.0,0.8999888,0.45509607,0.22149613,0.00017279296,32
699,2019-01-29,-44.09277418618706,-20.092957537270543,10.9190035,-60.0,-36.0,0.8248223,0.62379014,0.22112992,0.00010524349,32
704,2019-01-29,-44.16227849976329,-20.07301265420376,6.1072173,-60.0,40.0,0.9730441,0.23360339,0.21389751,0.00015998124,32
738,2019-01-29,-44.16137751792064,-20.071044409164276,8.408901,-58.0,40.0,0.9537537,0.30705687,0.21450779,8.5356805e-05,32
743,2019-01-29,-44.095219708331406,-20.10292997880393,-1.2173945,-34.0,-32.0,0.963839,0.27309382,0.2487394,0.00023321668,32
748,2019-01-29,-44.1672982557438,-20.073799952219552,6.421192,-60.0,40.0,0.9394868,0.35379896,0.2385987,0.00016835134,32
749,2019-01-29,-44.15970426592713,-20.064614808701958,5.664051,-60.0,36.0,0.9923783,0.1236501,0.23288263,0.00010213836,32
753,2019-01-29,-44.09444743818056,-20.09453213330213,-13.73591,-30.0,4.0,0.93633944,0.3616963,0.24223724,0.0002814164,32
772,2019-01-29,-44.093546456337904,-20.094400916966165,-10.558307,-26.0,12.0,0.9233013,0.3976936,0.23818585,0.00025641994,32
778,2019-01-29,-44.14824892535624,-20.084690908104704,3.3248992,-64.0,40.0,0.993268,0.11620175,0.217038,0.000119338845,32
781,2019-01-29,-44.09277418618706,-20.092957537270543,9.275691,-64.0,-40.0,0.9240293,0.3957767,0.23231132,0.00016137642,32
785,2019-01-29,-44.15648647363194,-20.07655549527483,6.426702,-58.0,32.0,0.947436,0.32984012,0.24211547,8.705073e-05,32
795,2019-01-29,-44.09740780709214,-20.10463579117149,-1.9115034,-30.0,-40.0,0.8850024,0.53440773,0.22723202,0.0001532011,32
800,2019-01-29,-44.1674269674356,-20.07432481756341,2.6784942,-60.0,40.0,0.99912155,0.04192622,0.23580386,0.00012518003,32
809,2019-01-29,-44.16163494130425,-20.076817927946763,2.450947,-60.0,40.0,0.9765173,0.21793333,0.2365612,0.00012580244,32
810,2019-01-29,-44.15906070746809,-20.06566453938968,1.5137162,-64.0,40.0,0.9807913,0.19675484,0.22297284,0.00012886837,32
812,2019-01-29,-44.09612069017406,-20.10463579117149,0.51100767,-32.0,-28.0,0.9810543,0.19555587,0.24058457,0.00018460231,32
815,2019-01-29,-44.09290289787887,-20.09361361895037,6.0006514,-34.0,-32.0,0.9477484,0.3269546,0.24155085,0.00027799365,32
817,2019-01-29,-44.15326868133674,-20.081935365049425,2.696896,-60.0,40.0,0.97455287,0.22695863,0.23753211,0.00013418394,32
819,2019-01-29,-44.15391223979578,-20.07025711114848,4.4286313,-58.0,40.0,0.96879125,0.251771,0.22422275,0.00012923428,32
826,2019-01-29,-44.09573455509864,-20.100436868420587,4.154004,-40.0,-32.0,0.85571986,0.5583373,0.24542302,0.00029766848,32
839,2019-01-29,-44.1541696631794,-20.07983590367397,6.657599,-60.0,40.0,0.9838538,0.18029623,0.23935002,0.00027133914,32
842,2019-01-29,-44.161892364687866,-20.07708036061869,4.416205,-62.0,36.0,0.98912096,0.14776096,0.22787876,9.263296e-05,32
843,2019-01-29,-44.09715038370853,-20.098731056053037,6.7029204,-42.0,-16.0,0.8399253,0.5894708,0.22958055,0.00012341807,32
849,2019-01-29,-44.09689296032491,-20.098862272389,16.417927,-40.0,-16.0,0.8082655,0.64302075,0.23864205,0.00013250821,32
878,2019-01-29,-44.15532806840567,-20.07944225466608,4.7741466,-60.0,40.0,0.98164153,0.19241036,0.24028865,0.00024076854,32
879,2019-01-29,-44.15172414103505,-20.083772393752945,3.9072545,-62.0,40.0,0.94224805,0.34635422,0.23466736,0.00017846754,32
881,2019-01-29,-44.09727909540033,-20.098731056053037,5.927207,-40.0,-16.0,0.8462761,0.57560474,0.22890337,7.089602e-05,32
902,2019-01-29,-44.09135835757717,-20.090201994215263,12.521082,-54.0,-32.0,0.9236139,0.3990633,0.23943725,0.00012808619,32
917,2019-01-29,-44.0917444926526,-20.09164537391089,8.993326,-66.0,-28.0,0.8399489,0.58606946,0.23359168,6.524553e-05,32
922,2019-01-29,-44.095863266790445,-20.09702524368548,8.739825,-32.0,-16.0,0.8334973,0.6023138,0.22462654,0.00019463511,32
953,2019-01-29,-44.09715038370853,-20.098862272389,15.444566,-42.0,-12.0,0.81594616,0.6319421,0.22483456,0.00016212075,32
988,2019-01-29,-44.1591894191599,-20.06592697206161,3.4965389,-64.0,36.0,0.9466307,0.33186823,0.23593827,9.492854e-05,32
991,2019-01-29,-44.1575161671664,-20.08482212444067,3.876027,-60.0,40.0,0.9994936,0.03182455,0.23950803,0.00027012592,32
1001,2019-01-29,-44.161892364687866,-20.076817927946763,4.3956666,-64.0,32.0,0.96615434,0.26191953,0.23441048,8.023096e-05,32
1002,2019-01-29,-44.09444743818056,-20.09492578231003,-18.676975,-34.0,-32.0,1.0,0.00039513933,0.22878867,0.00025367626,32
1010,2019-01-29,-44.15365481641216,-20.083509961081013,4.2943797,-62.0,40.0,0.99335134,0.11545927,0.23778822,0.00019389139,32
1020,2019-01-29,-44.16292205822233,-20.072094139852,4.0313354,-60.0,40.0,0.91512394,0.41756633,0.24028625,0.0001782693,32
1034,2019-01-29,-44.16202107637967,-20.07721157695466,6.448986,-60.0,40.0,0.981273,0.1944176,0.24814238,0.00010865971,32
1040,2019-01-29,-44.161892364687866,-20.07721157695466,8.9992,-60.0,40.0,0.96591824,0.26365894,0.2468073,0.00010343269,32
1050,2019-01-29,-44.09457614987237,-20.102405113460076,0.6949939,-38.0,-36.0,0.93953866,0.35215226,0.24512702,0.00030498733,32
1070,2019-01-29,-44.1575161671664,-20.08482212444067,3.5393891,-60.0,36.0,0.96219236,0.28010356,0.23884472,0.00017387042,32
1072,2019-01-29,-44.0917444926526,-20.09164537391089,7.6778092,-64.0,-36.0,0.91248626,0.42968604,0.23979232,7.8801335e-05,32
1076,2019-01-29,-44.15880328408448,-20.06592697206161,8.067213,-60.0,40.0,0.93656856,0.36525702,0.23667216,7.3392395e-05,32
1079,2019-01-29,-44.15391223979578,-20.07025711114848,4.4172063,-60.0,40.0,0.9695847,0.24850449,0.24799877,9.992429e-05,32
1091,2019-01-29,-44.158417149009054,-20.0850845571126,5.864538,-58.0,36.0,0.8887288,0.4815745,0.24550791,0.00012143039,32
1092,2019-01-29,-44.1509518708842,-20.07432481756341,3.6369135,-64.0,40.0,0.87775964,0.53542435,0.2352003,0.00030330935,32
1099,2019-01-29,-44.093546456337904,-20.09361361895037,15.01056,-52.0,-36.0,0.8961929,0.46807668,0.23183072,0.00010412827,32
1102,2019-01-29,-44.16292205822233,-20.072094139852,3.3224764,-60.0,40.0,0.91454065,0.42063314,0.23443252,0.00013330363,32
1108,2019-01-29,-44.14734794351358,-20.07878617298625,6.8071704,-60.0,40.0,0.99970615,0.02424301,0.23583807,8.263391e-05,32
1117,2019-01-29,-44.16768439081922,-20.071831707180067,4.264261,-58.0,36.0,0.981466,0.19336696,0.22862582,0.0001814576,32
1127,2019-01-29,-44.09264547449525,-20.09308875360651,9.827024,-62.0,-40.0,0.8971481,0.47378388,0.23896502,0.00011133063,32
1146,2019-01-29,-44.16034782438617,-20.068813731452856,6.6647635,-56.0,40.0,0.9864666,0.1649596,0.24976282,0.00036398857,32
1153,2019-01-29,-44.150050889041545,-20.0858718551284,4.139939,-62.0,36.0,0.99220043,0.1250837,0.2397805,0.00020716414,32
1155,2019-01-29,-44.09444743818056,-20.102011464452172,-0.9680423,-34.0,-40.0,0.92435986,0.39511356,0.23405898,0.00023943702,32
1159,2019-01-29,-44.093546456337904,-20.09400726795827,-13.504647,-28.0,0.0,0.9480586,0.3266401,0.24105251,0.00034425358,32
1163,2019-01-29,-44.09766523047576,-20.105029440179383,-0.52620286,-28.0,-40.0,0.9311042,0.37839893,0.24166062,0.0001920892,32
1174,2019-01-29,-44.095219708331406,-20.102011464452172,-2.5215971,-36.0,-40.0,0.9113488,0.42841828,0.24216647,0.00012990848,32
1181,2019-01-29,-44.09161578096079,-20.093219969942474,-13.794785,-28.0,-8.0,0.8859077,0.49635297,0.23633368,0.00021885987,32
1189,2019-01-29,-44.09715038370853,-20.098731056053037,17.391922,-42.0,-16.0,0.8359385,0.6007249,0.24258535,0.00012660914,32
1191,2019-01-29,-44.095219708331406,-20.095844296661788,-14.567903,-28.0,-12.0,0.8651284,0.5359111,0.24847127,0.00020080352,32
1197,2019-01-29,-44.16214978807148,-20.07616184626693,4.8335443,-60.0,40.0,0.9665673,0.26143262,0.24416661,0.00011817686,32
1204,2019-01-29,-44.093546456337904,-20.094400916966165,-13.155814,-26.0,0.0,0.93913746,0.35383812,0.24792047,0.0003644777,32
1217,2019-01-29,-44.16202107637967,-20.074718466571312,6.175838,-58.0,40.0,0.9690986,0.2505538,0.24575986,9.5118936e-05,32
1231,2019-01-29,-44.14992217734974,-20.08692158581612,13.059167,-60.0,32.0,0.9371452,0.3654364,0.24572617,0.00011899009,32
1247,2019-01-29,-44.094704861564175,-20.094663349638097,-14.577198,-30.0,-12.0,0.9238721,0.39515322,0.2348293,0.00022071703,32
1251,2019-01-29,-44.09251676280344,-20.093219969942474,19.244648,-48.0,-36.0,0.89386845,0.4703759,0.24224225,0.00015514281,32
1256,2019-01-29,-44.09483357325598,-20.093219969942474,16.110207,-52.0,-40.0,0.86129993,0.54238904,0.24783906,0.0001059604,32
1259,2019-01-29,-44.16227849976329,-20.072881437867792,5.1529045,-60.0,40.0,0.9829678,0.18534474,0.24443871,0.00014352797,32
1260,2019-01-29,-44.15481322163844,-20.071044409164276,4.9823337,-60.0,32.0,0.9734008,0.23258153,0.23211527,0.00010914595,32
1289,2019-01-29,-44.1541696631794,-20.07983590367397,5.726628,-60.0,40.0,0.9900696,0.14119089,0.24933314,0.00012980548,32
1290,2019-01-29,-44.095219708331406,-20.095319431317925,-15.757742,-28.0,-4.0,0.9366193,0.3611681,0.23686811,0.0001664893,32
1291,2019-01-29,-44.094704861564175,-20.09361361895037,10.954787,-54.0,-40.0,0.8996914,0.4565308,0.2475767,0.00012423437,32
1292,2019-01-29,-44.09303160957067,-20.09335118627844,14.779754,-52.0,-36.0,0.9403788,0.35013777,0.23605238,0.00015071555,32
1305,2019-01-29,-44.09715038370853,-20.098862272389,14.764692,-42.0,-8.0,0.83434314,0.59625983,0.23497155,0.00011737869,32
1313,2019-01-29,-44.1558429151729,-20.07340630321165,4.190693,-60.0,40.0,0.9211648,0.4038228,0.23622842,0.00013031399,32
1329,2019-01-29,-44.1509518708842,-20.07445603389938,10.63753,-62.0,40.0,0.91050994,0.4318001,0.2425376,0.00029912443,32
